[     131ms] [LOG] [Fast Refresh] rebuilding @ http://localhost:3000/_next/static/chunks/node_modules_next_dist_f3530cac._.js:2297
[     348ms] [LOG] [Fast Refresh] done in 331ms @ http://localhost:3000/_next/static/chunks/node_modules_next_dist_f3530cac._.js:2297
[     469ms] [VERBOSE] [DOM] Password field is not contained in a form: (More info: https://goo.gl/9p2vKq) %o @ http://localhost:3000/admin/users/effinity-E1FM9QoS0THCywJK:0
[     502ms] [INFO] %cDownload the React DevTools for a better development experience: https://react.dev/link/react-devtools font-weight:bold @ http://localhost:3000/_next/static/chunks/node_modules_next_dist_f3530cac._.js:2297
[     537ms] [LOG] [HMR] connected @ http://localhost:3000/_next/static/chunks/node_modules_next_dist_f3530cac._.js:2297
[     700ms] [LOG] [Fast Refresh] rebuilding @ http://localhost:3000/_next/static/chunks/node_modules_next_dist_f3530cac._.js:2297
[     872ms] [LOG] [Fast Refresh] done in 274ms @ http://localhost:3000/_next/static/chunks/node_modules_next_dist_f3530cac._.js:2297
[    6435ms] [LOG] [Fast Refresh] rebuilding @ http://localhost:3000/_next/static/chunks/node_modules_next_dist_f3530cac._.js:2297
[    6591ms] [LOG] [Fast Refresh] done in 260ms @ http://localhost:3000/_next/static/chunks/node_modules_next_dist_f3530cac._.js:2297
[  589806ms] [LOG] [Fast Refresh] rebuilding @ http://localhost:3000/_next/static/chunks/node_modules_next_dist_f3530cac._.js:2297
[  589915ms] [LOG] [Fast Refresh] done in 211ms @ http://localhost:3000/_next/static/chunks/node_modules_next_dist_f3530cac._.js:2297
[  652713ms] [LOG] [Fast Refresh] rebuilding @ http://localhost:3000/_next/static/chunks/node_modules_next_dist_f3530cac._.js:2297
[  653225ms] [LOG] [Fast Refresh] done in 187ms @ http://localhost:3000/_next/static/chunks/node_modules_next_dist_f3530cac._.js:2297
[  653343ms] [LOG] [Fast Refresh] rebuilding @ http://localhost:3000/_next/static/chunks/node_modules_next_dist_f3530cac._.js:2297
[  653665ms] [LOG] [Fast Refresh] done in 423ms @ http://localhost:3000/_next/static/chunks/node_modules_next_dist_f3530cac._.js:2297
[  653810ms] [LOG] [Fast Refresh] rebuilding @ http://localhost:3000/_next/static/chunks/node_modules_next_dist_f3530cac._.js:2297
[  654096ms] [LOG] [Fast Refresh] done in 391ms @ http://localhost:3000/_next/static/chunks/node_modules_next_dist_f3530cac._.js:2297
[  654598ms] [LOG] [Fast Refresh] rebuilding @ http://localhost:3000/_next/static/chunks/node_modules_next_dist_f3530cac._.js:2297
[  654612ms] [LOG] [Fast Refresh] done in 114ms @ http://localhost:3000/_next/static/chunks/node_modules_next_dist_f3530cac._.js:2297
[  655119ms] [LOG] [Fast Refresh] rebuilding @ http://localhost:3000/_next/static/chunks/node_modules_next_dist_f3530cac._.js:2297
[  655124ms] [LOG] [Fast Refresh] done in 105ms @ http://localhost:3000/_next/static/chunks/node_modules_next_dist_f3530cac._.js:2297
[  656409ms] [LOG] [Fast Refresh] rebuilding @ http://localhost:3000/_next/static/chunks/node_modules_next_dist_f3530cac._.js:2297
[  656444ms] [LOG] [Fast Refresh] done in 137ms @ http://localhost:3000/_next/static/chunks/node_modules_next_dist_f3530cac._.js:2297
[  656634ms] [LOG] [Fast Refresh] rebuilding @ http://localhost:3000/_next/static/chunks/node_modules_next_dist_f3530cac._.js:2297
[  656675ms] [LOG] [Fast Refresh] done in 142ms @ http://localhost:3000/_next/static/chunks/node_modules_next_dist_f3530cac._.js:2297
[  656925ms] [LOG] [Fast Refresh] rebuilding @ http://localhost:3000/_next/static/chunks/node_modules_next_dist_f3530cac._.js:2297
[  656938ms] [LOG] [Fast Refresh] done in 115ms @ http://localhost:3000/_next/static/chunks/node_modules_next_dist_f3530cac._.js:2297
[  657061ms] [LOG] [Fast Refresh] rebuilding @ http://localhost:3000/_next/static/chunks/node_modules_next_dist_f3530cac._.js:2297
[  657068ms] [LOG] [Fast Refresh] done in 110ms @ http://localhost:3000/_next/static/chunks/node_modules_next_dist_f3530cac._.js:2297
[  660750ms] [LOG] [Fast Refresh] rebuilding @ http://localhost:3000/_next/static/chunks/node_modules_next_dist_f3530cac._.js:2297
[  660999ms] [LOG] [Fast Refresh] done in 193ms @ http://localhost:3000/_next/static/chunks/node_modules_next_dist_f3530cac._.js:2297
[  661137ms] [LOG] [Fast Refresh] rebuilding @ http://localhost:3000/_next/static/chunks/node_modules_next_dist_f3530cac._.js:2297
[  661342ms] [LOG] [Fast Refresh] done in 311ms @ http://localhost:3000/_next/static/chunks/node_modules_next_dist_f3530cac._.js:2297
[  663076ms] [LOG] [Fast Refresh] rebuilding @ http://localhost:3000/_next/static/chunks/node_modules_next_dist_f3530cac._.js:2297
[  663082ms] [LOG] [Fast Refresh] done in 107ms @ http://localhost:3000/_next/static/chunks/node_modules_next_dist_f3530cac._.js:2297
[  669897ms] [LOG] [Fast Refresh] rebuilding @ http://localhost:3000/_next/static/chunks/node_modules_next_dist_f3530cac._.js:2297
[  669990ms] [LOG] [Fast Refresh] done in 197ms @ http://localhost:3000/_next/static/chunks/node_modules_next_dist_f3530cac._.js:2297
[  721509ms] [LOG] [Fast Refresh] rebuilding @ http://localhost:3000/_next/static/chunks/node_modules_next_dist_f3530cac._.js:2297
[  721603ms] [LOG] [Fast Refresh] done in 194ms @ http://localhost:3000/_next/static/chunks/node_modules_next_dist_f3530cac._.js:2297
[  728779ms] [LOG] [Fast Refresh] rebuilding @ http://localhost:3000/_next/static/chunks/node_modules_next_dist_f3530cac._.js:2297
[  729134ms] [LOG] [Fast Refresh] done in 232ms @ http://localhost:3000/_next/static/chunks/node_modules_next_dist_f3530cac._.js:2297
[  729379ms] [LOG] [Fast Refresh] rebuilding @ http://localhost:3000/_next/static/chunks/node_modules_next_dist_f3530cac._.js:2297
[  729510ms] [LOG] [Fast Refresh] done in 236ms @ http://localhost:3000/_next/static/chunks/node_modules_next_dist_f3530cac._.js:2297
[  730196ms] [LOG] [Fast Refresh] rebuilding @ http://localhost:3000/_next/static/chunks/node_modules_next_dist_f3530cac._.js:2297
[  730215ms] [LOG] [Fast Refresh] done in 124ms @ http://localhost:3000/_next/static/chunks/node_modules_next_dist_f3530cac._.js:2297
[  730741ms] [LOG] [Fast Refresh] rebuilding @ http://localhost:3000/_next/static/chunks/node_modules_next_dist_f3530cac._.js:2297
[  730771ms] [LOG] [Fast Refresh] done in 132ms @ http://localhost:3000/_next/static/chunks/node_modules_next_dist_f3530cac._.js:2297
[  731438ms] [LOG] [Fast Refresh] rebuilding @ http://localhost:3000/_next/static/chunks/node_modules_next_dist_f3530cac._.js:2297
[  731482ms] [LOG] [Fast Refresh] done in 149ms @ http://localhost:3000/_next/static/chunks/node_modules_next_dist_f3530cac._.js:2297
[  731784ms] [LOG] [Fast Refresh] rebuilding @ http://localhost:3000/_next/static/chunks/node_modules_next_dist_f3530cac._.js:2297
[  731807ms] [LOG] [Fast Refresh] done in 126ms @ http://localhost:3000/_next/static/chunks/node_modules_next_dist_f3530cac._.js:2297
[  733021ms] [LOG] [Fast Refresh] rebuilding @ http://localhost:3000/_next/static/chunks/node_modules_next_dist_f3530cac._.js:2297
[  733054ms] [LOG] [Fast Refresh] done in 135ms @ http://localhost:3000/_next/static/chunks/node_modules_next_dist_f3530cac._.js:2297
[  733159ms] [LOG] [Fast Refresh] rebuilding @ http://localhost:3000/_next/static/chunks/node_modules_next_dist_f3530cac._.js:2297
[  733160ms] [LOG] [Fast Refresh] done in 106ms @ http://localhost:3000/_next/static/chunks/node_modules_next_dist_f3530cac._.js:2297
[  733911ms] [LOG] [Fast Refresh] rebuilding @ http://localhost:3000/_next/static/chunks/node_modules_next_dist_f3530cac._.js:2297
[  733919ms] [LOG] [Fast Refresh] done in 108ms @ http://localhost:3000/_next/static/chunks/node_modules_next_dist_f3530cac._.js:2297
[  734888ms] [LOG] [Fast Refresh] rebuilding @ http://localhost:3000/_next/static/chunks/node_modules_next_dist_f3530cac._.js:2297
[  734924ms] [LOG] [Fast Refresh] done in 142ms @ http://localhost:3000/_next/static/chunks/node_modules_next_dist_f3530cac._.js:2297
[  735376ms] [LOG] [Fast Refresh] rebuilding @ http://localhost:3000/_next/static/chunks/node_modules_next_dist_f3530cac._.js:2297
[  735426ms] [LOG] [Fast Refresh] done in 150ms @ http://localhost:3000/_next/static/chunks/node_modules_next_dist_f3530cac._.js:2297
[  736553ms] [LOG] [Fast Refresh] rebuilding @ http://localhost:3000/_next/static/chunks/node_modules_next_dist_f3530cac._.js:2297
[  736559ms] [LOG] [Fast Refresh] done in 108ms @ http://localhost:3000/_next/static/chunks/node_modules_next_dist_f3530cac._.js:2297
[  736705ms] [LOG] [Fast Refresh] rebuilding @ http://localhost:3000/_next/static/chunks/node_modules_next_dist_f3530cac._.js:2297
[  736742ms] [LOG] [Fast Refresh] done in 140ms @ http://localhost:3000/_next/static/chunks/node_modules_next_dist_f3530cac._.js:2297
[  738063ms] [LOG] [Fast Refresh] rebuilding @ http://localhost:3000/_next/static/chunks/node_modules_next_dist_f3530cac._.js:2297
[  738064ms] [LOG] [Fast Refresh] done in 102ms @ http://localhost:3000/_next/static/chunks/node_modules_next_dist_f3530cac._.js:2297
[  739032ms] [LOG] [Fast Refresh] rebuilding @ http://localhost:3000/_next/static/chunks/node_modules_next_dist_f3530cac._.js:2297
[  739052ms] [LOG] [Fast Refresh] done in 120ms @ http://localhost:3000/_next/static/chunks/node_modules_next_dist_f3530cac._.js:2297
[  739324ms] [LOG] [Fast Refresh] rebuilding @ http://localhost:3000/_next/static/chunks/node_modules_next_dist_f3530cac._.js:2297
[  739655ms] [LOG] [Fast Refresh] done in 433ms @ http://localhost:3000/_next/static/chunks/node_modules_next_dist_f3530cac._.js:2297
[  739875ms] [LOG] [Fast Refresh] rebuilding @ http://localhost:3000/_next/static/chunks/node_modules_next_dist_f3530cac._.js:2297
[  739888ms] [LOG] [Fast Refresh] done in 117ms @ http://localhost:3000/_next/static/chunks/node_modules_next_dist_f3530cac._.js:2297
[  740418ms] [LOG] [Fast Refresh] rebuilding @ http://localhost:3000/_next/static/chunks/node_modules_next_dist_f3530cac._.js:2297
[  740485ms] [LOG] [Fast Refresh] done in 167ms @ http://localhost:3000/_next/static/chunks/node_modules_next_dist_f3530cac._.js:2297
[  740960ms] [LOG] [Fast Refresh] rebuilding @ http://localhost:3000/_next/static/chunks/node_modules_next_dist_f3530cac._.js:2297
[  740984ms] [LOG] [Fast Refresh] done in 125ms @ http://localhost:3000/_next/static/chunks/node_modules_next_dist_f3530cac._.js:2297
[  741541ms] [LOG] [Fast Refresh] rebuilding @ http://localhost:3000/_next/static/chunks/node_modules_next_dist_f3530cac._.js:2297
[  741638ms] [LOG] [Fast Refresh] done in 197ms @ http://localhost:3000/_next/static/chunks/node_modules_next_dist_f3530cac._.js:2297
[  741741ms] [LOG] [Fast Refresh] rebuilding @ http://localhost:3000/_next/static/chunks/node_modules_next_dist_f3530cac._.js:2297
[  741750ms] [LOG] [Fast Refresh] done in 111ms @ http://localhost:3000/_next/static/chunks/node_modules_next_dist_f3530cac._.js:2297
[  742281ms] [LOG] [Fast Refresh] rebuilding @ http://localhost:3000/_next/static/chunks/node_modules_next_dist_f3530cac._.js:2297
[  742291ms] [LOG] [Fast Refresh] done in 111ms @ http://localhost:3000/_next/static/chunks/node_modules_next_dist_f3530cac._.js:2297
[  742474ms] [LOG] [Fast Refresh] rebuilding @ http://localhost:3000/_next/static/chunks/node_modules_next_dist_f3530cac._.js:2297
[  742512ms] [LOG] [Fast Refresh] done in 139ms @ http://localhost:3000/_next/static/chunks/node_modules_next_dist_f3530cac._.js:2297
[  743008ms] [LOG] [Fast Refresh] rebuilding @ http://localhost:3000/_next/static/chunks/node_modules_next_dist_f3530cac._.js:2297
[  743009ms] [LOG] [Fast Refresh] done in 105ms @ http://localhost:3000/_next/static/chunks/node_modules_next_dist_f3530cac._.js:2297
[  743130ms] [LOG] [Fast Refresh] rebuilding @ http://localhost:3000/_next/static/chunks/node_modules_next_dist_f3530cac._.js:2297
[  743138ms] [LOG] [Fast Refresh] done in 109ms @ http://localhost:3000/_next/static/chunks/node_modules_next_dist_f3530cac._.js:2297
[  743242ms] [LOG] [Fast Refresh] rebuilding @ http://localhost:3000/_next/static/chunks/node_modules_next_dist_f3530cac._.js:2297
[  743252ms] [LOG] [Fast Refresh] done in 113ms @ http://localhost:3000/_next/static/chunks/node_modules_next_dist_f3530cac._.js:2297
[  743808ms] [LOG] [Fast Refresh] rebuilding @ http://localhost:3000/_next/static/chunks/node_modules_next_dist_f3530cac._.js:2297
[  743814ms] [LOG] [Fast Refresh] done in 106ms @ http://localhost:3000/_next/static/chunks/node_modules_next_dist_f3530cac._.js:2297
[  745796ms] [LOG] [Fast Refresh] rebuilding @ http://localhost:3000/_next/static/chunks/node_modules_next_dist_f3530cac._.js:2297
[  745816ms] [LOG] [Fast Refresh] done in 121ms @ http://localhost:3000/_next/static/chunks/node_modules_next_dist_f3530cac._.js:2297
[  746753ms] [LOG] [Fast Refresh] rebuilding @ http://localhost:3000/_next/static/chunks/node_modules_next_dist_f3530cac._.js:2297
[  746754ms] [LOG] [Fast Refresh] done in 101ms @ http://localhost:3000/_next/static/chunks/node_modules_next_dist_f3530cac._.js:2297
[  747160ms] [LOG] [Fast Refresh] rebuilding @ http://localhost:3000/_next/static/chunks/node_modules_next_dist_f3530cac._.js:2297
[  747230ms] [LOG] [Fast Refresh] done in 170ms @ http://localhost:3000/_next/static/chunks/node_modules_next_dist_f3530cac._.js:2297
[  747638ms] [LOG] [Fast Refresh] rebuilding @ http://localhost:3000/_next/static/chunks/node_modules_next_dist_f3530cac._.js:2297
[  747644ms] [LOG] [Fast Refresh] done in 108ms @ http://localhost:3000/_next/static/chunks/node_modules_next_dist_f3530cac._.js:2297
[  747759ms] [LOG] [Fast Refresh] rebuilding @ http://localhost:3000/_next/static/chunks/node_modules_next_dist_f3530cac._.js:2297
[  747763ms] [LOG] [Fast Refresh] done in 106ms @ http://localhost:3000/_next/static/chunks/node_modules_next_dist_f3530cac._.js:2297
[  748631ms] [LOG] [Fast Refresh] rebuilding @ http://localhost:3000/_next/static/chunks/node_modules_next_dist_f3530cac._.js:2297
[  749202ms] [LOG] [Fast Refresh] done in 670ms @ http://localhost:3000/_next/static/chunks/node_modules_next_dist_f3530cac._.js:2297
[  749390ms] [LOG] [Fast Refresh] rebuilding @ http://localhost:3000/_next/static/chunks/node_modules_next_dist_f3530cac._.js:2297
[  749514ms] [LOG] [Fast Refresh] done in 227ms @ http://localhost:3000/_next/static/chunks/node_modules_next_dist_f3530cac._.js:2297
[  757759ms] [LOG] [Fast Refresh] rebuilding @ http://localhost:3000/_next/static/chunks/node_modules_next_dist_f3530cac._.js:2297
[  757867ms] [LOG] [Fast Refresh] done in 212ms @ http://localhost:3000/_next/static/chunks/node_modules_next_dist_f3530cac._.js:2297
[  766822ms] [LOG] [Fast Refresh] rebuilding @ http://localhost:3000/_next/static/chunks/node_modules_next_dist_f3530cac._.js:2297
[  767134ms] [LOG] [Fast Refresh] done in 175ms @ http://localhost:3000/_next/static/chunks/node_modules_next_dist_f3530cac._.js:2297
[  767255ms] [LOG] [Fast Refresh] rebuilding @ http://localhost:3000/_next/static/chunks/node_modules_next_dist_f3530cac._.js:2297
[  767261ms] [LOG] [Fast Refresh] done in 110ms @ http://localhost:3000/_next/static/chunks/node_modules_next_dist_f3530cac._.js:2297
[  773717ms] [LOG] [Fast Refresh] rebuilding @ http://localhost:3000/_next/static/chunks/node_modules_next_dist_f3530cac._.js:2297
[  774030ms] [LOG] [Fast Refresh] done in 179ms @ http://localhost:3000/_next/static/chunks/node_modules_next_dist_f3530cac._.js:2297
[  774136ms] [LOG] [Fast Refresh] rebuilding @ http://localhost:3000/_next/static/chunks/node_modules_next_dist_f3530cac._.js:2297
[  774209ms] [LOG] [Fast Refresh] done in 175ms @ http://localhost:3000/_next/static/chunks/node_modules_next_dist_f3530cac._.js:2297
[  816322ms] [VERBOSE] [DOM] Password field is not contained in a form: (More info: https://goo.gl/9p2vKq) %o @ http://localhost:3000/admin/users/effinity-cSSh0OU_-SEiIVwb:0
[  856330ms] [LOG] [Fast Refresh] rebuilding @ http://localhost:3000/_next/static/chunks/node_modules_next_dist_f3530cac._.js:2297
[  856623ms] [LOG] [Fast Refresh] done in 390ms @ http://localhost:3000/_next/static/chunks/node_modules_next_dist_f3530cac._.js:2297
[  860143ms] [LOG] [Fast Refresh] rebuilding @ http://localhost:3000/_next/static/chunks/node_modules_next_dist_f3530cac._.js:2297
[  860217ms] [LOG] [Fast Refresh] done in 179ms @ http://localhost:3000/_next/static/chunks/node_modules_next_dist_f3530cac._.js:2297
[  860344ms] [VERBOSE] [DOM] Password field is not contained in a form: (More info: https://goo.gl/9p2vKq) %o @ http://localhost:3000/admin/users/effinity-cSSh0OU_-SEiIVwb:0
[  860383ms] [INFO] %cDownload the React DevTools for a better development experience: https://react.dev/link/react-devtools font-weight:bold @ http://localhost:3000/_next/static/chunks/node_modules_next_dist_f3530cac._.js:2297
[  860434ms] [LOG] [HMR] connected @ http://localhost:3000/_next/static/chunks/node_modules_next_dist_f3530cac._.js:2297
[  894253ms] [LOG] [Fast Refresh] rebuilding @ http://localhost:3000/_next/static/chunks/node_modules_next_dist_f3530cac._.js:2297
[  894408ms] [LOG] [Fast Refresh] done in 233ms @ http://localhost:3000/_next/static/chunks/node_modules_next_dist_f3530cac._.js:2297
[  902022ms] [LOG] [Fast Refresh] rebuilding @ http://localhost:3000/_next/static/chunks/node_modules_next_dist_f3530cac._.js:2297
[  902253ms] [LOG] [Fast Refresh] done in 322ms @ http://localhost:3000/_next/static/chunks/node_modules_next_dist_f3530cac._.js:2297
[  959122ms] [LOG] [Fast Refresh] rebuilding @ http://localhost:3000/_next/static/chunks/node_modules_next_dist_f3530cac._.js:2297
[  959196ms] [LOG] [Fast Refresh] done in 176ms @ http://localhost:3000/_next/static/chunks/node_modules_next_dist_f3530cac._.js:2297
[ 1206581ms] [LOG] [Fast Refresh] rebuilding @ http://localhost:3000/_next/static/chunks/node_modules_next_dist_f3530cac._.js:2297
[ 1206627ms] [LOG] [Fast Refresh] done in 156ms @ http://localhost:3000/_next/static/chunks/node_modules_next_dist_f3530cac._.js:2297
[ 1213592ms] [LOG] [Fast Refresh] rebuilding @ http://localhost:3000/_next/static/chunks/node_modules_next_dist_f3530cac._.js:2297
[ 1213640ms] [LOG] [Fast Refresh] done in 153ms @ http://localhost:3000/_next/static/chunks/node_modules_next_dist_f3530cac._.js:2297
[ 1217572ms] [LOG] [Fast Refresh] rebuilding @ http://localhost:3000/_next/static/chunks/node_modules_next_dist_f3530cac._.js:2297
[ 1217836ms] [LOG] [Fast Refresh] done in 367ms @ http://localhost:3000/_next/static/chunks/node_modules_next_dist_f3530cac._.js:2297
[ 1372529ms] [LOG] [Fast Refresh] rebuilding @ http://localhost:3000/_next/static/chunks/node_modules_next_dist_f3530cac._.js:2297
[ 1372572ms] [LOG] [Fast Refresh] done in 144ms @ http://localhost:3000/_next/static/chunks/node_modules_next_dist_f3530cac._.js:2297
[ 1412402ms] [LOG] [Fast Refresh] rebuilding @ http://localhost:3000/_next/static/chunks/node_modules_next_dist_f3530cac._.js:2297
[ 1412407ms] [LOG] [Fast Refresh] done in 105ms @ http://localhost:3000/_next/static/chunks/node_modules_next_dist_f3530cac._.js:2297
[ 1417501ms] [LOG] [Fast Refresh] rebuilding @ http://localhost:3000/_next/static/chunks/node_modules_next_dist_f3530cac._.js:2297
[ 1417561ms] [LOG] [Fast Refresh] done in 163ms @ http://localhost:3000/_next/static/chunks/node_modules_next_dist_f3530cac._.js:2297
[ 1436991ms] [LOG] [HMR] connected @ http://localhost:3000/_next/static/chunks/node_modules_next_dist_f3530cac._.js:2297
[ 1443194ms] [INFO] %cDownload the React DevTools for a better development experience: https://react.dev/link/react-devtools font-weight:bold @ http://localhost:3000/_next/static/chunks/node_modules_next_dist_f3530cac._.js:2297
[ 1443224ms] [LOG] [HMR] connected @ http://localhost:3000/_next/static/chunks/node_modules_next_dist_f3530cac._.js:2297
[ 2073474ms] [LOG] [Fast Refresh] rebuilding @ http://localhost:3000/_next/static/chunks/node_modules_next_dist_f3530cac._.js:2297
[ 2074510ms] [LOG] [Fast Refresh] done in 1107ms @ http://localhost:3000/_next/static/chunks/node_modules_next_dist_f3530cac._.js:2297
[ 2081730ms] [LOG] [Fast Refresh] rebuilding @ http://localhost:3000/_next/static/chunks/node_modules_next_dist_f3530cac._.js:2297
[ 2081888ms] [LOG] [Fast Refresh] done in 182ms @ http://localhost:3000/_next/static/chunks/node_modules_next_dist_f3530cac._.js:2297
[ 2110196ms] [LOG] [Fast Refresh] rebuilding @ http://localhost:3000/_next/static/chunks/node_modules_next_dist_f3530cac._.js:2297
[ 2110324ms] [LOG] [Fast Refresh] done in 230ms @ http://localhost:3000/_next/static/chunks/node_modules_next_dist_f3530cac._.js:2297
[ 2116269ms] [LOG] [Fast Refresh] rebuilding @ http://localhost:3000/_next/static/chunks/node_modules_next_dist_f3530cac._.js:2297
[ 2116382ms] [LOG] [Fast Refresh] done in 213ms @ http://localhost:3000/_next/static/chunks/node_modules_next_dist_f3530cac._.js:2297
[ 2156008ms] [LOG] [Fast Refresh] rebuilding @ http://localhost:3000/_next/static/chunks/node_modules_next_dist_f3530cac._.js:2297
[ 2156350ms] [LOG] [Fast Refresh] done in 214ms @ http://localhost:3000/_next/static/chunks/node_modules_next_dist_f3530cac._.js:2297
[ 2165274ms] [LOG] [Fast Refresh] rebuilding @ http://localhost:3000/_next/static/chunks/node_modules_next_dist_f3530cac._.js:2297
[ 2165522ms] [LOG] [Fast Refresh] done in 343ms @ http://localhost:3000/_next/static/chunks/node_modules_next_dist_f3530cac._.js:2297
[ 2177801ms] [LOG] [Fast Refresh] rebuilding @ http://localhost:3000/_next/static/chunks/node_modules_next_dist_f3530cac._.js:2297
[ 2178004ms] [LOG] [Fast Refresh] done in 281ms @ http://localhost:3000/_next/static/chunks/node_modules_next_dist_f3530cac._.js:2297
[ 2188683ms] [LOG] [Fast Refresh] rebuilding @ http://localhost:3000/_next/static/chunks/node_modules_next_dist_f3530cac._.js:2297
[ 2188870ms] [LOG] [Fast Refresh] done in 289ms @ http://localhost:3000/_next/static/chunks/node_modules_next_dist_f3530cac._.js:2297
[ 2198352ms] [LOG] [Fast Refresh] rebuilding @ http://localhost:3000/_next/static/chunks/node_modules_next_dist_f3530cac._.js:2297
[ 2198467ms] [LOG] [Fast Refresh] done in 214ms @ http://localhost:3000/_next/static/chunks/node_modules_next_dist_f3530cac._.js:2297
[ 2274394ms] [LOG] [Fast Refresh] rebuilding @ http://localhost:3000/_next/static/chunks/node_modules_next_dist_f3530cac._.js:2297
[ 2274422ms] [LOG] [Fast Refresh] done in 130ms @ http://localhost:3000/_next/static/chunks/node_modules_next_dist_f3530cac._.js:2297
[ 2334229ms] [LOG] [Fast Refresh] rebuilding @ http://localhost:3000/_next/static/chunks/node_modules_next_dist_f3530cac._.js:2297
[ 2334490ms] [LOG] [Fast Refresh] done in 167ms @ http://localhost:3000/_next/static/chunks/node_modules_next_dist_f3530cac._.js:2297
[ 2334594ms] [LOG] [Fast Refresh] rebuilding @ http://localhost:3000/_next/static/chunks/node_modules_next_dist_f3530cac._.js:2297
[ 2334720ms] [LOG] [Fast Refresh] done in 226ms @ http://localhost:3000/_next/static/chunks/node_modules_next_dist_f3530cac._.js:2297
[ 2539334ms] [LOG] [Fast Refresh] rebuilding @ http://localhost:3000/_next/static/chunks/node_modules_next_dist_f3530cac._.js:2297
[ 2539508ms] [LOG] [Fast Refresh] done in 276ms @ http://localhost:3000/_next/static/chunks/node_modules_next_dist_f3530cac._.js:2297
[ 2583197ms] [LOG] [Fast Refresh] rebuilding @ http://localhost:3000/_next/static/chunks/node_modules_next_dist_f3530cac._.js:2297
[ 2583231ms] [LOG] [Fast Refresh] done in 136ms @ http://localhost:3000/_next/static/chunks/node_modules_next_dist_f3530cac._.js:2297
[ 2611679ms] [LOG] [Fast Refresh] rebuilding @ http://localhost:3000/_next/static/chunks/node_modules_next_dist_f3530cac._.js:2297
[ 2612078ms] [LOG] [Fast Refresh] done in 504ms @ http://localhost:3000/_next/static/chunks/node_modules_next_dist_f3530cac._.js:2297
[ 2627212ms] [LOG] [Fast Refresh] rebuilding @ http://localhost:3000/_next/static/chunks/node_modules_next_dist_f3530cac._.js:2297
[ 2627355ms] [LOG] [Fast Refresh] done in 217ms @ http://localhost:3000/_next/static/chunks/node_modules_next_dist_f3530cac._.js:2297
[ 2681137ms] [LOG] [Fast Refresh] rebuilding @ http://localhost:3000/_next/static/chunks/node_modules_next_dist_f3530cac._.js:2297
[ 2681249ms] [LOG] [Fast Refresh] done in 214ms @ http://localhost:3000/_next/static/chunks/node_modules_next_dist_f3530cac._.js:2297
[ 2699471ms] [LOG] [Fast Refresh] rebuilding @ http://localhost:3000/_next/static/chunks/node_modules_next_dist_f3530cac._.js:2297
[ 2699517ms] [LOG] [Fast Refresh] done in 146ms @ http://localhost:3000/_next/static/chunks/node_modules_next_dist_f3530cac._.js:2297
[ 2863317ms] [LOG] [Fast Refresh] rebuilding @ http://localhost:3000/_next/static/chunks/node_modules_next_dist_f3530cac._.js:2297
[ 2863450ms] [LOG] [Fast Refresh] done in 208ms @ http://localhost:3000/_next/static/chunks/node_modules_next_dist_f3530cac._.js:2297
[ 2871650ms] [LOG] [Fast Refresh] rebuilding @ http://localhost:3000/_next/static/chunks/node_modules_next_dist_f3530cac._.js:2297
[ 2871902ms] [LOG] [Fast Refresh] done in 327ms @ http://localhost:3000/_next/static/chunks/node_modules_next_dist_f3530cac._.js:2297
[ 2896019ms] [LOG] [Fast Refresh] rebuilding @ http://localhost:3000/_next/static/chunks/node_modules_next_dist_f3530cac._.js:2297
[ 2896296ms] [LOG] [Fast Refresh] done in 352ms @ http://localhost:3000/_next/static/chunks/node_modules_next_dist_f3530cac._.js:2297
[ 2915946ms] [LOG] [Fast Refresh] rebuilding @ http://localhost:3000/_next/static/chunks/node_modules_next_dist_f3530cac._.js:2297
[ 2916209ms] [LOG] [Fast Refresh] done in 342ms @ http://localhost:3000/_next/static/chunks/node_modules_next_dist_f3530cac._.js:2297
[ 3069168ms] [LOG] [Fast Refresh] rebuilding @ http://localhost:3000/_next/static/chunks/node_modules_next_dist_f3530cac._.js:2297
[ 3069444ms] [LOG] [Fast Refresh] done in 352ms @ http://localhost:3000/_next/static/chunks/node_modules_next_dist_f3530cac._.js:2297
[ 3084004ms] [LOG] [Fast Refresh] rebuilding @ http://localhost:3000/_next/static/chunks/node_modules_next_dist_f3530cac._.js:2297
[ 3084242ms] [LOG] [Fast Refresh] done in 312ms @ http://localhost:3000/_next/static/chunks/node_modules_next_dist_f3530cac._.js:2297
[ 3098109ms] [LOG] [Fast Refresh] rebuilding @ http://localhost:3000/_next/static/chunks/node_modules_next_dist_f3530cac._.js:2297
[ 3098326ms] [LOG] [Fast Refresh] done in 307ms @ http://localhost:3000/_next/static/chunks/node_modules_next_dist_f3530cac._.js:2297
[ 3106431ms] [LOG] [Fast Refresh] rebuilding @ http://localhost:3000/_next/static/chunks/node_modules_next_dist_f3530cac._.js:2297
[ 3106617ms] [LOG] [Fast Refresh] done in 262ms @ http://localhost:3000/_next/static/chunks/node_modules_next_dist_f3530cac._.js:2297
[ 3114106ms] [LOG] [Fast Refresh] rebuilding @ http://localhost:3000/_next/static/chunks/node_modules_next_dist_f3530cac._.js:2297
[ 3114311ms] [LOG] [Fast Refresh] done in 280ms @ http://localhost:3000/_next/static/chunks/node_modules_next_dist_f3530cac._.js:2297
[ 3237029ms] [LOG] [Fast Refresh] rebuilding @ http://localhost:3000/_next/static/chunks/node_modules_next_dist_f3530cac._.js:2297
[ 3237324ms] [LOG] [Fast Refresh] done in 371ms @ http://localhost:3000/_next/static/chunks/node_modules_next_dist_f3530cac._.js:2297
[ 3254158ms] [LOG] [Fast Refresh] rebuilding @ http://localhost:3000/_next/static/chunks/node_modules_next_dist_f3530cac._.js:2297
[ 3254391ms] [LOG] [Fast Refresh] done in 313ms @ http://localhost:3000/_next/static/chunks/node_modules_next_dist_f3530cac._.js:2297
[ 3262455ms] [LOG] [Fast Refresh] rebuilding @ http://localhost:3000/_next/static/chunks/node_modules_next_dist_f3530cac._.js:2297
[ 3262674ms] [LOG] [Fast Refresh] done in 297ms @ http://localhost:3000/_next/static/chunks/node_modules_next_dist_f3530cac._.js:2297
[ 3270152ms] [LOG] [Fast Refresh] rebuilding @ http://localhost:3000/_next/static/chunks/node_modules_next_dist_f3530cac._.js:2297
[ 3270325ms] [LOG] [Fast Refresh] done in 249ms @ http://localhost:3000/_next/static/chunks/node_modules_next_dist_f3530cac._.js:2297
[ 3278173ms] [LOG] [Fast Refresh] rebuilding @ http://localhost:3000/_next/static/chunks/node_modules_next_dist_f3530cac._.js:2297
[ 3278282ms] [LOG] [Fast Refresh] done in 187ms @ http://localhost:3000/_next/static/chunks/node_modules_next_dist_f3530cac._.js:2297
[ 3285328ms] [LOG] [Fast Refresh] rebuilding @ http://localhost:3000/_next/static/chunks/node_modules_next_dist_f3530cac._.js:2297
[ 3285523ms] [LOG] [Fast Refresh] done in 271ms @ http://localhost:3000/_next/static/chunks/node_modules_next_dist_f3530cac._.js:2297
[ 3297102ms] [LOG] [Fast Refresh] rebuilding @ http://localhost:3000/_next/static/chunks/node_modules_next_dist_f3530cac._.js:2297
[ 3297304ms] [LOG] [Fast Refresh] done in 294ms @ http://localhost:3000/_next/static/chunks/node_modules_next_dist_f3530cac._.js:2297
[ 3306068ms] [LOG] [Fast Refresh] rebuilding @ http://localhost:3000/_next/static/chunks/node_modules_next_dist_f3530cac._.js:2297
[ 3306191ms] [LOG] [Fast Refresh] done in 213ms @ http://localhost:3000/_next/static/chunks/node_modules_next_dist_f3530cac._.js:2297
[ 3333782ms] [LOG] [Fast Refresh] rebuilding @ http://localhost:3000/_next/static/chunks/node_modules_next_dist_f3530cac._.js:2297
[ 3333971ms] [LOG] [Fast Refresh] done in 266ms @ http://localhost:3000/_next/static/chunks/node_modules_next_dist_f3530cac._.js:2297
[ 3342339ms] [LOG] [Fast Refresh] rebuilding @ http://localhost:3000/_next/static/chunks/node_modules_next_dist_f3530cac._.js:2297
[ 3342464ms] [LOG] [Fast Refresh] done in 215ms @ http://localhost:3000/_next/static/chunks/node_modules_next_dist_f3530cac._.js:2297
[ 3374793ms] [LOG] [Fast Refresh] rebuilding @ http://localhost:3000/_next/static/chunks/node_modules_next_dist_f3530cac._.js:2297
[ 3375010ms] [LOG] [Fast Refresh] done in 297ms @ http://localhost:3000/_next/static/chunks/node_modules_next_dist_f3530cac._.js:2297
[ 3381272ms] [LOG] [Fast Refresh] rebuilding @ http://localhost:3000/_next/static/chunks/node_modules_next_dist_f3530cac._.js:2297
[ 3381443ms] [LOG] [Fast Refresh] done in 250ms @ http://localhost:3000/_next/static/chunks/node_modules_next_dist_f3530cac._.js:2297
[ 3387514ms] [LOG] [Fast Refresh] rebuilding @ http://localhost:3000/_next/static/chunks/node_modules_next_dist_f3530cac._.js:2297
[ 3387740ms] [LOG] [Fast Refresh] done in 303ms @ http://localhost:3000/_next/static/chunks/node_modules_next_dist_f3530cac._.js:2297
[ 3425792ms] [LOG] [Fast Refresh] rebuilding @ http://localhost:3000/_next/static/chunks/node_modules_next_dist_f3530cac._.js:2297
[ 3425833ms] [LOG] [Fast Refresh] done in 141ms @ http://localhost:3000/_next/static/chunks/node_modules_next_dist_f3530cac._.js:2297
[ 3588971ms] [LOG] [Fast Refresh] rebuilding @ http://localhost:3000/_next/static/chunks/node_modules_next_dist_f3530cac._.js:2297
[ 3589182ms] [LOG] [Fast Refresh] done in 289ms @ http://localhost:3000/_next/static/chunks/node_modules_next_dist_f3530cac._.js:2297
[ 3603437ms] [LOG] [Fast Refresh] rebuilding @ http://localhost:3000/_next/static/chunks/node_modules_next_dist_f3530cac._.js:2297
[ 3603684ms] [LOG] [Fast Refresh] done in 343ms @ http://localhost:3000/_next/static/chunks/node_modules_next_dist_f3530cac._.js:2297
[ 3613371ms] [LOG] [Fast Refresh] rebuilding @ http://localhost:3000/_next/static/chunks/node_modules_next_dist_f3530cac._.js:2297
[ 3613529ms] [LOG] [Fast Refresh] done in 235ms @ http://localhost:3000/_next/static/chunks/node_modules_next_dist_f3530cac._.js:2297
[ 3621061ms] [LOG] [Fast Refresh] rebuilding @ http://localhost:3000/_next/static/chunks/node_modules_next_dist_f3530cac._.js:2297
[ 3621252ms] [LOG] [Fast Refresh] done in 266ms @ http://localhost:3000/_next/static/chunks/node_modules_next_dist_f3530cac._.js:2297
[ 3627419ms] [LOG] [Fast Refresh] rebuilding @ http://localhost:3000/_next/static/chunks/node_modules_next_dist_f3530cac._.js:2297
[ 3627511ms] [LOG] [Fast Refresh] done in 193ms @ http://localhost:3000/_next/static/chunks/node_modules_next_dist_f3530cac._.js:2297
[ 3635698ms] [LOG] [Fast Refresh] rebuilding @ http://localhost:3000/_next/static/chunks/node_modules_next_dist_f3530cac._.js:2297
[ 3635786ms] [LOG] [Fast Refresh] done in 192ms @ http://localhost:3000/_next/static/chunks/node_modules_next_dist_f3530cac._.js:2297
[ 3655661ms] [LOG] [Fast Refresh] rebuilding @ http://localhost:3000/_next/static/chunks/node_modules_next_dist_f3530cac._.js:2297
[ 3655817ms] [LOG] [Fast Refresh] done in 231ms @ http://localhost:3000/_next/static/chunks/node_modules_next_dist_f3530cac._.js:2297
[ 3666871ms] [LOG] [Fast Refresh] rebuilding @ http://localhost:3000/_next/static/chunks/node_modules_next_dist_f3530cac._.js:2297
[ 3667282ms] [LOG] [Fast Refresh] done in 217ms @ http://localhost:3000/_next/static/chunks/node_modules_next_dist_f3530cac._.js:2297
[ 3806319ms] [LOG] [Fast Refresh] rebuilding @ http://localhost:3000/_next/static/chunks/node_modules_next_dist_f3530cac._.js:2297
[ 3806415ms] [LOG] [Fast Refresh] done in 198ms @ http://localhost:3000/_next/static/chunks/node_modules_next_dist_f3530cac._.js:2297
[ 3955838ms] [LOG] [Fast Refresh] rebuilding @ http://localhost:3000/_next/static/chunks/node_modules_next_dist_f3530cac._.js:2297
[ 3956050ms] [LOG] [Fast Refresh] done in 308ms @ http://localhost:3000/_next/static/chunks/node_modules_next_dist_f3530cac._.js:2297
[ 3964116ms] [LOG] [Fast Refresh] rebuilding @ http://localhost:3000/_next/static/chunks/node_modules_next_dist_f3530cac._.js:2297
[ 3964308ms] [LOG] [Fast Refresh] done in 293ms @ http://localhost:3000/_next/static/chunks/node_modules_next_dist_f3530cac._.js:2297
[ 3970765ms] [LOG] [Fast Refresh] rebuilding @ http://localhost:3000/_next/static/chunks/node_modules_next_dist_f3530cac._.js:2297
[ 3970937ms] [LOG] [Fast Refresh] done in 273ms @ http://localhost:3000/_next/static/chunks/node_modules_next_dist_f3530cac._.js:2297
[ 3987552ms] [LOG] [Fast Refresh] rebuilding @ http://localhost:3000/_next/static/chunks/node_modules_next_dist_f3530cac._.js:2297
[ 3987646ms] [WARNING] [HMR] Invalid message: {"isTrusted":true}
TypeError: Cannot convert undefined or null to object
    at Object.keys (<anonymous>)
    at extractModulesFromTurbopackMessage (http://localhost:3000/_next/static/chunks/node_modules_next_dist_client_17643121._.js:11210:39)
    at TurbopackHmr.onTurbopackMessage (http://localhost:3000/_next/static/chunks/node_modules_next_dist_client_17643121._.js:11157:32)
    at processMessage (http://localhost:3000/_next/static/chunks/node_modules_next_dist_client_17643121._.js:11589:30)
    at WebSocket.handleMessage (http://localhost:3000/_next/static/chunks/node_modules_next_dist_client_17643121._.js:10914:52) @ http://localhost:3000/_next/static/chunks/node_modules_next_dist_f3530cac._.js:2297
[ 3987679ms] [LOG] [Fast Refresh] done in 198ms @ http://localhost:3000/_next/static/chunks/node_modules_next_dist_f3530cac._.js:2297
[ 3987795ms] [LOG] [Fast Refresh] rebuilding @ http://localhost:3000/_next/static/chunks/node_modules_next_dist_f3530cac._.js:2297
[ 3987879ms] [LOG] [Fast Refresh] done in 190ms @ http://localhost:3000/_next/static/chunks/node_modules_next_dist_f3530cac._.js:2297
[ 3987983ms] [LOG] [Fast Refresh] rebuilding @ http://localhost:3000/_next/static/chunks/node_modules_next_dist_f3530cac._.js:2297
[ 3988056ms] [LOG] [Fast Refresh] done in 176ms @ http://localhost:3000/_next/static/chunks/node_modules_next_dist_f3530cac._.js:2297
[ 3993788ms] [LOG] [Fast Refresh] rebuilding @ http://localhost:3000/_next/static/chunks/node_modules_next_dist_f3530cac._.js:2297
[ 3993870ms] [LOG] [Fast Refresh] done in 182ms @ http://localhost:3000/_next/static/chunks/node_modules_next_dist_f3530cac._.js:2297
[ 4007721ms] [LOG] [Fast Refresh] rebuilding @ http://localhost:3000/_next/static/chunks/node_modules_next_dist_f3530cac._.js:2297
[ 4007819ms] [LOG] [Fast Refresh] done in 198ms @ http://localhost:3000/_next/static/chunks/node_modules_next_dist_f3530cac._.js:2297
[ 4013187ms] [LOG] [Fast Refresh] rebuilding @ http://localhost:3000/_next/static/chunks/node_modules_next_dist_f3530cac._.js:2297
[ 4013688ms] [LOG] [Fast Refresh] done in 593ms @ http://localhost:3000/_next/static/chunks/node_modules_next_dist_f3530cac._.js:2297
[ 4013702ms] [LOG] [Fast Refresh] rebuilding @ http://localhost:3000/_next/static/chunks/node_modules_next_dist_f3530cac._.js:2297
[ 4013881ms] [LOG] [Fast Refresh] done in 190ms @ http://localhost:3000/_next/static/chunks/node_modules_next_dist_f3530cac._.js:2297
[ 4013982ms] [LOG] [Fast Refresh] rebuilding @ http://localhost:3000/_next/static/chunks/node_modules_next_dist_f3530cac._.js:2297
[ 4014064ms] [LOG] [Fast Refresh] done in 184ms @ http://localhost:3000/_next/static/chunks/node_modules_next_dist_f3530cac._.js:2297
[ 4014481ms] [LOG] [Fast Refresh] rebuilding @ http://localhost:3000/_next/static/chunks/node_modules_next_dist_f3530cac._.js:2297
[ 4014526ms] [LOG] [Fast Refresh] done in 145ms @ http://localhost:3000/_next/static/chunks/node_modules_next_dist_f3530cac._.js:2297
[ 4014857ms] [LOG] [Fast Refresh] rebuilding @ http://localhost:3000/_next/static/chunks/node_modules_next_dist_f3530cac._.js:2297
[ 4014895ms] [LOG] [Fast Refresh] done in 139ms @ http://localhost:3000/_next/static/chunks/node_modules_next_dist_f3530cac._.js:2297
[ 4015377ms] [LOG] [Fast Refresh] rebuilding @ http://localhost:3000/_next/static/chunks/node_modules_next_dist_f3530cac._.js:2297
[ 4015380ms] [LOG] [Fast Refresh] done in 104ms @ http://localhost:3000/_next/static/chunks/node_modules_next_dist_f3530cac._.js:2297
[ 4016086ms] [LOG] [Fast Refresh] rebuilding @ http://localhost:3000/_next/static/chunks/node_modules_next_dist_f3530cac._.js:2297
[ 4016113ms] [LOG] [Fast Refresh] done in 129ms @ http://localhost:3000/_next/static/chunks/node_modules_next_dist_f3530cac._.js:2297
[ 4016928ms] [LOG] [Fast Refresh] rebuilding @ http://localhost:3000/_next/static/chunks/node_modules_next_dist_f3530cac._.js:2297
[ 4016945ms] [LOG] [Fast Refresh] done in 120ms @ http://localhost:3000/_next/static/chunks/node_modules_next_dist_f3530cac._.js:2297
[ 4017534ms] [LOG] [Fast Refresh] rebuilding @ http://localhost:3000/_next/static/chunks/node_modules_next_dist_f3530cac._.js:2297
[ 4017540ms] [LOG] [Fast Refresh] done in 108ms @ http://localhost:3000/_next/static/chunks/node_modules_next_dist_f3530cac._.js:2297
[ 4022201ms] [LOG] [Fast Refresh] rebuilding @ http://localhost:3000/_next/static/chunks/node_modules_next_dist_f3530cac._.js:2297
[ 4022207ms] [LOG] [Fast Refresh] done in 107ms @ http://localhost:3000/_next/static/chunks/node_modules_next_dist_f3530cac._.js:2297
[ 4023594ms] [LOG] [Fast Refresh] rebuilding @ http://localhost:3000/_next/static/chunks/node_modules_next_dist_f3530cac._.js:2297
[ 4023600ms] [LOG] [Fast Refresh] done in 112ms @ http://localhost:3000/_next/static/chunks/node_modules_next_dist_f3530cac._.js:2297
[ 4023775ms] [LOG] [Fast Refresh] rebuilding @ http://localhost:3000/_next/static/chunks/node_modules_next_dist_f3530cac._.js:2297
[ 4023782ms] [LOG] [Fast Refresh] done in 109ms @ http://localhost:3000/_next/static/chunks/node_modules_next_dist_f3530cac._.js:2297
[ 4024461ms] [LOG] [Fast Refresh] rebuilding @ http://localhost:3000/_next/static/chunks/node_modules_next_dist_f3530cac._.js:2297
[ 4024467ms] [LOG] [Fast Refresh] done in 108ms @ http://localhost:3000/_next/static/chunks/node_modules_next_dist_f3530cac._.js:2297
[ 4024584ms] [LOG] [Fast Refresh] rebuilding @ http://localhost:3000/_next/static/chunks/node_modules_next_dist_f3530cac._.js:2297
[ 4024592ms] [LOG] [Fast Refresh] done in 109ms @ http://localhost:3000/_next/static/chunks/node_modules_next_dist_f3530cac._.js:2297
[ 4025685ms] [LOG] [Fast Refresh] rebuilding @ http://localhost:3000/_next/static/chunks/node_modules_next_dist_f3530cac._.js:2297
[ 4025693ms] [LOG] [Fast Refresh] done in 114ms @ http://localhost:3000/_next/static/chunks/node_modules_next_dist_f3530cac._.js:2297
[ 4027110ms] [LOG] [Fast Refresh] rebuilding @ http://localhost:3000/_next/static/chunks/node_modules_next_dist_f3530cac._.js:2297
[ 4027115ms] [LOG] [Fast Refresh] done in 109ms @ http://localhost:3000/_next/static/chunks/node_modules_next_dist_f3530cac._.js:2297
[ 4027595ms] [LOG] [Fast Refresh] rebuilding @ http://localhost:3000/_next/static/chunks/node_modules_next_dist_f3530cac._.js:2297
[ 4027622ms] [LOG] [Fast Refresh] done in 128ms @ http://localhost:3000/_next/static/chunks/node_modules_next_dist_f3530cac._.js:2297
[ 4029516ms] [LOG] [Fast Refresh] rebuilding @ http://localhost:3000/_next/static/chunks/node_modules_next_dist_f3530cac._.js:2297
[ 4029527ms] [LOG] [Fast Refresh] done in 112ms @ http://localhost:3000/_next/static/chunks/node_modules_next_dist_f3530cac._.js:2297
[ 4029916ms] [LOG] [Fast Refresh] rebuilding @ http://localhost:3000/_next/static/chunks/node_modules_next_dist_f3530cac._.js:2297
[ 4029922ms] [LOG] [Fast Refresh] done in 108ms @ http://localhost:3000/_next/static/chunks/node_modules_next_dist_f3530cac._.js:2297
[ 4030312ms] [LOG] [Fast Refresh] rebuilding @ http://localhost:3000/_next/static/chunks/node_modules_next_dist_f3530cac._.js:2297
[ 4030347ms] [LOG] [Fast Refresh] done in 135ms @ http://localhost:3000/_next/static/chunks/node_modules_next_dist_f3530cac._.js:2297
[ 4030873ms] [LOG] [Fast Refresh] rebuilding @ http://localhost:3000/_next/static/chunks/node_modules_next_dist_f3530cac._.js:2297
[ 4030874ms] [LOG] [Fast Refresh] done in 101ms @ http://localhost:3000/_next/static/chunks/node_modules_next_dist_f3530cac._.js:2297
[ 4068733ms] [LOG] [Fast Refresh] rebuilding @ http://localhost:3000/_next/static/chunks/node_modules_next_dist_f3530cac._.js:2297
[ 4068858ms] [LOG] [Fast Refresh] done in 230ms @ http://localhost:3000/_next/static/chunks/node_modules_next_dist_f3530cac._.js:2297
[ 4098193ms] [LOG] [Fast Refresh] rebuilding @ http://localhost:3000/_next/static/chunks/node_modules_next_dist_f3530cac._.js:2297
[ 4098281ms] [LOG] [Fast Refresh] done in 188ms @ http://localhost:3000/_next/static/chunks/node_modules_next_dist_f3530cac._.js:2297
[ 4098478ms] [LOG] [Fast Refresh] rebuilding @ http://localhost:3000/_next/static/chunks/node_modules_next_dist_f3530cac._.js:2297
[ 4099331ms] [LOG] [Fast Refresh] done in 954ms @ http://localhost:3000/_next/static/chunks/node_modules_next_dist_f3530cac._.js:2297
[ 4099435ms] [LOG] [Fast Refresh] rebuilding @ http://localhost:3000/_next/static/chunks/node_modules_next_dist_f3530cac._.js:2297
[ 4099440ms] [LOG] [Fast Refresh] done in 109ms @ http://localhost:3000/_next/static/chunks/node_modules_next_dist_f3530cac._.js:2297
[ 4100493ms] [LOG] [Fast Refresh] rebuilding @ http://localhost:3000/_next/static/chunks/node_modules_next_dist_f3530cac._.js:2297
[ 4100540ms] [LOG] [Fast Refresh] done in 148ms @ http://localhost:3000/_next/static/chunks/node_modules_next_dist_f3530cac._.js:2297
[ 4103490ms] [LOG] [Fast Refresh] rebuilding @ http://localhost:3000/_next/static/chunks/node_modules_next_dist_f3530cac._.js:2297
[ 4103493ms] [LOG] [Fast Refresh] done in 105ms @ http://localhost:3000/_next/static/chunks/node_modules_next_dist_f3530cac._.js:2297
[ 4178328ms] [LOG] [Fast Refresh] rebuilding @ http://localhost:3000/_next/static/chunks/node_modules_next_dist_f3530cac._.js:2297
[ 4178482ms] [LOG] [Fast Refresh] done in 221ms @ http://localhost:3000/_next/static/chunks/node_modules_next_dist_f3530cac._.js:2297
[ 4442211ms] [LOG] [Fast Refresh] rebuilding @ http://localhost:3000/_next/static/chunks/node_modules_next_dist_f3530cac._.js:2297
[ 4442549ms] [LOG] [Fast Refresh] done in 209ms @ http://localhost:3000/_next/static/chunks/node_modules_next_dist_f3530cac._.js:2297
[ 4451144ms] [LOG] [Fast Refresh] rebuilding @ http://localhost:3000/_next/static/chunks/node_modules_next_dist_f3530cac._.js:2297
[ 4451193ms] [LOG] [Fast Refresh] done in 151ms @ http://localhost:3000/_next/static/chunks/node_modules_next_dist_f3530cac._.js:2297
[ 4575845ms] [LOG] [Fast Refresh] rebuilding @ http://localhost:3000/_next/static/chunks/node_modules_next_dist_f3530cac._.js:2297
[ 4577096ms] [LOG] [Fast Refresh] done in 1352ms @ http://localhost:3000/_next/static/chunks/node_modules_next_dist_f3530cac._.js:2297
[ 4579136ms] [LOG] [Fast Refresh] rebuilding @ http://localhost:3000/_next/static/chunks/node_modules_next_dist_f3530cac._.js:2297
[ 4579173ms] [LOG] [Fast Refresh] done in 140ms @ http://localhost:3000/_next/static/chunks/node_modules_next_dist_f3530cac._.js:2297
[ 4579724ms] [LOG] [Fast Refresh] rebuilding @ http://localhost:3000/_next/static/chunks/node_modules_next_dist_f3530cac._.js:2297
[ 4580134ms] [LOG] [Fast Refresh] done in 516ms @ http://localhost:3000/_next/static/chunks/node_modules_next_dist_f3530cac._.js:2297
[ 4581609ms] [LOG] [Fast Refresh] rebuilding @ http://localhost:3000/_next/static/chunks/node_modules_next_dist_f3530cac._.js:2297
[ 4581625ms] [LOG] [Fast Refresh] done in 122ms @ http://localhost:3000/_next/static/chunks/node_modules_next_dist_f3530cac._.js:2297
[ 4582239ms] [LOG] [Fast Refresh] rebuilding @ http://localhost:3000/_next/static/chunks/node_modules_next_dist_f3530cac._.js:2297
[ 4582618ms] [LOG] [Fast Refresh] done in 481ms @ http://localhost:3000/_next/static/chunks/node_modules_next_dist_f3530cac._.js:2297
[ 4584154ms] [LOG] [Fast Refresh] rebuilding @ http://localhost:3000/_next/static/chunks/node_modules_next_dist_f3530cac._.js:2297
[ 4584175ms] [LOG] [Fast Refresh] done in 124ms @ http://localhost:3000/_next/static/chunks/node_modules_next_dist_f3530cac._.js:2297
[ 4646256ms] [LOG] [Fast Refresh] rebuilding @ http://localhost:3000/_next/static/chunks/node_modules_next_dist_f3530cac._.js:2297
[ 4646677ms] [LOG] [Fast Refresh] done in 526ms @ http://localhost:3000/_next/static/chunks/node_modules_next_dist_f3530cac._.js:2297
[ 4648274ms] [LOG] [Fast Refresh] rebuilding @ http://localhost:3000/_next/static/chunks/node_modules_next_dist_f3530cac._.js:2297
[ 4648370ms] [LOG] [Fast Refresh] done in 198ms @ http://localhost:3000/_next/static/chunks/node_modules_next_dist_f3530cac._.js:2297
[ 4651468ms] [LOG] [Fast Refresh] rebuilding @ http://localhost:3000/_next/static/chunks/node_modules_next_dist_f3530cac._.js:2297
[ 4652204ms] [LOG] [Fast Refresh] done in 838ms @ http://localhost:3000/_next/static/chunks/node_modules_next_dist_f3530cac._.js:2297
[ 4754030ms] [LOG] [Fast Refresh] rebuilding @ http://localhost:3000/_next/static/chunks/node_modules_next_dist_f3530cac._.js:2297
[ 4754319ms] [LOG] [Fast Refresh] done in 391ms @ http://localhost:3000/_next/static/chunks/node_modules_next_dist_f3530cac._.js:2297
[ 4755654ms] [LOG] [Fast Refresh] rebuilding @ http://localhost:3000/_next/static/chunks/node_modules_next_dist_f3530cac._.js:2297
[ 4755658ms] [LOG] [Fast Refresh] done in 105ms @ http://localhost:3000/_next/static/chunks/node_modules_next_dist_f3530cac._.js:2297
[ 4911512ms] [LOG] [Fast Refresh] rebuilding @ http://localhost:3000/_next/static/chunks/node_modules_next_dist_f3530cac._.js:2297
[ 4911641ms] [LOG] [Fast Refresh] done in 199ms @ http://localhost:3000/_next/static/chunks/node_modules_next_dist_f3530cac._.js:2297
[ 4922740ms] [LOG] [Fast Refresh] rebuilding @ http://localhost:3000/_next/static/chunks/node_modules_next_dist_f3530cac._.js:2297
[ 4923110ms] [LOG] [Fast Refresh] done in 181ms @ http://localhost:3000/_next/static/chunks/node_modules_next_dist_f3530cac._.js:2297
[ 4935918ms] [LOG] [Fast Refresh] rebuilding @ http://localhost:3000/_next/static/chunks/node_modules_next_dist_f3530cac._.js:2297
[ 4936029ms] [LOG] [Fast Refresh] done in 213ms @ http://localhost:3000/_next/static/chunks/node_modules_next_dist_f3530cac._.js:2297
[ 4963475ms] [LOG] [Fast Refresh] rebuilding @ http://localhost:3000/_next/static/chunks/node_modules_next_dist_f3530cac._.js:2297
[ 4963586ms] [LOG] [Fast Refresh] done in 213ms @ http://localhost:3000/_next/static/chunks/node_modules_next_dist_f3530cac._.js:2297
[ 5096158ms] [LOG] [Fast Refresh] rebuilding @ http://localhost:3000/_next/static/chunks/node_modules_next_dist_f3530cac._.js:2297
[ 5096350ms] [LOG] [Fast Refresh] done in 295ms @ http://localhost:3000/_next/static/chunks/node_modules_next_dist_f3530cac._.js:2297
[ 5196852ms] [LOG] [Fast Refresh] rebuilding @ http://localhost:3000/_next/static/chunks/node_modules_next_dist_f3530cac._.js:2297
[ 5196961ms] [LOG] [Fast Refresh] done in 185ms @ http://localhost:3000/_next/static/chunks/node_modules_next_dist_f3530cac._.js:2297
[ 5200959ms] [LOG] [Fast Refresh] rebuilding @ http://localhost:3000/_next/static/chunks/node_modules_next_dist_f3530cac._.js:2297
[ 5201098ms] [LOG] [Fast Refresh] done in 214ms @ http://localhost:3000/_next/static/chunks/node_modules_next_dist_f3530cac._.js:2297
[ 5281862ms] [LOG] [Fast Refresh] rebuilding @ http://localhost:3000/_next/static/chunks/node_modules_next_dist_f3530cac._.js:2297
[ 5281978ms] [LOG] [Fast Refresh] done in 193ms @ http://localhost:3000/_next/static/chunks/node_modules_next_dist_f3530cac._.js:2297
[ 5282088ms] [LOG] [Fast Refresh] rebuilding @ http://localhost:3000/_next/static/chunks/node_modules_next_dist_f3530cac._.js:2297
[ 5282295ms] [LOG] [Fast Refresh] done in 310ms @ http://localhost:3000/_next/static/chunks/node_modules_next_dist_f3530cac._.js:2297
[ 5283250ms] [LOG] [Fast Refresh] rebuilding @ http://localhost:3000/_next/static/chunks/node_modules_next_dist_f3530cac._.js:2297
[ 5283375ms] [LOG] [Fast Refresh] done in 227ms @ http://localhost:3000/_next/static/chunks/node_modules_next_dist_f3530cac._.js:2297
[ 5283549ms] [LOG] [Fast Refresh] rebuilding @ http://localhost:3000/_next/static/chunks/node_modules_next_dist_f3530cac._.js:2297
[ 5283557ms] [LOG] [Fast Refresh] done in 109ms @ http://localhost:3000/_next/static/chunks/node_modules_next_dist_f3530cac._.js:2297
[ 5283688ms] [LOG] [Fast Refresh] rebuilding @ http://localhost:3000/_next/static/chunks/node_modules_next_dist_f3530cac._.js:2297
[ 5283752ms] [LOG] [Fast Refresh] done in 164ms @ http://localhost:3000/_next/static/chunks/node_modules_next_dist_f3530cac._.js:2297
[ 5283967ms] [LOG] [Fast Refresh] rebuilding @ http://localhost:3000/_next/static/chunks/node_modules_next_dist_f3530cac._.js:2297
[ 5284000ms] [LOG] [Fast Refresh] done in 133ms @ http://localhost:3000/_next/static/chunks/node_modules_next_dist_f3530cac._.js:2297
[ 5284179ms] [LOG] [Fast Refresh] rebuilding @ http://localhost:3000/_next/static/chunks/node_modules_next_dist_f3530cac._.js:2297
[ 5284189ms] [LOG] [Fast Refresh] done in 112ms @ http://localhost:3000/_next/static/chunks/node_modules_next_dist_f3530cac._.js:2297
[ 5284923ms] [LOG] [Fast Refresh] rebuilding @ http://localhost:3000/_next/static/chunks/node_modules_next_dist_f3530cac._.js:2297
[ 5284942ms] [LOG] [Fast Refresh] done in 121ms @ http://localhost:3000/_next/static/chunks/node_modules_next_dist_f3530cac._.js:2297
[ 5285070ms] [LOG] [Fast Refresh] rebuilding @ http://localhost:3000/_next/static/chunks/node_modules_next_dist_f3530cac._.js:2297
[ 5285098ms] [LOG] [Fast Refresh] done in 128ms @ http://localhost:3000/_next/static/chunks/node_modules_next_dist_f3530cac._.js:2297
[ 5285507ms] [LOG] [Fast Refresh] rebuilding @ http://localhost:3000/_next/static/chunks/node_modules_next_dist_f3530cac._.js:2297
[ 5285511ms] [LOG] [Fast Refresh] done in 109ms @ http://localhost:3000/_next/static/chunks/node_modules_next_dist_f3530cac._.js:2297
[ 5292524ms] [LOG] [Fast Refresh] rebuilding @ http://localhost:3000/_next/static/chunks/node_modules_next_dist_f3530cac._.js:2297
[ 5292634ms] [LOG] [Fast Refresh] done in 210ms @ http://localhost:3000/_next/static/chunks/node_modules_next_dist_f3530cac._.js:2297
[ 5302312ms] [LOG] [Fast Refresh] rebuilding @ http://localhost:3000/_next/static/chunks/node_modules_next_dist_f3530cac._.js:2297
[ 5302406ms] [LOG] [Fast Refresh] done in 199ms @ http://localhost:3000/_next/static/chunks/node_modules_next_dist_f3530cac._.js:2297
[ 5311021ms] [LOG] [Fast Refresh] rebuilding @ http://localhost:3000/_next/static/chunks/node_modules_next_dist_f3530cac._.js:2297
[ 5311130ms] [LOG] [Fast Refresh] done in 212ms @ http://localhost:3000/_next/static/chunks/node_modules_next_dist_f3530cac._.js:2297
[ 5324008ms] [LOG] [Fast Refresh] rebuilding @ http://localhost:3000/_next/static/chunks/node_modules_next_dist_f3530cac._.js:2297
[ 5324101ms] [LOG] [Fast Refresh] done in 197ms @ http://localhost:3000/_next/static/chunks/node_modules_next_dist_f3530cac._.js:2297
[ 5330451ms] [LOG] [Fast Refresh] rebuilding @ http://localhost:3000/_next/static/chunks/node_modules_next_dist_f3530cac._.js:2297
[ 5330560ms] [LOG] [Fast Refresh] done in 212ms @ http://localhost:3000/_next/static/chunks/node_modules_next_dist_f3530cac._.js:2297
[ 5717535ms] [LOG] [Fast Refresh] rebuilding @ http://localhost:3000/_next/static/chunks/node_modules_next_dist_f3530cac._.js:2297
[ 5717636ms] [LOG] [Fast Refresh] done in 207ms @ http://localhost:3000/_next/static/chunks/node_modules_next_dist_f3530cac._.js:2297
[ 5725691ms] [LOG] [Fast Refresh] rebuilding @ http://localhost:3000/_next/static/chunks/node_modules_next_dist_f3530cac._.js:2297
[ 5726797ms] [LOG] [Fast Refresh] done in 1208ms @ http://localhost:3000/_next/static/chunks/node_modules_next_dist_f3530cac._.js:2297
[ 5727081ms] [LOG] [Fast Refresh] rebuilding @ http://localhost:3000/_next/static/chunks/node_modules_next_dist_f3530cac._.js:2297
[ 5727344ms] [LOG] [Fast Refresh] done in 367ms @ http://localhost:3000/_next/static/chunks/node_modules_next_dist_f3530cac._.js:2297
[ 5727466ms] [LOG] [Fast Refresh] rebuilding @ http://localhost:3000/_next/static/chunks/node_modules_next_dist_f3530cac._.js:2297
[ 5727586ms] [LOG] [Fast Refresh] done in 223ms @ http://localhost:3000/_next/static/chunks/node_modules_next_dist_f3530cac._.js:2297
[ 5727824ms] [LOG] [Fast Refresh] rebuilding @ http://localhost:3000/_next/static/chunks/node_modules_next_dist_f3530cac._.js:2297
[ 5727924ms] [LOG] [Fast Refresh] done in 202ms @ http://localhost:3000/_next/static/chunks/node_modules_next_dist_f3530cac._.js:2297
[ 5728081ms] [LOG] [Fast Refresh] rebuilding @ http://localhost:3000/_next/static/chunks/node_modules_next_dist_f3530cac._.js:2297
[ 5728106ms] [LOG] [Fast Refresh] done in 129ms @ http://localhost:3000/_next/static/chunks/node_modules_next_dist_f3530cac._.js:2297
[ 5728246ms] [LOG] [Fast Refresh] rebuilding @ http://localhost:3000/_next/static/chunks/node_modules_next_dist_f3530cac._.js:2297
[ 5728306ms] [LOG] [Fast Refresh] done in 160ms @ http://localhost:3000/_next/static/chunks/node_modules_next_dist_f3530cac._.js:2297
[ 5728784ms] [LOG] [Fast Refresh] rebuilding @ http://localhost:3000/_next/static/chunks/node_modules_next_dist_f3530cac._.js:2297
[ 5728831ms] [LOG] [Fast Refresh] done in 148ms @ http://localhost:3000/_next/static/chunks/node_modules_next_dist_f3530cac._.js:2297
[ 5729147ms] [LOG] [Fast Refresh] rebuilding @ http://localhost:3000/_next/static/chunks/node_modules_next_dist_f3530cac._.js:2297
[ 5729155ms] [LOG] [Fast Refresh] done in 110ms @ http://localhost:3000/_next/static/chunks/node_modules_next_dist_f3530cac._.js:2297
[ 5729293ms] [LOG] [Fast Refresh] rebuilding @ http://localhost:3000/_next/static/chunks/node_modules_next_dist_f3530cac._.js:2297
[ 5729295ms] [LOG] [Fast Refresh] done in 102ms @ http://localhost:3000/_next/static/chunks/node_modules_next_dist_f3530cac._.js:2297
[ 5729596ms] [LOG] [Fast Refresh] rebuilding @ http://localhost:3000/_next/static/chunks/node_modules_next_dist_f3530cac._.js:2297
[ 5729624ms] [LOG] [Fast Refresh] done in 129ms @ http://localhost:3000/_next/static/chunks/node_modules_next_dist_f3530cac._.js:2297
[ 5729819ms] [LOG] [Fast Refresh] rebuilding @ http://localhost:3000/_next/static/chunks/node_modules_next_dist_f3530cac._.js:2297
[ 5729828ms] [LOG] [Fast Refresh] done in 113ms @ http://localhost:3000/_next/static/chunks/node_modules_next_dist_f3530cac._.js:2297
[ 5730353ms] [LOG] [Fast Refresh] rebuilding @ http://localhost:3000/_next/static/chunks/node_modules_next_dist_f3530cac._.js:2297
[ 5730360ms] [LOG] [Fast Refresh] done in 111ms @ http://localhost:3000/_next/static/chunks/node_modules_next_dist_f3530cac._.js:2297
[ 5731765ms] [LOG] [Fast Refresh] rebuilding @ http://localhost:3000/_next/static/chunks/node_modules_next_dist_f3530cac._.js:2297
[ 5731795ms] [LOG] [Fast Refresh] done in 129ms @ http://localhost:3000/_next/static/chunks/node_modules_next_dist_f3530cac._.js:2297
[ 5732057ms] [LOG] [Fast Refresh] rebuilding @ http://localhost:3000/_next/static/chunks/node_modules_next_dist_f3530cac._.js:2297
[ 5732063ms] [LOG] [Fast Refresh] done in 110ms @ http://localhost:3000/_next/static/chunks/node_modules_next_dist_f3530cac._.js:2297
[ 5732953ms] [LOG] [Fast Refresh] rebuilding @ http://localhost:3000/_next/static/chunks/node_modules_next_dist_f3530cac._.js:2297
[ 5732966ms] [LOG] [Fast Refresh] done in 118ms @ http://localhost:3000/_next/static/chunks/node_modules_next_dist_f3530cac._.js:2297
[ 5733559ms] [LOG] [Fast Refresh] rebuilding @ http://localhost:3000/_next/static/chunks/node_modules_next_dist_f3530cac._.js:2297
[ 5733614ms] [LOG] [Fast Refresh] done in 158ms @ http://localhost:3000/_next/static/chunks/node_modules_next_dist_f3530cac._.js:2297
[ 5734711ms] [LOG] [Fast Refresh] rebuilding @ http://localhost:3000/_next/static/chunks/node_modules_next_dist_f3530cac._.js:2297
[ 5734716ms] [LOG] [Fast Refresh] done in 105ms @ http://localhost:3000/_next/static/chunks/node_modules_next_dist_f3530cac._.js:2297
[ 5736401ms] [LOG] [Fast Refresh] rebuilding @ http://localhost:3000/_next/static/chunks/node_modules_next_dist_f3530cac._.js:2297
[ 5736403ms] [LOG] [Fast Refresh] done in 105ms @ http://localhost:3000/_next/static/chunks/node_modules_next_dist_f3530cac._.js:2297
[ 5736990ms] [LOG] [Fast Refresh] rebuilding @ http://localhost:3000/_next/static/chunks/node_modules_next_dist_f3530cac._.js:2297
[ 5737005ms] [LOG] [Fast Refresh] done in 116ms @ http://localhost:3000/_next/static/chunks/node_modules_next_dist_f3530cac._.js:2297
[ 5737183ms] [LOG] [Fast Refresh] rebuilding @ http://localhost:3000/_next/static/chunks/node_modules_next_dist_f3530cac._.js:2297
[ 5737186ms] [LOG] [Fast Refresh] done in 104ms @ http://localhost:3000/_next/static/chunks/node_modules_next_dist_f3530cac._.js:2297
[ 5737983ms] [LOG] [Fast Refresh] rebuilding @ http://localhost:3000/_next/static/chunks/node_modules_next_dist_f3530cac._.js:2297
[ 5738029ms] [LOG] [Fast Refresh] done in 147ms @ http://localhost:3000/_next/static/chunks/node_modules_next_dist_f3530cac._.js:2297
[ 5739385ms] [LOG] [Fast Refresh] rebuilding @ http://localhost:3000/_next/static/chunks/node_modules_next_dist_f3530cac._.js:2297
[ 5739418ms] [LOG] [Fast Refresh] done in 134ms @ http://localhost:3000/_next/static/chunks/node_modules_next_dist_f3530cac._.js:2297
[ 5741517ms] [LOG] [Fast Refresh] rebuilding @ http://localhost:3000/_next/static/chunks/node_modules_next_dist_f3530cac._.js:2297
[ 5741526ms] [LOG] [Fast Refresh] done in 111ms @ http://localhost:3000/_next/static/chunks/node_modules_next_dist_f3530cac._.js:2297
[ 5742959ms] [LOG] [Fast Refresh] rebuilding @ http://localhost:3000/_next/static/chunks/node_modules_next_dist_f3530cac._.js:2297
[ 5743018ms] [LOG] [Fast Refresh] done in 161ms @ http://localhost:3000/_next/static/chunks/node_modules_next_dist_f3530cac._.js:2297
[ 5743226ms] [LOG] [Fast Refresh] rebuilding @ http://localhost:3000/_next/static/chunks/node_modules_next_dist_f3530cac._.js:2297
[ 5743242ms] [LOG] [Fast Refresh] done in 116ms @ http://localhost:3000/_next/static/chunks/node_modules_next_dist_f3530cac._.js:2297
[ 5743747ms] [LOG] [Fast Refresh] rebuilding @ http://localhost:3000/_next/static/chunks/node_modules_next_dist_f3530cac._.js:2297
[ 5743787ms] [LOG] [Fast Refresh] done in 141ms @ http://localhost:3000/_next/static/chunks/node_modules_next_dist_f3530cac._.js:2297
[ 5744425ms] [LOG] [Fast Refresh] rebuilding @ http://localhost:3000/_next/static/chunks/node_modules_next_dist_f3530cac._.js:2297
[ 5744476ms] [LOG] [Fast Refresh] done in 150ms @ http://localhost:3000/_next/static/chunks/node_modules_next_dist_f3530cac._.js:2297
[ 5745910ms] [LOG] [Fast Refresh] rebuilding @ http://localhost:3000/_next/static/chunks/node_modules_next_dist_f3530cac._.js:2297
[ 5745914ms] [LOG] [Fast Refresh] done in 107ms @ http://localhost:3000/_next/static/chunks/node_modules_next_dist_f3530cac._.js:2297
[ 5746622ms] [LOG] [Fast Refresh] rebuilding @ http://localhost:3000/_next/static/chunks/node_modules_next_dist_f3530cac._.js:2297
[ 5746658ms] [LOG] [Fast Refresh] done in 137ms @ http://localhost:3000/_next/static/chunks/node_modules_next_dist_f3530cac._.js:2297
[ 5747166ms] [LOG] [Fast Refresh] rebuilding @ http://localhost:3000/_next/static/chunks/node_modules_next_dist_f3530cac._.js:2297
[ 5747190ms] [LOG] [Fast Refresh] done in 125ms @ http://localhost:3000/_next/static/chunks/node_modules_next_dist_f3530cac._.js:2297
[ 5747329ms] [LOG] [Fast Refresh] rebuilding @ http://localhost:3000/_next/static/chunks/node_modules_next_dist_f3530cac._.js:2297
[ 5747355ms] [LOG] [Fast Refresh] done in 131ms @ http://localhost:3000/_next/static/chunks/node_modules_next_dist_f3530cac._.js:2297
[ 5748038ms] [LOG] [Fast Refresh] rebuilding @ http://localhost:3000/_next/static/chunks/node_modules_next_dist_f3530cac._.js:2297
[ 5748111ms] [LOG] [Fast Refresh] done in 178ms @ http://localhost:3000/_next/static/chunks/node_modules_next_dist_f3530cac._.js:2297
[ 5748771ms] [LOG] [Fast Refresh] rebuilding @ http://localhost:3000/_next/static/chunks/node_modules_next_dist_f3530cac._.js:2297
[ 5748851ms] [LOG] [Fast Refresh] done in 181ms @ http://localhost:3000/_next/static/chunks/node_modules_next_dist_f3530cac._.js:2297
[ 5748954ms] [LOG] [Fast Refresh] rebuilding @ http://localhost:3000/_next/static/chunks/node_modules_next_dist_f3530cac._.js:2297
[ 5749230ms] [LOG] [Fast Refresh] done in 377ms @ http://localhost:3000/_next/static/chunks/node_modules_next_dist_f3530cac._.js:2297
[ 5749595ms] [LOG] [Fast Refresh] rebuilding @ http://localhost:3000/_next/static/chunks/node_modules_next_dist_f3530cac._.js:2297
[ 5749613ms] [LOG] [Fast Refresh] done in 120ms @ http://localhost:3000/_next/static/chunks/node_modules_next_dist_f3530cac._.js:2297
[ 5749868ms] [LOG] [Fast Refresh] rebuilding @ http://localhost:3000/_next/static/chunks/node_modules_next_dist_f3530cac._.js:2297
[ 5749981ms] [LOG] [Fast Refresh] done in 214ms @ http://localhost:3000/_next/static/chunks/node_modules_next_dist_f3530cac._.js:2297
[ 5750607ms] [LOG] [Fast Refresh] rebuilding @ http://localhost:3000/_next/static/chunks/node_modules_next_dist_f3530cac._.js:2297
[ 5750632ms] [LOG] [Fast Refresh] done in 127ms @ http://localhost:3000/_next/static/chunks/node_modules_next_dist_f3530cac._.js:2297
[ 5751783ms] [LOG] [Fast Refresh] rebuilding @ http://localhost:3000/_next/static/chunks/node_modules_next_dist_f3530cac._.js:2297
[ 5751784ms] [LOG] [Fast Refresh] done in 102ms @ http://localhost:3000/_next/static/chunks/node_modules_next_dist_f3530cac._.js:2297
[ 5752134ms] [LOG] [Fast Refresh] rebuilding @ http://localhost:3000/_next/static/chunks/node_modules_next_dist_f3530cac._.js:2297
[ 5752162ms] [LOG] [Fast Refresh] done in 128ms @ http://localhost:3000/_next/static/chunks/node_modules_next_dist_f3530cac._.js:2297
[ 5754589ms] [LOG] [Fast Refresh] rebuilding @ http://localhost:3000/_next/static/chunks/node_modules_next_dist_f3530cac._.js:2297
[ 5754597ms] [LOG] [Fast Refresh] done in 112ms @ http://localhost:3000/_next/static/chunks/node_modules_next_dist_f3530cac._.js:2297
[ 5758787ms] [LOG] [Fast Refresh] rebuilding @ http://localhost:3000/_next/static/chunks/node_modules_next_dist_f3530cac._.js:2297
[ 5758787ms] [LOG] [Fast Refresh] done in 103ms @ http://localhost:3000/_next/static/chunks/node_modules_next_dist_f3530cac._.js:2297
[ 5759637ms] [LOG] [Fast Refresh] rebuilding @ http://localhost:3000/_next/static/chunks/node_modules_next_dist_f3530cac._.js:2297
[ 5759651ms] [LOG] [Fast Refresh] done in 115ms @ http://localhost:3000/_next/static/chunks/node_modules_next_dist_f3530cac._.js:2297
[ 5760576ms] [LOG] [Fast Refresh] rebuilding @ http://localhost:3000/_next/static/chunks/node_modules_next_dist_f3530cac._.js:2297
[ 5760975ms] [LOG] [Fast Refresh] done in 502ms @ http://localhost:3000/_next/static/chunks/node_modules_next_dist_f3530cac._.js:2297
[ 5761196ms] [LOG] [Fast Refresh] rebuilding @ http://localhost:3000/_next/static/chunks/node_modules_next_dist_f3530cac._.js:2297
[ 5761254ms] [LOG] [Fast Refresh] done in 163ms @ http://localhost:3000/_next/static/chunks/node_modules_next_dist_f3530cac._.js:2297
[ 5761438ms] [LOG] [Fast Refresh] rebuilding @ http://localhost:3000/_next/static/chunks/node_modules_next_dist_f3530cac._.js:2297
[ 5761465ms] [LOG] [Fast Refresh] done in 131ms @ http://localhost:3000/_next/static/chunks/node_modules_next_dist_f3530cac._.js:2297
[ 5761613ms] [LOG] [Fast Refresh] rebuilding @ http://localhost:3000/_next/static/chunks/node_modules_next_dist_f3530cac._.js:2297
[ 5761785ms] [LOG] [Fast Refresh] done in 276ms @ http://localhost:3000/_next/static/chunks/node_modules_next_dist_f3530cac._.js:2297
[ 5768805ms] [LOG] [Fast Refresh] rebuilding @ http://localhost:3000/_next/static/chunks/node_modules_next_dist_f3530cac._.js:2297
[ 5769157ms] [LOG] [Fast Refresh] done in 333ms @ http://localhost:3000/_next/static/chunks/node_modules_next_dist_f3530cac._.js:2297
[ 5769262ms] [LOG] [Fast Refresh] rebuilding @ http://localhost:3000/_next/static/chunks/node_modules_next_dist_f3530cac._.js:2297
[ 5769330ms] [LOG] [Fast Refresh] done in 172ms @ http://localhost:3000/_next/static/chunks/node_modules_next_dist_f3530cac._.js:2297
[ 5777198ms] [LOG] [Fast Refresh] rebuilding @ http://localhost:3000/_next/static/chunks/node_modules_next_dist_f3530cac._.js:2297
[ 5777346ms] [LOG] [Fast Refresh] done in 178ms @ http://localhost:3000/_next/static/chunks/node_modules_next_dist_f3530cac._.js:2297
[ 5777449ms] [LOG] [Fast Refresh] rebuilding @ http://localhost:3000/_next/static/chunks/node_modules_next_dist_f3530cac._.js:2297
[ 5777500ms] [LOG] [Fast Refresh] done in 153ms @ http://localhost:3000/_next/static/chunks/node_modules_next_dist_f3530cac._.js:2297
[ 5785613ms] [LOG] [Fast Refresh] rebuilding @ http://localhost:3000/_next/static/chunks/node_modules_next_dist_f3530cac._.js:2297
[ 5785800ms] [LOG] [Fast Refresh] done in 268ms @ http://localhost:3000/_next/static/chunks/node_modules_next_dist_f3530cac._.js:2297
[ 5796358ms] [LOG] [Fast Refresh] rebuilding @ http://localhost:3000/_next/static/chunks/node_modules_next_dist_f3530cac._.js:2297
[ 5796514ms] [LOG] [Fast Refresh] done in 243ms @ http://localhost:3000/_next/static/chunks/node_modules_next_dist_f3530cac._.js:2297
[ 5806261ms] [LOG] [Fast Refresh] rebuilding @ http://localhost:3000/_next/static/chunks/node_modules_next_dist_f3530cac._.js:2297
[ 5806365ms] [LOG] [Fast Refresh] done in 199ms @ http://localhost:3000/_next/static/chunks/node_modules_next_dist_f3530cac._.js:2297
[ 5826751ms] [LOG] [Fast Refresh] rebuilding @ http://localhost:3000/_next/static/chunks/node_modules_next_dist_f3530cac._.js:2297
[ 5826940ms] [LOG] [Fast Refresh] done in 173ms @ http://localhost:3000/_next/static/chunks/node_modules_next_dist_f3530cac._.js:2297
[ 6055250ms] [LOG] [Fast Refresh] rebuilding @ http://localhost:3000/_next/static/chunks/node_modules_next_dist_f3530cac._.js:2297
[ 6055363ms] [LOG] [Fast Refresh] done in 214ms @ http://localhost:3000/_next/static/chunks/node_modules_next_dist_f3530cac._.js:2297
[ 6055565ms] [LOG] [Fast Refresh] rebuilding @ http://localhost:3000/_next/static/chunks/node_modules_next_dist_f3530cac._.js:2297
[ 6055674ms] [LOG] [Fast Refresh] done in 214ms @ http://localhost:3000/_next/static/chunks/node_modules_next_dist_f3530cac._.js:2297
[ 6084092ms] [LOG] [Fast Refresh] rebuilding @ http://localhost:3000/_next/static/chunks/node_modules_next_dist_f3530cac._.js:2297
[ 6084189ms] [LOG] [Fast Refresh] done in 197ms @ http://localhost:3000/_next/static/chunks/node_modules_next_dist_f3530cac._.js:2297
[ 6084910ms] [LOG] [Fast Refresh] rebuilding @ http://localhost:3000/_next/static/chunks/node_modules_next_dist_f3530cac._.js:2297
[ 6085005ms] [LOG] [Fast Refresh] done in 198ms @ http://localhost:3000/_next/static/chunks/node_modules_next_dist_f3530cac._.js:2297
[ 6119061ms] [LOG] [Fast Refresh] rebuilding @ http://localhost:3000/_next/static/chunks/node_modules_next_dist_f3530cac._.js:2297
[ 6119156ms] [LOG] [Fast Refresh] done in 196ms @ http://localhost:3000/_next/static/chunks/node_modules_next_dist_f3530cac._.js:2297
[ 7558933ms] [LOG] [Fast Refresh] rebuilding @ http://localhost:3000/_next/static/chunks/node_modules_next_dist_f3530cac._.js:2297
[ 7559122ms] [LOG] [Fast Refresh] done in 292ms @ http://localhost:3000/_next/static/chunks/node_modules_next_dist_f3530cac._.js:2297
[ 7564023ms] [LOG] [Fast Refresh] rebuilding @ http://localhost:3000/_next/static/chunks/node_modules_next_dist_f3530cac._.js:2297
[ 7564190ms] [LOG] [Fast Refresh] done in 269ms @ http://localhost:3000/_next/static/chunks/node_modules_next_dist_f3530cac._.js:2297
[ 7603578ms] [LOG] [Fast Refresh] rebuilding @ http://localhost:3000/_next/static/chunks/node_modules_next_dist_f3530cac._.js:2297
[ 7603795ms] [LOG] [Fast Refresh] done in 320ms @ http://localhost:3000/_next/static/chunks/node_modules_next_dist_f3530cac._.js:2297
[ 7933854ms] [LOG] [Fast Refresh] rebuilding @ http://localhost:3000/_next/static/chunks/node_modules_next_dist_f3530cac._.js:2297
[ 7934218ms] [LOG] [Fast Refresh] done in 465ms @ http://localhost:3000/_next/static/chunks/node_modules_next_dist_f3530cac._.js:2297
[ 7935478ms] [LOG] [Fast Refresh] rebuilding @ http://localhost:3000/_next/static/chunks/node_modules_next_dist_f3530cac._.js:2297
[ 7935512ms] [LOG] [Fast Refresh] done in 139ms @ http://localhost:3000/_next/static/chunks/node_modules_next_dist_f3530cac._.js:2297
[ 7937302ms] [LOG] [Fast Refresh] rebuilding @ http://localhost:3000/_next/static/chunks/node_modules_next_dist_f3530cac._.js:2297
[ 7937451ms] [LOG] [Fast Refresh] done in 254ms @ http://localhost:3000/_next/static/chunks/node_modules_next_dist_f3530cac._.js:2297
[ 8137371ms] [LOG] [Fast Refresh] rebuilding @ http://localhost:3000/_next/static/chunks/node_modules_next_dist_f3530cac._.js:2297
[ 8137676ms] [LOG] [Fast Refresh] done in 385ms @ http://localhost:3000/_next/static/chunks/node_modules_next_dist_f3530cac._.js:2297
[ 8145662ms] [LOG] [Fast Refresh] rebuilding @ http://localhost:3000/_next/static/chunks/node_modules_next_dist_f3530cac._.js:2297
[ 8145841ms] [LOG] [Fast Refresh] done in 279ms @ http://localhost:3000/_next/static/chunks/node_modules_next_dist_f3530cac._.js:2297
[ 8146862ms] [LOG] [Fast Refresh] rebuilding @ http://localhost:3000/_next/static/chunks/node_modules_next_dist_f3530cac._.js:2297
[ 8147003ms] [LOG] [Fast Refresh] done in 245ms @ http://localhost:3000/_next/static/chunks/node_modules_next_dist_f3530cac._.js:2297
[ 8152437ms] [LOG] [Fast Refresh] rebuilding @ http://localhost:3000/_next/static/chunks/node_modules_next_dist_f3530cac._.js:2297
[ 8153926ms] [LOG] [Fast Refresh] done in 1590ms @ http://localhost:3000/_next/static/chunks/node_modules_next_dist_f3530cac._.js:2297
[ 8154221ms] [LOG] [Fast Refresh] rebuilding @ http://localhost:3000/_next/static/chunks/node_modules_next_dist_f3530cac._.js:2297
[ 8154755ms] [ERROR] ./app/settings/design/page.jsx:5:1
Module not found: Can't resolve './_components/DesignPickerClient'
  3 | import { connectDB } from "@/lib/db/mongoose";
  4 | import User from "@/lib/db/models/User";
> 5 | import DesignPickerClient from "./_components/DesignPickerClient";
    | ^^^^^^^^^^^^^^^^^^^^^^^^^^^^^^^^^^^^^^^^^^^^^^^^^^^^^^^^^^^^^^^^^^
  6 |
  7 | export default async function DesignPickerPage() {
  8 |   const session = await requireSession();

https://nextjs.org/docs/messages/module-not-found @ http://localhost:3000/_next/static/chunks/node_modules_next_dist_f3530cac._.js:3127
[ 8154908ms] [LOG] [Fast Refresh] rebuilding @ http://localhost:3000/_next/static/chunks/node_modules_next_dist_f3530cac._.js:2297
[ 8155966ms] [ERROR] ./app/settings/design/page.jsx:5:1
Module not found: Can't resolve './_components/DesignPickerClient'
  3 | import { connectDB } from "@/lib/db/mongoose";
  4 | import User from "@/lib/db/models/User";
> 5 | import DesignPickerClient from "./_components/DesignPickerClient";
    | ^^^^^^^^^^^^^^^^^^^^^^^^^^^^^^^^^^^^^^^^^^^^^^^^^^^^^^^^^^^^^^^^^^
  6 |
  7 | export default async function DesignPickerPage() {
  8 |   const session = await requireSession();

https://nextjs.org/docs/messages/module-not-found @ http://localhost:3000/_next/static/chunks/node_modules_next_dist_f3530cac._.js:3127
[ 8155994ms] [ERROR] ./app/settings/design/page.jsx:5:1
Module not found: Can't resolve './_components/DesignPickerClient'
  3 | import { connectDB } from "@/lib/db/mongoose";
  4 | import User from "@/lib/db/models/User";
> 5 | import DesignPickerClient from "./_components/DesignPickerClient";
    | ^^^^^^^^^^^^^^^^^^^^^^^^^^^^^^^^^^^^^^^^^^^^^^^^^^^^^^^^^^^^^^^^^^
  6 |
  7 | export default async function DesignPickerPage() {
  8 |   const session = await requireSession();

https://nextjs.org/docs/messages/module-not-found @ http://localhost:3000/_next/static/chunks/node_modules_next_dist_f3530cac._.js:3127
[ 8156099ms] [LOG] [Fast Refresh] rebuilding @ http://localhost:3000/_next/static/chunks/node_modules_next_dist_f3530cac._.js:2297
[ 8156204ms] [ERROR] ./app/settings/design/page.jsx:5:1
Module not found: Can't resolve './_components/DesignPickerClient'
  3 | import { connectDB } from "@/lib/db/mongoose";
  4 | import User from "@/lib/db/models/User";
> 5 | import DesignPickerClient from "./_components/DesignPickerClient";
    | ^^^^^^^^^^^^^^^^^^^^^^^^^^^^^^^^^^^^^^^^^^^^^^^^^^^^^^^^^^^^^^^^^^
  6 |
  7 | export default async function DesignPickerPage() {
  8 |   const session = await requireSession();

https://nextjs.org/docs/messages/module-not-found @ http://localhost:3000/_next/static/chunks/node_modules_next_dist_f3530cac._.js:3127
[ 8156311ms] [LOG] [Fast Refresh] rebuilding @ http://localhost:3000/_next/static/chunks/node_modules_next_dist_f3530cac._.js:2297
[ 8157680ms] [ERROR] ./app/settings/design/page.jsx:5:1
Module not found: Can't resolve './_components/DesignPickerClient'
  3 | import { connectDB } from "@/lib/db/mongoose";
  4 | import User from "@/lib/db/models/User";
> 5 | import DesignPickerClient from "./_components/DesignPickerClient";
    | ^^^^^^^^^^^^^^^^^^^^^^^^^^^^^^^^^^^^^^^^^^^^^^^^^^^^^^^^^^^^^^^^^^
  6 |
  7 | export default async function DesignPickerPage() {
  8 |   const session = await requireSession();

https://nextjs.org/docs/messages/module-not-found @ http://localhost:3000/_next/static/chunks/node_modules_next_dist_f3530cac._.js:3127
[ 8157683ms] [ERROR] ./app/settings/design/page.jsx:5:1
Module not found: Can't resolve './_components/DesignPickerClient'
  3 | import { connectDB } from "@/lib/db/mongoose";
  4 | import User from "@/lib/db/models/User";
> 5 | import DesignPickerClient from "./_components/DesignPickerClient";
    | ^^^^^^^^^^^^^^^^^^^^^^^^^^^^^^^^^^^^^^^^^^^^^^^^^^^^^^^^^^^^^^^^^^
  6 |
  7 | export default async function DesignPickerPage() {
  8 |   const session = await requireSession();

https://nextjs.org/docs/messages/module-not-found @ http://localhost:3000/_next/static/chunks/node_modules_next_dist_f3530cac._.js:3127
[ 8157807ms] [LOG] [Fast Refresh] rebuilding @ http://localhost:3000/_next/static/chunks/node_modules_next_dist_f3530cac._.js:2297
[ 8157909ms] [ERROR] ./app/settings/design/page.jsx:5:1
Module not found: Can't resolve './_components/DesignPickerClient'
  3 | import { connectDB } from "@/lib/db/mongoose";
  4 | import User from "@/lib/db/models/User";
> 5 | import DesignPickerClient from "./_components/DesignPickerClient";
    | ^^^^^^^^^^^^^^^^^^^^^^^^^^^^^^^^^^^^^^^^^^^^^^^^^^^^^^^^^^^^^^^^^^
  6 |
  7 | export default async function DesignPickerPage() {
  8 |   const session = await requireSession();

https://nextjs.org/docs/messages/module-not-found @ http://localhost:3000/_next/static/chunks/node_modules_next_dist_f3530cac._.js:3127
[ 8158026ms] [LOG] [Fast Refresh] rebuilding @ http://localhost:3000/_next/static/chunks/node_modules_next_dist_f3530cac._.js:2297
[ 8158035ms] [ERROR] ./app/settings/design/page.jsx:5:1
Module not found: Can't resolve './_components/DesignPickerClient'
  3 | import { connectDB } from "@/lib/db/mongoose";
  4 | import User from "@/lib/db/models/User";
> 5 | import DesignPickerClient from "./_components/DesignPickerClient";
    | ^^^^^^^^^^^^^^^^^^^^^^^^^^^^^^^^^^^^^^^^^^^^^^^^^^^^^^^^^^^^^^^^^^
  6 |
  7 | export default async function DesignPickerPage() {
  8 |   const session = await requireSession();

https://nextjs.org/docs/messages/module-not-found @ http://localhost:3000/_next/static/chunks/node_modules_next_dist_f3530cac._.js:3127
[ 8158111ms] [ERROR] ./app/settings/design/page.jsx:5:1
Module not found: Can't resolve './_components/DesignPickerClient'
  3 | import { connectDB } from "@/lib/db/mongoose";
  4 | import User from "@/lib/db/models/User";
> 5 | import DesignPickerClient from "./_components/DesignPickerClient";
    | ^^^^^^^^^^^^^^^^^^^^^^^^^^^^^^^^^^^^^^^^^^^^^^^^^^^^^^^^^^^^^^^^^^
  6 |
  7 | export default async function DesignPickerPage() {
  8 |   const session = await requireSession();

https://nextjs.org/docs/messages/module-not-found @ http://localhost:3000/_next/static/chunks/node_modules_next_dist_f3530cac._.js:3127
[ 8158194ms] [ERROR] ./app/settings/design/page.jsx:5:1
Module not found: Can't resolve './_components/DesignPickerClient'
  3 | import { connectDB } from "@/lib/db/mongoose";
  4 | import User from "@/lib/db/models/User";
> 5 | import DesignPickerClient from "./_components/DesignPickerClient";
    | ^^^^^^^^^^^^^^^^^^^^^^^^^^^^^^^^^^^^^^^^^^^^^^^^^^^^^^^^^^^^^^^^^^
  6 |
  7 | export default async function DesignPickerPage() {
  8 |   const session = await requireSession();

https://nextjs.org/docs/messages/module-not-found @ http://localhost:3000/_next/static/chunks/node_modules_next_dist_f3530cac._.js:3127
[ 8158259ms] [ERROR] ./app/settings/design/page.jsx:5:1
Module not found: Can't resolve './_components/DesignPickerClient'
  3 | import { connectDB } from "@/lib/db/mongoose";
  4 | import User from "@/lib/db/models/User";
> 5 | import DesignPickerClient from "./_components/DesignPickerClient";
    | ^^^^^^^^^^^^^^^^^^^^^^^^^^^^^^^^^^^^^^^^^^^^^^^^^^^^^^^^^^^^^^^^^^
  6 |
  7 | export default async function DesignPickerPage() {
  8 |   const session = await requireSession();

https://nextjs.org/docs/messages/module-not-found @ http://localhost:3000/_next/static/chunks/node_modules_next_dist_f3530cac._.js:3127
[ 8158295ms] [LOG] [Fast Refresh] rebuilding @ http://localhost:3000/_next/static/chunks/node_modules_next_dist_f3530cac._.js:2297
[ 8158375ms] [ERROR] ./app/settings/design/page.jsx:5:1
Module not found: Can't resolve './_components/DesignPickerClient'
  3 | import { connectDB } from "@/lib/db/mongoose";
  4 | import User from "@/lib/db/models/User";
> 5 | import DesignPickerClient from "./_components/DesignPickerClient";
    | ^^^^^^^^^^^^^^^^^^^^^^^^^^^^^^^^^^^^^^^^^^^^^^^^^^^^^^^^^^^^^^^^^^
  6 |
  7 | export default async function DesignPickerPage() {
  8 |   const session = await requireSession();

https://nextjs.org/docs/messages/module-not-found @ http://localhost:3000/_next/static/chunks/node_modules_next_dist_f3530cac._.js:3127
[ 8158491ms] [ERROR] ./app/settings/design/page.jsx:5:1
Module not found: Can't resolve './_components/DesignPickerClient'
  3 | import { connectDB } from "@/lib/db/mongoose";
  4 | import User from "@/lib/db/models/User";
> 5 | import DesignPickerClient from "./_components/DesignPickerClient";
    | ^^^^^^^^^^^^^^^^^^^^^^^^^^^^^^^^^^^^^^^^^^^^^^^^^^^^^^^^^^^^^^^^^^
  6 |
  7 | export default async function DesignPickerPage() {
  8 |   const session = await requireSession();

https://nextjs.org/docs/messages/module-not-found @ http://localhost:3000/_next/static/chunks/node_modules_next_dist_f3530cac._.js:3127
[ 8158498ms] [LOG] [Fast Refresh] rebuilding @ http://localhost:3000/_next/static/chunks/node_modules_next_dist_f3530cac._.js:2297
[ 8158568ms] [ERROR] ./app/settings/design/page.jsx:5:1
Module not found: Can't resolve './_components/DesignPickerClient'
  3 | import { connectDB } from "@/lib/db/mongoose";
  4 | import User from "@/lib/db/models/User";
> 5 | import DesignPickerClient from "./_components/DesignPickerClient";
    | ^^^^^^^^^^^^^^^^^^^^^^^^^^^^^^^^^^^^^^^^^^^^^^^^^^^^^^^^^^^^^^^^^^
  6 |
  7 | export default async function DesignPickerPage() {
  8 |   const session = await requireSession();

https://nextjs.org/docs/messages/module-not-found @ http://localhost:3000/_next/static/chunks/node_modules_next_dist_f3530cac._.js:3127
[ 8158624ms] [ERROR] ./app/settings/design/page.jsx:5:1
Module not found: Can't resolve './_components/DesignPickerClient'
  3 | import { connectDB } from "@/lib/db/mongoose";
  4 | import User from "@/lib/db/models/User";
> 5 | import DesignPickerClient from "./_components/DesignPickerClient";
    | ^^^^^^^^^^^^^^^^^^^^^^^^^^^^^^^^^^^^^^^^^^^^^^^^^^^^^^^^^^^^^^^^^^
  6 |
  7 | export default async function DesignPickerPage() {
  8 |   const session = await requireSession();

https://nextjs.org/docs/messages/module-not-found @ http://localhost:3000/_next/static/chunks/node_modules_next_dist_f3530cac._.js:3127
[ 8158698ms] [ERROR] ./app/settings/design/page.jsx:5:1
Module not found: Can't resolve './_components/DesignPickerClient'
  3 | import { connectDB } from "@/lib/db/mongoose";
  4 | import User from "@/lib/db/models/User";
> 5 | import DesignPickerClient from "./_components/DesignPickerClient";
    | ^^^^^^^^^^^^^^^^^^^^^^^^^^^^^^^^^^^^^^^^^^^^^^^^^^^^^^^^^^^^^^^^^^
  6 |
  7 | export default async function DesignPickerPage() {
  8 |   const session = await requireSession();

https://nextjs.org/docs/messages/module-not-found @ http://localhost:3000/_next/static/chunks/node_modules_next_dist_f3530cac._.js:3127
[ 8158795ms] [ERROR] ./app/settings/design/page.jsx:5:1
Module not found: Can't resolve './_components/DesignPickerClient'
  3 | import { connectDB } from "@/lib/db/mongoose";
  4 | import User from "@/lib/db/models/User";
> 5 | import DesignPickerClient from "./_components/DesignPickerClient";
    | ^^^^^^^^^^^^^^^^^^^^^^^^^^^^^^^^^^^^^^^^^^^^^^^^^^^^^^^^^^^^^^^^^^
  6 |
  7 | export default async function DesignPickerPage() {
  8 |   const session = await requireSession();

https://nextjs.org/docs/messages/module-not-found @ http://localhost:3000/_next/static/chunks/node_modules_next_dist_f3530cac._.js:3127
[ 8158853ms] [ERROR] ./app/settings/design/page.jsx:5:1
Module not found: Can't resolve './_components/DesignPickerClient'
  3 | import { connectDB } from "@/lib/db/mongoose";
  4 | import User from "@/lib/db/models/User";
> 5 | import DesignPickerClient from "./_components/DesignPickerClient";
    | ^^^^^^^^^^^^^^^^^^^^^^^^^^^^^^^^^^^^^^^^^^^^^^^^^^^^^^^^^^^^^^^^^^
  6 |
  7 | export default async function DesignPickerPage() {
  8 |   const session = await requireSession();

https://nextjs.org/docs/messages/module-not-found @ http://localhost:3000/_next/static/chunks/node_modules_next_dist_f3530cac._.js:3127
[ 8158983ms] [LOG] [Fast Refresh] rebuilding @ http://localhost:3000/_next/static/chunks/node_modules_next_dist_f3530cac._.js:2297
[ 8159004ms] [ERROR] ./app/settings/design/page.jsx:5:1
Module not found: Can't resolve './_components/DesignPickerClient'
  3 | import { connectDB } from "@/lib/db/mongoose";
  4 | import User from "@/lib/db/models/User";
> 5 | import DesignPickerClient from "./_components/DesignPickerClient";
    | ^^^^^^^^^^^^^^^^^^^^^^^^^^^^^^^^^^^^^^^^^^^^^^^^^^^^^^^^^^^^^^^^^^
  6 |
  7 | export default async function DesignPickerPage() {
  8 |   const session = await requireSession();

https://nextjs.org/docs/messages/module-not-found @ http://localhost:3000/_next/static/chunks/node_modules_next_dist_f3530cac._.js:3127
[ 8159103ms] [ERROR] ./app/settings/design/page.jsx:5:1
Module not found: Can't resolve './_components/DesignPickerClient'
  3 | import { connectDB } from "@/lib/db/mongoose";
  4 | import User from "@/lib/db/models/User";
> 5 | import DesignPickerClient from "./_components/DesignPickerClient";
    | ^^^^^^^^^^^^^^^^^^^^^^^^^^^^^^^^^^^^^^^^^^^^^^^^^^^^^^^^^^^^^^^^^^
  6 |
  7 | export default async function DesignPickerPage() {
  8 |   const session = await requireSession();

https://nextjs.org/docs/messages/module-not-found @ http://localhost:3000/_next/static/chunks/node_modules_next_dist_f3530cac._.js:3127
[ 8159129ms] [LOG] [Fast Refresh] rebuilding @ http://localhost:3000/_next/static/chunks/node_modules_next_dist_f3530cac._.js:2297
[ 8159189ms] [ERROR] ./app/settings/design/page.jsx:5:1
Module not found: Can't resolve './_components/DesignPickerClient'
  3 | import { connectDB } from "@/lib/db/mongoose";
  4 | import User from "@/lib/db/models/User";
> 5 | import DesignPickerClient from "./_components/DesignPickerClient";
    | ^^^^^^^^^^^^^^^^^^^^^^^^^^^^^^^^^^^^^^^^^^^^^^^^^^^^^^^^^^^^^^^^^^
  6 |
  7 | export default async function DesignPickerPage() {
  8 |   const session = await requireSession();

https://nextjs.org/docs/messages/module-not-found @ http://localhost:3000/_next/static/chunks/node_modules_next_dist_f3530cac._.js:3127
[ 8159251ms] [ERROR] ./app/settings/design/page.jsx:5:1
Module not found: Can't resolve './_components/DesignPickerClient'
  3 | import { connectDB } from "@/lib/db/mongoose";
  4 | import User from "@/lib/db/models/User";
> 5 | import DesignPickerClient from "./_components/DesignPickerClient";
    | ^^^^^^^^^^^^^^^^^^^^^^^^^^^^^^^^^^^^^^^^^^^^^^^^^^^^^^^^^^^^^^^^^^
  6 |
  7 | export default async function DesignPickerPage() {
  8 |   const session = await requireSession();

https://nextjs.org/docs/messages/module-not-found @ http://localhost:3000/_next/static/chunks/node_modules_next_dist_f3530cac._.js:3127
[ 8159290ms] [ERROR] ./app/settings/design/page.jsx:5:1
Module not found: Can't resolve './_components/DesignPickerClient'
  3 | import { connectDB } from "@/lib/db/mongoose";
  4 | import User from "@/lib/db/models/User";
> 5 | import DesignPickerClient from "./_components/DesignPickerClient";
    | ^^^^^^^^^^^^^^^^^^^^^^^^^^^^^^^^^^^^^^^^^^^^^^^^^^^^^^^^^^^^^^^^^^
  6 |
  7 | export default async function DesignPickerPage() {
  8 |   const session = await requireSession();

https://nextjs.org/docs/messages/module-not-found @ http://localhost:3000/_next/static/chunks/node_modules_next_dist_f3530cac._.js:3127
[ 8159414ms] [LOG] [Fast Refresh] rebuilding @ http://localhost:3000/_next/static/chunks/node_modules_next_dist_f3530cac._.js:2297
[ 8159438ms] [ERROR] ./app/settings/design/page.jsx:5:1
Module not found: Can't resolve './_components/DesignPickerClient'
  3 | import { connectDB } from "@/lib/db/mongoose";
  4 | import User from "@/lib/db/models/User";
> 5 | import DesignPickerClient from "./_components/DesignPickerClient";
    | ^^^^^^^^^^^^^^^^^^^^^^^^^^^^^^^^^^^^^^^^^^^^^^^^^^^^^^^^^^^^^^^^^^
  6 |
  7 | export default async function DesignPickerPage() {
  8 |   const session = await requireSession();

https://nextjs.org/docs/messages/module-not-found @ http://localhost:3000/_next/static/chunks/node_modules_next_dist_f3530cac._.js:3127
[ 8159530ms] [ERROR] ./app/settings/design/page.jsx:5:1
Module not found: Can't resolve './_components/DesignPickerClient'
  3 | import { connectDB } from "@/lib/db/mongoose";
  4 | import User from "@/lib/db/models/User";
> 5 | import DesignPickerClient from "./_components/DesignPickerClient";
    | ^^^^^^^^^^^^^^^^^^^^^^^^^^^^^^^^^^^^^^^^^^^^^^^^^^^^^^^^^^^^^^^^^^
  6 |
  7 | export default async function DesignPickerPage() {
  8 |   const session = await requireSession();

https://nextjs.org/docs/messages/module-not-found @ http://localhost:3000/_next/static/chunks/node_modules_next_dist_f3530cac._.js:3127
[ 8159598ms] [ERROR] ./app/settings/design/page.jsx:5:1
Module not found: Can't resolve './_components/DesignPickerClient'
  3 | import { connectDB } from "@/lib/db/mongoose";
  4 | import User from "@/lib/db/models/User";
> 5 | import DesignPickerClient from "./_components/DesignPickerClient";
    | ^^^^^^^^^^^^^^^^^^^^^^^^^^^^^^^^^^^^^^^^^^^^^^^^^^^^^^^^^^^^^^^^^^
  6 |
  7 | export default async function DesignPickerPage() {
  8 |   const session = await requireSession();

https://nextjs.org/docs/messages/module-not-found @ http://localhost:3000/_next/static/chunks/node_modules_next_dist_f3530cac._.js:3127
[ 8159685ms] [ERROR] ./app/settings/design/page.jsx:5:1
Module not found: Can't resolve './_components/DesignPickerClient'
  3 | import { connectDB } from "@/lib/db/mongoose";
  4 | import User from "@/lib/db/models/User";
> 5 | import DesignPickerClient from "./_components/DesignPickerClient";
    | ^^^^^^^^^^^^^^^^^^^^^^^^^^^^^^^^^^^^^^^^^^^^^^^^^^^^^^^^^^^^^^^^^^
  6 |
  7 | export default async function DesignPickerPage() {
  8 |   const session = await requireSession();

https://nextjs.org/docs/messages/module-not-found @ http://localhost:3000/_next/static/chunks/node_modules_next_dist_f3530cac._.js:3127
[ 8159744ms] [ERROR] ./app/settings/design/page.jsx:5:1
Module not found: Can't resolve './_components/DesignPickerClient'
  3 | import { connectDB } from "@/lib/db/mongoose";
  4 | import User from "@/lib/db/models/User";
> 5 | import DesignPickerClient from "./_components/DesignPickerClient";
    | ^^^^^^^^^^^^^^^^^^^^^^^^^^^^^^^^^^^^^^^^^^^^^^^^^^^^^^^^^^^^^^^^^^
  6 |
  7 | export default async function DesignPickerPage() {
  8 |   const session = await requireSession();

https://nextjs.org/docs/messages/module-not-found @ http://localhost:3000/_next/static/chunks/node_modules_next_dist_f3530cac._.js:3127
[ 8159784ms] [ERROR] ./app/settings/design/page.jsx:5:1
Module not found: Can't resolve './_components/DesignPickerClient'
  3 | import { connectDB } from "@/lib/db/mongoose";
  4 | import User from "@/lib/db/models/User";
> 5 | import DesignPickerClient from "./_components/DesignPickerClient";
    | ^^^^^^^^^^^^^^^^^^^^^^^^^^^^^^^^^^^^^^^^^^^^^^^^^^^^^^^^^^^^^^^^^^
  6 |
  7 | export default async function DesignPickerPage() {
  8 |   const session = await requireSession();

https://nextjs.org/docs/messages/module-not-found @ http://localhost:3000/_next/static/chunks/node_modules_next_dist_f3530cac._.js:3127
[ 8159861ms] [ERROR] ./app/settings/design/page.jsx:5:1
Module not found: Can't resolve './_components/DesignPickerClient'
  3 | import { connectDB } from "@/lib/db/mongoose";
  4 | import User from "@/lib/db/models/User";
> 5 | import DesignPickerClient from "./_components/DesignPickerClient";
    | ^^^^^^^^^^^^^^^^^^^^^^^^^^^^^^^^^^^^^^^^^^^^^^^^^^^^^^^^^^^^^^^^^^
  6 |
  7 | export default async function DesignPickerPage() {
  8 |   const session = await requireSession();

https://nextjs.org/docs/messages/module-not-found @ http://localhost:3000/_next/static/chunks/node_modules_next_dist_f3530cac._.js:3127
[ 8159930ms] [ERROR] ./app/settings/design/page.jsx:5:1
Module not found: Can't resolve './_components/DesignPickerClient'
  3 | import { connectDB } from "@/lib/db/mongoose";
  4 | import User from "@/lib/db/models/User";
> 5 | import DesignPickerClient from "./_components/DesignPickerClient";
    | ^^^^^^^^^^^^^^^^^^^^^^^^^^^^^^^^^^^^^^^^^^^^^^^^^^^^^^^^^^^^^^^^^^
  6 |
  7 | export default async function DesignPickerPage() {
  8 |   const session = await requireSession();

https://nextjs.org/docs/messages/module-not-found @ http://localhost:3000/_next/static/chunks/node_modules_next_dist_f3530cac._.js:3127
[ 8159991ms] [ERROR] ./app/settings/design/page.jsx:5:1
Module not found: Can't resolve './_components/DesignPickerClient'
  3 | import { connectDB } from "@/lib/db/mongoose";
  4 | import User from "@/lib/db/models/User";
> 5 | import DesignPickerClient from "./_components/DesignPickerClient";
    | ^^^^^^^^^^^^^^^^^^^^^^^^^^^^^^^^^^^^^^^^^^^^^^^^^^^^^^^^^^^^^^^^^^
  6 |
  7 | export default async function DesignPickerPage() {
  8 |   const session = await requireSession();

https://nextjs.org/docs/messages/module-not-found @ http://localhost:3000/_next/static/chunks/node_modules_next_dist_f3530cac._.js:3127
[ 8160091ms] [ERROR] ./app/settings/design/page.jsx:5:1
Module not found: Can't resolve './_components/DesignPickerClient'
  3 | import { connectDB } from "@/lib/db/mongoose";
  4 | import User from "@/lib/db/models/User";
> 5 | import DesignPickerClient from "./_components/DesignPickerClient";
    | ^^^^^^^^^^^^^^^^^^^^^^^^^^^^^^^^^^^^^^^^^^^^^^^^^^^^^^^^^^^^^^^^^^
  6 |
  7 | export default async function DesignPickerPage() {
  8 |   const session = await requireSession();

https://nextjs.org/docs/messages/module-not-found @ http://localhost:3000/_next/static/chunks/node_modules_next_dist_f3530cac._.js:3127
[ 8160181ms] [ERROR] ./app/settings/design/page.jsx:5:1
Module not found: Can't resolve './_components/DesignPickerClient'
  3 | import { connectDB } from "@/lib/db/mongoose";
  4 | import User from "@/lib/db/models/User";
> 5 | import DesignPickerClient from "./_components/DesignPickerClient";
    | ^^^^^^^^^^^^^^^^^^^^^^^^^^^^^^^^^^^^^^^^^^^^^^^^^^^^^^^^^^^^^^^^^^
  6 |
  7 | export default async function DesignPickerPage() {
  8 |   const session = await requireSession();

https://nextjs.org/docs/messages/module-not-found @ http://localhost:3000/_next/static/chunks/node_modules_next_dist_f3530cac._.js:3127
[ 8160196ms] [LOG] [Fast Refresh] rebuilding @ http://localhost:3000/_next/static/chunks/node_modules_next_dist_f3530cac._.js:2297
[ 8160282ms] [ERROR] ./app/settings/design/page.jsx:5:1
Module not found: Can't resolve './_components/DesignPickerClient'
  3 | import { connectDB } from "@/lib/db/mongoose";
  4 | import User from "@/lib/db/models/User";
> 5 | import DesignPickerClient from "./_components/DesignPickerClient";
    | ^^^^^^^^^^^^^^^^^^^^^^^^^^^^^^^^^^^^^^^^^^^^^^^^^^^^^^^^^^^^^^^^^^
  6 |
  7 | export default async function DesignPickerPage() {
  8 |   const session = await requireSession();

https://nextjs.org/docs/messages/module-not-found @ http://localhost:3000/_next/static/chunks/node_modules_next_dist_f3530cac._.js:3127
[ 8160334ms] [ERROR] ./app/settings/design/page.jsx:5:1
Module not found: Can't resolve './_components/DesignPickerClient'
  3 | import { connectDB } from "@/lib/db/mongoose";
  4 | import User from "@/lib/db/models/User";
> 5 | import DesignPickerClient from "./_components/DesignPickerClient";
    | ^^^^^^^^^^^^^^^^^^^^^^^^^^^^^^^^^^^^^^^^^^^^^^^^^^^^^^^^^^^^^^^^^^
  6 |
  7 | export default async function DesignPickerPage() {
  8 |   const session = await requireSession();

https://nextjs.org/docs/messages/module-not-found @ http://localhost:3000/_next/static/chunks/node_modules_next_dist_f3530cac._.js:3127
[ 8160397ms] [ERROR] ./app/settings/design/page.jsx:5:1
Module not found: Can't resolve './_components/DesignPickerClient'
  3 | import { connectDB } from "@/lib/db/mongoose";
  4 | import User from "@/lib/db/models/User";
> 5 | import DesignPickerClient from "./_components/DesignPickerClient";
    | ^^^^^^^^^^^^^^^^^^^^^^^^^^^^^^^^^^^^^^^^^^^^^^^^^^^^^^^^^^^^^^^^^^
  6 |
  7 | export default async function DesignPickerPage() {
  8 |   const session = await requireSession();

https://nextjs.org/docs/messages/module-not-found @ http://localhost:3000/_next/static/chunks/node_modules_next_dist_f3530cac._.js:3127
[ 8160460ms] [ERROR] ./app/settings/design/page.jsx:5:1
Module not found: Can't resolve './_components/DesignPickerClient'
  3 | import { connectDB } from "@/lib/db/mongoose";
  4 | import User from "@/lib/db/models/User";
> 5 | import DesignPickerClient from "./_components/DesignPickerClient";
    | ^^^^^^^^^^^^^^^^^^^^^^^^^^^^^^^^^^^^^^^^^^^^^^^^^^^^^^^^^^^^^^^^^^
  6 |
  7 | export default async function DesignPickerPage() {
  8 |   const session = await requireSession();

https://nextjs.org/docs/messages/module-not-found @ http://localhost:3000/_next/static/chunks/node_modules_next_dist_f3530cac._.js:3127
[ 8160521ms] [ERROR] ./app/settings/design/page.jsx:5:1
Module not found: Can't resolve './_components/DesignPickerClient'
  3 | import { connectDB } from "@/lib/db/mongoose";
  4 | import User from "@/lib/db/models/User";
> 5 | import DesignPickerClient from "./_components/DesignPickerClient";
    | ^^^^^^^^^^^^^^^^^^^^^^^^^^^^^^^^^^^^^^^^^^^^^^^^^^^^^^^^^^^^^^^^^^
  6 |
  7 | export default async function DesignPickerPage() {
  8 |   const session = await requireSession();

https://nextjs.org/docs/messages/module-not-found @ http://localhost:3000/_next/static/chunks/node_modules_next_dist_f3530cac._.js:3127
[ 8160580ms] [ERROR] ./app/settings/design/page.jsx:5:1
Module not found: Can't resolve './_components/DesignPickerClient'
  3 | import { connectDB } from "@/lib/db/mongoose";
  4 | import User from "@/lib/db/models/User";
> 5 | import DesignPickerClient from "./_components/DesignPickerClient";
    | ^^^^^^^^^^^^^^^^^^^^^^^^^^^^^^^^^^^^^^^^^^^^^^^^^^^^^^^^^^^^^^^^^^
  6 |
  7 | export default async function DesignPickerPage() {
  8 |   const session = await requireSession();

https://nextjs.org/docs/messages/module-not-found @ http://localhost:3000/_next/static/chunks/node_modules_next_dist_f3530cac._.js:3127
[ 8160625ms] [LOG] [Fast Refresh] rebuilding @ http://localhost:3000/_next/static/chunks/node_modules_next_dist_f3530cac._.js:2297
[ 8160735ms] [LOG] [Fast Refresh] rebuilding @ http://localhost:3000/_next/static/chunks/node_modules_next_dist_f3530cac._.js:2297
[ 8160780ms] [ERROR] ./app/settings/design/page.jsx:5:1
Module not found: Can't resolve './_components/DesignPickerClient'
  3 | import { connectDB } from "@/lib/db/mongoose";
  4 | import User from "@/lib/db/models/User";
> 5 | import DesignPickerClient from "./_components/DesignPickerClient";
    | ^^^^^^^^^^^^^^^^^^^^^^^^^^^^^^^^^^^^^^^^^^^^^^^^^^^^^^^^^^^^^^^^^^
  6 |
  7 | export default async function DesignPickerPage() {
  8 |   const session = await requireSession();

https://nextjs.org/docs/messages/module-not-found @ http://localhost:3000/_next/static/chunks/node_modules_next_dist_f3530cac._.js:3127
[ 8160830ms] [ERROR] ./app/settings/design/page.jsx:5:1
Module not found: Can't resolve './_components/DesignPickerClient'
  3 | import { connectDB } from "@/lib/db/mongoose";
  4 | import User from "@/lib/db/models/User";
> 5 | import DesignPickerClient from "./_components/DesignPickerClient";
    | ^^^^^^^^^^^^^^^^^^^^^^^^^^^^^^^^^^^^^^^^^^^^^^^^^^^^^^^^^^^^^^^^^^
  6 |
  7 | export default async function DesignPickerPage() {
  8 |   const session = await requireSession();

https://nextjs.org/docs/messages/module-not-found @ http://localhost:3000/_next/static/chunks/node_modules_next_dist_f3530cac._.js:3127
[ 8160929ms] [LOG] [Fast Refresh] rebuilding @ http://localhost:3000/_next/static/chunks/node_modules_next_dist_f3530cac._.js:2297
[ 8161048ms] [ERROR] ./app/settings/design/page.jsx:5:1
Module not found: Can't resolve './_components/DesignPickerClient'
  3 | import { connectDB } from "@/lib/db/mongoose";
  4 | import User from "@/lib/db/models/User";
> 5 | import DesignPickerClient from "./_components/DesignPickerClient";
    | ^^^^^^^^^^^^^^^^^^^^^^^^^^^^^^^^^^^^^^^^^^^^^^^^^^^^^^^^^^^^^^^^^^
  6 |
  7 | export default async function DesignPickerPage() {
  8 |   const session = await requireSession();

https://nextjs.org/docs/messages/module-not-found @ http://localhost:3000/_next/static/chunks/node_modules_next_dist_f3530cac._.js:3127
[ 8161110ms] [ERROR] ./app/settings/design/page.jsx:5:1
Module not found: Can't resolve './_components/DesignPickerClient'
  3 | import { connectDB } from "@/lib/db/mongoose";
  4 | import User from "@/lib/db/models/User";
> 5 | import DesignPickerClient from "./_components/DesignPickerClient";
    | ^^^^^^^^^^^^^^^^^^^^^^^^^^^^^^^^^^^^^^^^^^^^^^^^^^^^^^^^^^^^^^^^^^
  6 |
  7 | export default async function DesignPickerPage() {
  8 |   const session = await requireSession();

https://nextjs.org/docs/messages/module-not-found @ http://localhost:3000/_next/static/chunks/node_modules_next_dist_f3530cac._.js:3127
[ 8161232ms] [LOG] [Fast Refresh] rebuilding @ http://localhost:3000/_next/static/chunks/node_modules_next_dist_f3530cac._.js:2297
[ 8161288ms] [ERROR] ./app/settings/design/page.jsx:5:1
Module not found: Can't resolve './_components/DesignPickerClient'
  3 | import { connectDB } from "@/lib/db/mongoose";
  4 | import User from "@/lib/db/models/User";
> 5 | import DesignPickerClient from "./_components/DesignPickerClient";
    | ^^^^^^^^^^^^^^^^^^^^^^^^^^^^^^^^^^^^^^^^^^^^^^^^^^^^^^^^^^^^^^^^^^
  6 |
  7 | export default async function DesignPickerPage() {
  8 |   const session = await requireSession();

https://nextjs.org/docs/messages/module-not-found @ http://localhost:3000/_next/static/chunks/node_modules_next_dist_f3530cac._.js:3127
[ 8161430ms] [ERROR] ./app/settings/design/page.jsx:5:1
Module not found: Can't resolve './_components/DesignPickerClient'
  3 | import { connectDB } from "@/lib/db/mongoose";
  4 | import User from "@/lib/db/models/User";
> 5 | import DesignPickerClient from "./_components/DesignPickerClient";
    | ^^^^^^^^^^^^^^^^^^^^^^^^^^^^^^^^^^^^^^^^^^^^^^^^^^^^^^^^^^^^^^^^^^
  6 |
  7 | export default async function DesignPickerPage() {
  8 |   const session = await requireSession();

https://nextjs.org/docs/messages/module-not-found @ http://localhost:3000/_next/static/chunks/node_modules_next_dist_f3530cac._.js:3127
[ 8161438ms] [LOG] [Fast Refresh] rebuilding @ http://localhost:3000/_next/static/chunks/node_modules_next_dist_f3530cac._.js:2297
[ 8161529ms] [ERROR] ./app/settings/design/page.jsx:5:1
Module not found: Can't resolve './_components/DesignPickerClient'
  3 | import { connectDB } from "@/lib/db/mongoose";
  4 | import User from "@/lib/db/models/User";
> 5 | import DesignPickerClient from "./_components/DesignPickerClient";
    | ^^^^^^^^^^^^^^^^^^^^^^^^^^^^^^^^^^^^^^^^^^^^^^^^^^^^^^^^^^^^^^^^^^
  6 |
  7 | export default async function DesignPickerPage() {
  8 |   const session = await requireSession();

https://nextjs.org/docs/messages/module-not-found @ http://localhost:3000/_next/static/chunks/node_modules_next_dist_f3530cac._.js:3127
[ 8161554ms] [LOG] [Fast Refresh] rebuilding @ http://localhost:3000/_next/static/chunks/node_modules_next_dist_f3530cac._.js:2297
[ 8161675ms] [LOG] [Fast Refresh] rebuilding @ http://localhost:3000/_next/static/chunks/node_modules_next_dist_f3530cac._.js:2297
[ 8161714ms] [ERROR] ./app/settings/design/page.jsx:5:1
Module not found: Can't resolve './_components/DesignPickerClient'
  3 | import { connectDB } from "@/lib/db/mongoose";
  4 | import User from "@/lib/db/models/User";
> 5 | import DesignPickerClient from "./_components/DesignPickerClient";
    | ^^^^^^^^^^^^^^^^^^^^^^^^^^^^^^^^^^^^^^^^^^^^^^^^^^^^^^^^^^^^^^^^^^
  6 |
  7 | export default async function DesignPickerPage() {
  8 |   const session = await requireSession();

https://nextjs.org/docs/messages/module-not-found @ http://localhost:3000/_next/static/chunks/node_modules_next_dist_f3530cac._.js:3127
[ 8161843ms] [LOG] [Fast Refresh] rebuilding @ http://localhost:3000/_next/static/chunks/node_modules_next_dist_f3530cac._.js:2297
[ 8161906ms] [ERROR] ./app/settings/design/page.jsx:5:1
Module not found: Can't resolve './_components/DesignPickerClient'
  3 | import { connectDB } from "@/lib/db/mongoose";
  4 | import User from "@/lib/db/models/User";
> 5 | import DesignPickerClient from "./_components/DesignPickerClient";
    | ^^^^^^^^^^^^^^^^^^^^^^^^^^^^^^^^^^^^^^^^^^^^^^^^^^^^^^^^^^^^^^^^^^
  6 |
  7 | export default async function DesignPickerPage() {
  8 |   const session = await requireSession();

https://nextjs.org/docs/messages/module-not-found @ http://localhost:3000/_next/static/chunks/node_modules_next_dist_f3530cac._.js:3127
[ 8162081ms] [LOG] [Fast Refresh] rebuilding @ http://localhost:3000/_next/static/chunks/node_modules_next_dist_f3530cac._.js:2297
[ 8162092ms] [ERROR] ./app/settings/design/page.jsx:5:1
Module not found: Can't resolve './_components/DesignPickerClient'
  3 | import { connectDB } from "@/lib/db/mongoose";
  4 | import User from "@/lib/db/models/User";
> 5 | import DesignPickerClient from "./_components/DesignPickerClient";
    | ^^^^^^^^^^^^^^^^^^^^^^^^^^^^^^^^^^^^^^^^^^^^^^^^^^^^^^^^^^^^^^^^^^
  6 |
  7 | export default async function DesignPickerPage() {
  8 |   const session = await requireSession();

https://nextjs.org/docs/messages/module-not-found @ http://localhost:3000/_next/static/chunks/node_modules_next_dist_f3530cac._.js:3127
[ 8162190ms] [ERROR] ./app/settings/design/page.jsx:5:1
Module not found: Can't resolve './_components/DesignPickerClient'
  3 | import { connectDB } from "@/lib/db/mongoose";
  4 | import User from "@/lib/db/models/User";
> 5 | import DesignPickerClient from "./_components/DesignPickerClient";
    | ^^^^^^^^^^^^^^^^^^^^^^^^^^^^^^^^^^^^^^^^^^^^^^^^^^^^^^^^^^^^^^^^^^
  6 |
  7 | export default async function DesignPickerPage() {
  8 |   const session = await requireSession();

https://nextjs.org/docs/messages/module-not-found @ http://localhost:3000/_next/static/chunks/node_modules_next_dist_f3530cac._.js:3127
[ 8162219ms] [LOG] [Fast Refresh] rebuilding @ http://localhost:3000/_next/static/chunks/node_modules_next_dist_f3530cac._.js:2297
[ 8162359ms] [LOG] [Fast Refresh] rebuilding @ http://localhost:3000/_next/static/chunks/node_modules_next_dist_f3530cac._.js:2297
[ 8162392ms] [ERROR] ./app/settings/design/page.jsx:5:1
Module not found: Can't resolve './_components/DesignPickerClient'
  3 | import { connectDB } from "@/lib/db/mongoose";
  4 | import User from "@/lib/db/models/User";
> 5 | import DesignPickerClient from "./_components/DesignPickerClient";
    | ^^^^^^^^^^^^^^^^^^^^^^^^^^^^^^^^^^^^^^^^^^^^^^^^^^^^^^^^^^^^^^^^^^
  6 |
  7 | export default async function DesignPickerPage() {
  8 |   const session = await requireSession();

https://nextjs.org/docs/messages/module-not-found @ http://localhost:3000/_next/static/chunks/node_modules_next_dist_f3530cac._.js:3127
[ 8162541ms] [ERROR] ./app/settings/design/page.jsx:5:1
Module not found: Can't resolve './_components/DesignPickerClient'
  3 | import { connectDB } from "@/lib/db/mongoose";
  4 | import User from "@/lib/db/models/User";
> 5 | import DesignPickerClient from "./_components/DesignPickerClient";
    | ^^^^^^^^^^^^^^^^^^^^^^^^^^^^^^^^^^^^^^^^^^^^^^^^^^^^^^^^^^^^^^^^^^
  6 |
  7 | export default async function DesignPickerPage() {
  8 |   const session = await requireSession();

https://nextjs.org/docs/messages/module-not-found @ http://localhost:3000/_next/static/chunks/node_modules_next_dist_f3530cac._.js:3127
[ 8162559ms] [LOG] [Fast Refresh] rebuilding @ http://localhost:3000/_next/static/chunks/node_modules_next_dist_f3530cac._.js:2297
[ 8162723ms] [LOG] [Fast Refresh] rebuilding @ http://localhost:3000/_next/static/chunks/node_modules_next_dist_f3530cac._.js:2297
[ 8162745ms] [ERROR] ./app/settings/design/page.jsx:5:1
Module not found: Can't resolve './_components/DesignPickerClient'
  3 | import { connectDB } from "@/lib/db/mongoose";
  4 | import User from "@/lib/db/models/User";
> 5 | import DesignPickerClient from "./_components/DesignPickerClient";
    | ^^^^^^^^^^^^^^^^^^^^^^^^^^^^^^^^^^^^^^^^^^^^^^^^^^^^^^^^^^^^^^^^^^
  6 |
  7 | export default async function DesignPickerPage() {
  8 |   const session = await requireSession();

https://nextjs.org/docs/messages/module-not-found @ http://localhost:3000/_next/static/chunks/node_modules_next_dist_f3530cac._.js:3127
[ 8162814ms] [ERROR] ./app/settings/design/page.jsx:5:1
Module not found: Can't resolve './_components/DesignPickerClient'
  3 | import { connectDB } from "@/lib/db/mongoose";
  4 | import User from "@/lib/db/models/User";
> 5 | import DesignPickerClient from "./_components/DesignPickerClient";
    | ^^^^^^^^^^^^^^^^^^^^^^^^^^^^^^^^^^^^^^^^^^^^^^^^^^^^^^^^^^^^^^^^^^
  6 |
  7 | export default async function DesignPickerPage() {
  8 |   const session = await requireSession();

https://nextjs.org/docs/messages/module-not-found @ http://localhost:3000/_next/static/chunks/node_modules_next_dist_f3530cac._.js:3127
[ 8162906ms] [ERROR] ./app/settings/design/page.jsx:5:1
Module not found: Can't resolve './_components/DesignPickerClient'
  3 | import { connectDB } from "@/lib/db/mongoose";
  4 | import User from "@/lib/db/models/User";
> 5 | import DesignPickerClient from "./_components/DesignPickerClient";
    | ^^^^^^^^^^^^^^^^^^^^^^^^^^^^^^^^^^^^^^^^^^^^^^^^^^^^^^^^^^^^^^^^^^
  6 |
  7 | export default async function DesignPickerPage() {
  8 |   const session = await requireSession();

https://nextjs.org/docs/messages/module-not-found @ http://localhost:3000/_next/static/chunks/node_modules_next_dist_f3530cac._.js:3127
[ 8162916ms] [LOG] [Fast Refresh] rebuilding @ http://localhost:3000/_next/static/chunks/node_modules_next_dist_f3530cac._.js:2297
[ 8163038ms] [LOG] [Fast Refresh] rebuilding @ http://localhost:3000/_next/static/chunks/node_modules_next_dist_f3530cac._.js:2297
[ 8163045ms] [ERROR] ./app/settings/design/page.jsx:5:1
Module not found: Can't resolve './_components/DesignPickerClient'
  3 | import { connectDB } from "@/lib/db/mongoose";
  4 | import User from "@/lib/db/models/User";
> 5 | import DesignPickerClient from "./_components/DesignPickerClient";
    | ^^^^^^^^^^^^^^^^^^^^^^^^^^^^^^^^^^^^^^^^^^^^^^^^^^^^^^^^^^^^^^^^^^
  6 |
  7 | export default async function DesignPickerPage() {
  8 |   const session = await requireSession();

https://nextjs.org/docs/messages/module-not-found @ http://localhost:3000/_next/static/chunks/node_modules_next_dist_f3530cac._.js:3127
[ 8163151ms] [ERROR] ./app/settings/design/page.jsx:5:1
Module not found: Can't resolve './_components/DesignPickerClient'
  3 | import { connectDB } from "@/lib/db/mongoose";
  4 | import User from "@/lib/db/models/User";
> 5 | import DesignPickerClient from "./_components/DesignPickerClient";
    | ^^^^^^^^^^^^^^^^^^^^^^^^^^^^^^^^^^^^^^^^^^^^^^^^^^^^^^^^^^^^^^^^^^
  6 |
  7 | export default async function DesignPickerPage() {
  8 |   const session = await requireSession();

https://nextjs.org/docs/messages/module-not-found @ http://localhost:3000/_next/static/chunks/node_modules_next_dist_f3530cac._.js:3127
[ 8163269ms] [LOG] [Fast Refresh] rebuilding @ http://localhost:3000/_next/static/chunks/node_modules_next_dist_f3530cac._.js:2297
[ 8163283ms] [ERROR] ./app/settings/design/page.jsx:5:1
Module not found: Can't resolve './_components/DesignPickerClient'
  3 | import { connectDB } from "@/lib/db/mongoose";
  4 | import User from "@/lib/db/models/User";
> 5 | import DesignPickerClient from "./_components/DesignPickerClient";
    | ^^^^^^^^^^^^^^^^^^^^^^^^^^^^^^^^^^^^^^^^^^^^^^^^^^^^^^^^^^^^^^^^^^
  6 |
  7 | export default async function DesignPickerPage() {
  8 |   const session = await requireSession();

https://nextjs.org/docs/messages/module-not-found @ http://localhost:3000/_next/static/chunks/node_modules_next_dist_f3530cac._.js:3127
[ 8163375ms] [ERROR] ./app/settings/design/page.jsx:5:1
Module not found: Can't resolve './_components/DesignPickerClient'
  3 | import { connectDB } from "@/lib/db/mongoose";
  4 | import User from "@/lib/db/models/User";
> 5 | import DesignPickerClient from "./_components/DesignPickerClient";
    | ^^^^^^^^^^^^^^^^^^^^^^^^^^^^^^^^^^^^^^^^^^^^^^^^^^^^^^^^^^^^^^^^^^
  6 |
  7 | export default async function DesignPickerPage() {
  8 |   const session = await requireSession();

https://nextjs.org/docs/messages/module-not-found @ http://localhost:3000/_next/static/chunks/node_modules_next_dist_f3530cac._.js:3127
[ 8163490ms] [ERROR] ./app/settings/design/page.jsx:5:1
Module not found: Can't resolve './_components/DesignPickerClient'
  3 | import { connectDB } from "@/lib/db/mongoose";
  4 | import User from "@/lib/db/models/User";
> 5 | import DesignPickerClient from "./_components/DesignPickerClient";
    | ^^^^^^^^^^^^^^^^^^^^^^^^^^^^^^^^^^^^^^^^^^^^^^^^^^^^^^^^^^^^^^^^^^
  6 |
  7 | export default async function DesignPickerPage() {
  8 |   const session = await requireSession();

https://nextjs.org/docs/messages/module-not-found @ http://localhost:3000/_next/static/chunks/node_modules_next_dist_f3530cac._.js:3127
[ 8163492ms] [ERROR] ./app/settings/design/page.jsx:5:1
Module not found: Can't resolve './_components/DesignPickerClient'
  3 | import { connectDB } from "@/lib/db/mongoose";
  4 | import User from "@/lib/db/models/User";
> 5 | import DesignPickerClient from "./_components/DesignPickerClient";
    | ^^^^^^^^^^^^^^^^^^^^^^^^^^^^^^^^^^^^^^^^^^^^^^^^^^^^^^^^^^^^^^^^^^
  6 |
  7 | export default async function DesignPickerPage() {
  8 |   const session = await requireSession();

https://nextjs.org/docs/messages/module-not-found @ http://localhost:3000/_next/static/chunks/node_modules_next_dist_f3530cac._.js:3127
[ 8163638ms] [ERROR] ./app/settings/design/page.jsx:5:1
Module not found: Can't resolve './_components/DesignPickerClient'
  3 | import { connectDB } from "@/lib/db/mongoose";
  4 | import User from "@/lib/db/models/User";
> 5 | import DesignPickerClient from "./_components/DesignPickerClient";
    | ^^^^^^^^^^^^^^^^^^^^^^^^^^^^^^^^^^^^^^^^^^^^^^^^^^^^^^^^^^^^^^^^^^
  6 |
  7 | export default async function DesignPickerPage() {
  8 |   const session = await requireSession();

https://nextjs.org/docs/messages/module-not-found @ http://localhost:3000/_next/static/chunks/node_modules_next_dist_f3530cac._.js:3127
[ 8163660ms] [LOG] [Fast Refresh] rebuilding @ http://localhost:3000/_next/static/chunks/node_modules_next_dist_f3530cac._.js:2297
[ 8163765ms] [LOG] [Fast Refresh] rebuilding @ http://localhost:3000/_next/static/chunks/node_modules_next_dist_f3530cac._.js:2297
[ 8163797ms] [ERROR] ./app/settings/design/page.jsx:5:1
Module not found: Can't resolve './_components/DesignPickerClient'
  3 | import { connectDB } from "@/lib/db/mongoose";
  4 | import User from "@/lib/db/models/User";
> 5 | import DesignPickerClient from "./_components/DesignPickerClient";
    | ^^^^^^^^^^^^^^^^^^^^^^^^^^^^^^^^^^^^^^^^^^^^^^^^^^^^^^^^^^^^^^^^^^
  6 |
  7 | export default async function DesignPickerPage() {
  8 |   const session = await requireSession();

https://nextjs.org/docs/messages/module-not-found @ http://localhost:3000/_next/static/chunks/node_modules_next_dist_f3530cac._.js:3127
[ 8163925ms] [ERROR] ./app/settings/design/page.jsx:5:1
Module not found: Can't resolve './_components/DesignPickerClient'
  3 | import { connectDB } from "@/lib/db/mongoose";
  4 | import User from "@/lib/db/models/User";
> 5 | import DesignPickerClient from "./_components/DesignPickerClient";
    | ^^^^^^^^^^^^^^^^^^^^^^^^^^^^^^^^^^^^^^^^^^^^^^^^^^^^^^^^^^^^^^^^^^
  6 |
  7 | export default async function DesignPickerPage() {
  8 |   const session = await requireSession();

https://nextjs.org/docs/messages/module-not-found @ http://localhost:3000/_next/static/chunks/node_modules_next_dist_f3530cac._.js:3127
[ 8163935ms] [LOG] [Fast Refresh] rebuilding @ http://localhost:3000/_next/static/chunks/node_modules_next_dist_f3530cac._.js:2297
[ 8164005ms] [ERROR] ./app/settings/design/page.jsx:5:1
Module not found: Can't resolve './_components/DesignPickerClient'
  3 | import { connectDB } from "@/lib/db/mongoose";
  4 | import User from "@/lib/db/models/User";
> 5 | import DesignPickerClient from "./_components/DesignPickerClient";
    | ^^^^^^^^^^^^^^^^^^^^^^^^^^^^^^^^^^^^^^^^^^^^^^^^^^^^^^^^^^^^^^^^^^
  6 |
  7 | export default async function DesignPickerPage() {
  8 |   const session = await requireSession();

https://nextjs.org/docs/messages/module-not-found @ http://localhost:3000/_next/static/chunks/node_modules_next_dist_f3530cac._.js:3127
[ 8164085ms] [ERROR] ./app/settings/design/page.jsx:5:1
Module not found: Can't resolve './_components/DesignPickerClient'
  3 | import { connectDB } from "@/lib/db/mongoose";
  4 | import User from "@/lib/db/models/User";
> 5 | import DesignPickerClient from "./_components/DesignPickerClient";
    | ^^^^^^^^^^^^^^^^^^^^^^^^^^^^^^^^^^^^^^^^^^^^^^^^^^^^^^^^^^^^^^^^^^
  6 |
  7 | export default async function DesignPickerPage() {
  8 |   const session = await requireSession();

https://nextjs.org/docs/messages/module-not-found @ http://localhost:3000/_next/static/chunks/node_modules_next_dist_f3530cac._.js:3127
[ 8164166ms] [ERROR] ./app/settings/design/page.jsx:5:1
Module not found: Can't resolve './_components/DesignPickerClient'
  3 | import { connectDB } from "@/lib/db/mongoose";
  4 | import User from "@/lib/db/models/User";
> 5 | import DesignPickerClient from "./_components/DesignPickerClient";
    | ^^^^^^^^^^^^^^^^^^^^^^^^^^^^^^^^^^^^^^^^^^^^^^^^^^^^^^^^^^^^^^^^^^
  6 |
  7 | export default async function DesignPickerPage() {
  8 |   const session = await requireSession();

https://nextjs.org/docs/messages/module-not-found @ http://localhost:3000/_next/static/chunks/node_modules_next_dist_f3530cac._.js:3127
[ 8164268ms] [ERROR] ./app/settings/design/page.jsx:5:1
Module not found: Can't resolve './_components/DesignPickerClient'
  3 | import { connectDB } from "@/lib/db/mongoose";
  4 | import User from "@/lib/db/models/User";
> 5 | import DesignPickerClient from "./_components/DesignPickerClient";
    | ^^^^^^^^^^^^^^^^^^^^^^^^^^^^^^^^^^^^^^^^^^^^^^^^^^^^^^^^^^^^^^^^^^
  6 |
  7 | export default async function DesignPickerPage() {
  8 |   const session = await requireSession();

https://nextjs.org/docs/messages/module-not-found @ http://localhost:3000/_next/static/chunks/node_modules_next_dist_f3530cac._.js:3127
[ 8164327ms] [ERROR] ./app/settings/design/page.jsx:5:1
Module not found: Can't resolve './_components/DesignPickerClient'
  3 | import { connectDB } from "@/lib/db/mongoose";
  4 | import User from "@/lib/db/models/User";
> 5 | import DesignPickerClient from "./_components/DesignPickerClient";
    | ^^^^^^^^^^^^^^^^^^^^^^^^^^^^^^^^^^^^^^^^^^^^^^^^^^^^^^^^^^^^^^^^^^
  6 |
  7 | export default async function DesignPickerPage() {
  8 |   const session = await requireSession();

https://nextjs.org/docs/messages/module-not-found @ http://localhost:3000/_next/static/chunks/node_modules_next_dist_f3530cac._.js:3127
[ 8164426ms] [ERROR] ./app/settings/design/page.jsx:5:1
Module not found: Can't resolve './_components/DesignPickerClient'
  3 | import { connectDB } from "@/lib/db/mongoose";
  4 | import User from "@/lib/db/models/User";
> 5 | import DesignPickerClient from "./_components/DesignPickerClient";
    | ^^^^^^^^^^^^^^^^^^^^^^^^^^^^^^^^^^^^^^^^^^^^^^^^^^^^^^^^^^^^^^^^^^
  6 |
  7 | export default async function DesignPickerPage() {
  8 |   const session = await requireSession();

https://nextjs.org/docs/messages/module-not-found @ http://localhost:3000/_next/static/chunks/node_modules_next_dist_f3530cac._.js:3127
[ 8164429ms] [LOG] [Fast Refresh] rebuilding @ http://localhost:3000/_next/static/chunks/node_modules_next_dist_f3530cac._.js:2297
[ 8164571ms] [LOG] [Fast Refresh] rebuilding @ http://localhost:3000/_next/static/chunks/node_modules_next_dist_f3530cac._.js:2297
[ 8164575ms] [ERROR] ./app/settings/design/page.jsx:5:1
Module not found: Can't resolve './_components/DesignPickerClient'
  3 | import { connectDB } from "@/lib/db/mongoose";
  4 | import User from "@/lib/db/models/User";
> 5 | import DesignPickerClient from "./_components/DesignPickerClient";
    | ^^^^^^^^^^^^^^^^^^^^^^^^^^^^^^^^^^^^^^^^^^^^^^^^^^^^^^^^^^^^^^^^^^
  6 |
  7 | export default async function DesignPickerPage() {
  8 |   const session = await requireSession();

https://nextjs.org/docs/messages/module-not-found @ http://localhost:3000/_next/static/chunks/node_modules_next_dist_f3530cac._.js:3127
[ 8164647ms] [ERROR] ./app/settings/design/page.jsx:5:1
Module not found: Can't resolve './_components/DesignPickerClient'
  3 | import { connectDB } from "@/lib/db/mongoose";
  4 | import User from "@/lib/db/models/User";
> 5 | import DesignPickerClient from "./_components/DesignPickerClient";
    | ^^^^^^^^^^^^^^^^^^^^^^^^^^^^^^^^^^^^^^^^^^^^^^^^^^^^^^^^^^^^^^^^^^
  6 |
  7 | export default async function DesignPickerPage() {
  8 |   const session = await requireSession();

https://nextjs.org/docs/messages/module-not-found @ http://localhost:3000/_next/static/chunks/node_modules_next_dist_f3530cac._.js:3127
[ 8164749ms] [ERROR] ./app/settings/design/page.jsx:5:1
Module not found: Can't resolve './_components/DesignPickerClient'
  3 | import { connectDB } from "@/lib/db/mongoose";
  4 | import User from "@/lib/db/models/User";
> 5 | import DesignPickerClient from "./_components/DesignPickerClient";
    | ^^^^^^^^^^^^^^^^^^^^^^^^^^^^^^^^^^^^^^^^^^^^^^^^^^^^^^^^^^^^^^^^^^
  6 |
  7 | export default async function DesignPickerPage() {
  8 |   const session = await requireSession();

https://nextjs.org/docs/messages/module-not-found @ http://localhost:3000/_next/static/chunks/node_modules_next_dist_f3530cac._.js:3127
[ 8164759ms] [LOG] [Fast Refresh] rebuilding @ http://localhost:3000/_next/static/chunks/node_modules_next_dist_f3530cac._.js:2297
[ 8164830ms] [ERROR] ./app/settings/design/page.jsx:5:1
Module not found: Can't resolve './_components/DesignPickerClient'
  3 | import { connectDB } from "@/lib/db/mongoose";
  4 | import User from "@/lib/db/models/User";
> 5 | import DesignPickerClient from "./_components/DesignPickerClient";
    | ^^^^^^^^^^^^^^^^^^^^^^^^^^^^^^^^^^^^^^^^^^^^^^^^^^^^^^^^^^^^^^^^^^
  6 |
  7 | export default async function DesignPickerPage() {
  8 |   const session = await requireSession();

https://nextjs.org/docs/messages/module-not-found @ http://localhost:3000/_next/static/chunks/node_modules_next_dist_f3530cac._.js:3127
[ 8164953ms] [LOG] [Fast Refresh] rebuilding @ http://localhost:3000/_next/static/chunks/node_modules_next_dist_f3530cac._.js:2297
[ 8164980ms] [ERROR] ./app/settings/design/page.jsx:5:1
Module not found: Can't resolve './_components/DesignPickerClient'
  3 | import { connectDB } from "@/lib/db/mongoose";
  4 | import User from "@/lib/db/models/User";
> 5 | import DesignPickerClient from "./_components/DesignPickerClient";
    | ^^^^^^^^^^^^^^^^^^^^^^^^^^^^^^^^^^^^^^^^^^^^^^^^^^^^^^^^^^^^^^^^^^
  6 |
  7 | export default async function DesignPickerPage() {
  8 |   const session = await requireSession();

https://nextjs.org/docs/messages/module-not-found @ http://localhost:3000/_next/static/chunks/node_modules_next_dist_f3530cac._.js:3127
[ 8165096ms] [ERROR] ./app/settings/design/page.jsx:5:1
Module not found: Can't resolve './_components/DesignPickerClient'
  3 | import { connectDB } from "@/lib/db/mongoose";
  4 | import User from "@/lib/db/models/User";
> 5 | import DesignPickerClient from "./_components/DesignPickerClient";
    | ^^^^^^^^^^^^^^^^^^^^^^^^^^^^^^^^^^^^^^^^^^^^^^^^^^^^^^^^^^^^^^^^^^
  6 |
  7 | export default async function DesignPickerPage() {
  8 |   const session = await requireSession();

https://nextjs.org/docs/messages/module-not-found @ http://localhost:3000/_next/static/chunks/node_modules_next_dist_f3530cac._.js:3127
[ 8165101ms] [LOG] [Fast Refresh] rebuilding @ http://localhost:3000/_next/static/chunks/node_modules_next_dist_f3530cac._.js:2297
[ 8165214ms] [LOG] [Fast Refresh] rebuilding @ http://localhost:3000/_next/static/chunks/node_modules_next_dist_f3530cac._.js:2297
[ 8165361ms] [ERROR] ./app/settings/design/page.jsx:5:1
Module not found: Can't resolve './_components/DesignPickerClient'
  3 | import { connectDB } from "@/lib/db/mongoose";
  4 | import User from "@/lib/db/models/User";
> 5 | import DesignPickerClient from "./_components/DesignPickerClient";
    | ^^^^^^^^^^^^^^^^^^^^^^^^^^^^^^^^^^^^^^^^^^^^^^^^^^^^^^^^^^^^^^^^^^
  6 |
  7 | export default async function DesignPickerPage() {
  8 |   const session = await requireSession();

https://nextjs.org/docs/messages/module-not-found @ http://localhost:3000/_next/static/chunks/node_modules_next_dist_f3530cac._.js:3127
[ 8165523ms] [LOG] [Fast Refresh] rebuilding @ http://localhost:3000/_next/static/chunks/node_modules_next_dist_f3530cac._.js:2297
[ 8165597ms] [ERROR] ./app/settings/design/page.jsx:5:1
Module not found: Can't resolve './_components/DesignPickerClient'
  3 | import { connectDB } from "@/lib/db/mongoose";
  4 | import User from "@/lib/db/models/User";
> 5 | import DesignPickerClient from "./_components/DesignPickerClient";
    | ^^^^^^^^^^^^^^^^^^^^^^^^^^^^^^^^^^^^^^^^^^^^^^^^^^^^^^^^^^^^^^^^^^
  6 |
  7 | export default async function DesignPickerPage() {
  8 |   const session = await requireSession();

https://nextjs.org/docs/messages/module-not-found @ http://localhost:3000/_next/static/chunks/node_modules_next_dist_f3530cac._.js:3127
[ 8165691ms] [ERROR] ./app/settings/design/page.jsx:5:1
Module not found: Can't resolve './_components/DesignPickerClient'
  3 | import { connectDB } from "@/lib/db/mongoose";
  4 | import User from "@/lib/db/models/User";
> 5 | import DesignPickerClient from "./_components/DesignPickerClient";
    | ^^^^^^^^^^^^^^^^^^^^^^^^^^^^^^^^^^^^^^^^^^^^^^^^^^^^^^^^^^^^^^^^^^
  6 |
  7 | export default async function DesignPickerPage() {
  8 |   const session = await requireSession();

https://nextjs.org/docs/messages/module-not-found @ http://localhost:3000/_next/static/chunks/node_modules_next_dist_f3530cac._.js:3127
[ 8165886ms] [LOG] [Fast Refresh] rebuilding @ http://localhost:3000/_next/static/chunks/node_modules_next_dist_f3530cac._.js:2297
[ 8165887ms] [ERROR] ./app/settings/design/page.jsx:5:1
Module not found: Can't resolve './_components/DesignPickerClient'
  3 | import { connectDB } from "@/lib/db/mongoose";
  4 | import User from "@/lib/db/models/User";
> 5 | import DesignPickerClient from "./_components/DesignPickerClient";
    | ^^^^^^^^^^^^^^^^^^^^^^^^^^^^^^^^^^^^^^^^^^^^^^^^^^^^^^^^^^^^^^^^^^
  6 |
  7 | export default async function DesignPickerPage() {
  8 |   const session = await requireSession();

https://nextjs.org/docs/messages/module-not-found @ http://localhost:3000/_next/static/chunks/node_modules_next_dist_f3530cac._.js:3127
[ 8165993ms] [ERROR] ./app/settings/design/page.jsx:5:1
Module not found: Can't resolve './_components/DesignPickerClient'
  3 | import { connectDB } from "@/lib/db/mongoose";
  4 | import User from "@/lib/db/models/User";
> 5 | import DesignPickerClient from "./_components/DesignPickerClient";
    | ^^^^^^^^^^^^^^^^^^^^^^^^^^^^^^^^^^^^^^^^^^^^^^^^^^^^^^^^^^^^^^^^^^
  6 |
  7 | export default async function DesignPickerPage() {
  8 |   const session = await requireSession();

https://nextjs.org/docs/messages/module-not-found @ http://localhost:3000/_next/static/chunks/node_modules_next_dist_f3530cac._.js:3127
[ 8166062ms] [ERROR] ./app/settings/design/page.jsx:5:1
Module not found: Can't resolve './_components/DesignPickerClient'
  3 | import { connectDB } from "@/lib/db/mongoose";
  4 | import User from "@/lib/db/models/User";
> 5 | import DesignPickerClient from "./_components/DesignPickerClient";
    | ^^^^^^^^^^^^^^^^^^^^^^^^^^^^^^^^^^^^^^^^^^^^^^^^^^^^^^^^^^^^^^^^^^
  6 |
  7 | export default async function DesignPickerPage() {
  8 |   const session = await requireSession();

https://nextjs.org/docs/messages/module-not-found @ http://localhost:3000/_next/static/chunks/node_modules_next_dist_f3530cac._.js:3127
[ 8166166ms] [ERROR] ./app/settings/design/page.jsx:5:1
Module not found: Can't resolve './_components/DesignPickerClient'
  3 | import { connectDB } from "@/lib/db/mongoose";
  4 | import User from "@/lib/db/models/User";
> 5 | import DesignPickerClient from "./_components/DesignPickerClient";
    | ^^^^^^^^^^^^^^^^^^^^^^^^^^^^^^^^^^^^^^^^^^^^^^^^^^^^^^^^^^^^^^^^^^
  6 |
  7 | export default async function DesignPickerPage() {
  8 |   const session = await requireSession();

https://nextjs.org/docs/messages/module-not-found @ http://localhost:3000/_next/static/chunks/node_modules_next_dist_f3530cac._.js:3127
[ 8166177ms] [LOG] [Fast Refresh] rebuilding @ http://localhost:3000/_next/static/chunks/node_modules_next_dist_f3530cac._.js:2297
[ 8166294ms] [ERROR] ./app/settings/design/page.jsx:5:1
Module not found: Can't resolve './_components/DesignPickerClient'
  3 | import { connectDB } from "@/lib/db/mongoose";
  4 | import User from "@/lib/db/models/User";
> 5 | import DesignPickerClient from "./_components/DesignPickerClient";
    | ^^^^^^^^^^^^^^^^^^^^^^^^^^^^^^^^^^^^^^^^^^^^^^^^^^^^^^^^^^^^^^^^^^
  6 |
  7 | export default async function DesignPickerPage() {
  8 |   const session = await requireSession();

https://nextjs.org/docs/messages/module-not-found @ http://localhost:3000/_next/static/chunks/node_modules_next_dist_f3530cac._.js:3127
[ 8166310ms] [LOG] [Fast Refresh] rebuilding @ http://localhost:3000/_next/static/chunks/node_modules_next_dist_f3530cac._.js:2297
[ 8166414ms] [LOG] [Fast Refresh] rebuilding @ http://localhost:3000/_next/static/chunks/node_modules_next_dist_f3530cac._.js:2297
[ 8166432ms] [ERROR] ./app/settings/design/page.jsx:5:1
Module not found: Can't resolve './_components/DesignPickerClient'
  3 | import { connectDB } from "@/lib/db/mongoose";
  4 | import User from "@/lib/db/models/User";
> 5 | import DesignPickerClient from "./_components/DesignPickerClient";
    | ^^^^^^^^^^^^^^^^^^^^^^^^^^^^^^^^^^^^^^^^^^^^^^^^^^^^^^^^^^^^^^^^^^
  6 |
  7 | export default async function DesignPickerPage() {
  8 |   const session = await requireSession();

https://nextjs.org/docs/messages/module-not-found @ http://localhost:3000/_next/static/chunks/node_modules_next_dist_f3530cac._.js:3127
[ 8166535ms] [LOG] [Fast Refresh] rebuilding @ http://localhost:3000/_next/static/chunks/node_modules_next_dist_f3530cac._.js:2297
[ 8166548ms] [ERROR] ./app/settings/design/page.jsx:5:1
Module not found: Can't resolve './_components/DesignPickerClient'
  3 | import { connectDB } from "@/lib/db/mongoose";
  4 | import User from "@/lib/db/models/User";
> 5 | import DesignPickerClient from "./_components/DesignPickerClient";
    | ^^^^^^^^^^^^^^^^^^^^^^^^^^^^^^^^^^^^^^^^^^^^^^^^^^^^^^^^^^^^^^^^^^
  6 |
  7 | export default async function DesignPickerPage() {
  8 |   const session = await requireSession();

https://nextjs.org/docs/messages/module-not-found @ http://localhost:3000/_next/static/chunks/node_modules_next_dist_f3530cac._.js:3127
[ 8166677ms] [ERROR] ./app/settings/design/page.jsx:5:1
Module not found: Can't resolve './_components/DesignPickerClient'
  3 | import { connectDB } from "@/lib/db/mongoose";
  4 | import User from "@/lib/db/models/User";
> 5 | import DesignPickerClient from "./_components/DesignPickerClient";
    | ^^^^^^^^^^^^^^^^^^^^^^^^^^^^^^^^^^^^^^^^^^^^^^^^^^^^^^^^^^^^^^^^^^
  6 |
  7 | export default async function DesignPickerPage() {
  8 |   const session = await requireSession();

https://nextjs.org/docs/messages/module-not-found @ http://localhost:3000/_next/static/chunks/node_modules_next_dist_f3530cac._.js:3127
[ 8166693ms] [LOG] [Fast Refresh] rebuilding @ http://localhost:3000/_next/static/chunks/node_modules_next_dist_f3530cac._.js:2297
[ 8166801ms] [LOG] [Fast Refresh] rebuilding @ http://localhost:3000/_next/static/chunks/node_modules_next_dist_f3530cac._.js:2297
[ 8166810ms] [ERROR] ./app/settings/design/page.jsx:5:1
Module not found: Can't resolve './_components/DesignPickerClient'
  3 | import { connectDB } from "@/lib/db/mongoose";
  4 | import User from "@/lib/db/models/User";
> 5 | import DesignPickerClient from "./_components/DesignPickerClient";
    | ^^^^^^^^^^^^^^^^^^^^^^^^^^^^^^^^^^^^^^^^^^^^^^^^^^^^^^^^^^^^^^^^^^
  6 |
  7 | export default async function DesignPickerPage() {
  8 |   const session = await requireSession();

https://nextjs.org/docs/messages/module-not-found @ http://localhost:3000/_next/static/chunks/node_modules_next_dist_f3530cac._.js:3127
[ 8166900ms] [ERROR] ./app/settings/design/page.jsx:5:1
Module not found: Can't resolve './_components/DesignPickerClient'
  3 | import { connectDB } from "@/lib/db/mongoose";
  4 | import User from "@/lib/db/models/User";
> 5 | import DesignPickerClient from "./_components/DesignPickerClient";
    | ^^^^^^^^^^^^^^^^^^^^^^^^^^^^^^^^^^^^^^^^^^^^^^^^^^^^^^^^^^^^^^^^^^
  6 |
  7 | export default async function DesignPickerPage() {
  8 |   const session = await requireSession();

https://nextjs.org/docs/messages/module-not-found @ http://localhost:3000/_next/static/chunks/node_modules_next_dist_f3530cac._.js:3127
[ 8166984ms] [ERROR] ./app/settings/design/page.jsx:5:1
Module not found: Can't resolve './_components/DesignPickerClient'
  3 | import { connectDB } from "@/lib/db/mongoose";
  4 | import User from "@/lib/db/models/User";
> 5 | import DesignPickerClient from "./_components/DesignPickerClient";
    | ^^^^^^^^^^^^^^^^^^^^^^^^^^^^^^^^^^^^^^^^^^^^^^^^^^^^^^^^^^^^^^^^^^
  6 |
  7 | export default async function DesignPickerPage() {
  8 |   const session = await requireSession();

https://nextjs.org/docs/messages/module-not-found @ http://localhost:3000/_next/static/chunks/node_modules_next_dist_f3530cac._.js:3127
[ 8167047ms] [ERROR] ./app/settings/design/page.jsx:5:1
Module not found: Can't resolve './_components/DesignPickerClient'
  3 | import { connectDB } from "@/lib/db/mongoose";
  4 | import User from "@/lib/db/models/User";
> 5 | import DesignPickerClient from "./_components/DesignPickerClient";
    | ^^^^^^^^^^^^^^^^^^^^^^^^^^^^^^^^^^^^^^^^^^^^^^^^^^^^^^^^^^^^^^^^^^
  6 |
  7 | export default async function DesignPickerPage() {
  8 |   const session = await requireSession();

https://nextjs.org/docs/messages/module-not-found @ http://localhost:3000/_next/static/chunks/node_modules_next_dist_f3530cac._.js:3127
[ 8167153ms] [LOG] [Fast Refresh] rebuilding @ http://localhost:3000/_next/static/chunks/node_modules_next_dist_f3530cac._.js:2297
[ 8167234ms] [ERROR] ./app/settings/design/page.jsx:5:1
Module not found: Can't resolve './_components/DesignPickerClient'
  3 | import { connectDB } from "@/lib/db/mongoose";
  4 | import User from "@/lib/db/models/User";
> 5 | import DesignPickerClient from "./_components/DesignPickerClient";
    | ^^^^^^^^^^^^^^^^^^^^^^^^^^^^^^^^^^^^^^^^^^^^^^^^^^^^^^^^^^^^^^^^^^
  6 |
  7 | export default async function DesignPickerPage() {
  8 |   const session = await requireSession();

https://nextjs.org/docs/messages/module-not-found @ http://localhost:3000/_next/static/chunks/node_modules_next_dist_f3530cac._.js:3127
[ 8167395ms] [LOG] [Fast Refresh] rebuilding @ http://localhost:3000/_next/static/chunks/node_modules_next_dist_f3530cac._.js:2297
[ 8167438ms] [ERROR] ./app/settings/design/page.jsx:5:1
Module not found: Can't resolve './_components/DesignPickerClient'
  3 | import { connectDB } from "@/lib/db/mongoose";
  4 | import User from "@/lib/db/models/User";
> 5 | import DesignPickerClient from "./_components/DesignPickerClient";
    | ^^^^^^^^^^^^^^^^^^^^^^^^^^^^^^^^^^^^^^^^^^^^^^^^^^^^^^^^^^^^^^^^^^
  6 |
  7 | export default async function DesignPickerPage() {
  8 |   const session = await requireSession();

https://nextjs.org/docs/messages/module-not-found @ http://localhost:3000/_next/static/chunks/node_modules_next_dist_f3530cac._.js:3127
[ 8167503ms] [ERROR] ./app/settings/design/page.jsx:5:1
Module not found: Can't resolve './_components/DesignPickerClient'
  3 | import { connectDB } from "@/lib/db/mongoose";
  4 | import User from "@/lib/db/models/User";
> 5 | import DesignPickerClient from "./_components/DesignPickerClient";
    | ^^^^^^^^^^^^^^^^^^^^^^^^^^^^^^^^^^^^^^^^^^^^^^^^^^^^^^^^^^^^^^^^^^
  6 |
  7 | export default async function DesignPickerPage() {
  8 |   const session = await requireSession();

https://nextjs.org/docs/messages/module-not-found @ http://localhost:3000/_next/static/chunks/node_modules_next_dist_f3530cac._.js:3127
[ 8167599ms] [ERROR] ./app/settings/design/page.jsx:5:1
Module not found: Can't resolve './_components/DesignPickerClient'
  3 | import { connectDB } from "@/lib/db/mongoose";
  4 | import User from "@/lib/db/models/User";
> 5 | import DesignPickerClient from "./_components/DesignPickerClient";
    | ^^^^^^^^^^^^^^^^^^^^^^^^^^^^^^^^^^^^^^^^^^^^^^^^^^^^^^^^^^^^^^^^^^
  6 |
  7 | export default async function DesignPickerPage() {
  8 |   const session = await requireSession();

https://nextjs.org/docs/messages/module-not-found @ http://localhost:3000/_next/static/chunks/node_modules_next_dist_f3530cac._.js:3127
[ 8167620ms] [LOG] [Fast Refresh] rebuilding @ http://localhost:3000/_next/static/chunks/node_modules_next_dist_f3530cac._.js:2297
[ 8167689ms] [ERROR] ./app/settings/design/page.jsx:5:1
Module not found: Can't resolve './_components/DesignPickerClient'
  3 | import { connectDB } from "@/lib/db/mongoose";
  4 | import User from "@/lib/db/models/User";
> 5 | import DesignPickerClient from "./_components/DesignPickerClient";
    | ^^^^^^^^^^^^^^^^^^^^^^^^^^^^^^^^^^^^^^^^^^^^^^^^^^^^^^^^^^^^^^^^^^
  6 |
  7 | export default async function DesignPickerPage() {
  8 |   const session = await requireSession();

https://nextjs.org/docs/messages/module-not-found @ http://localhost:3000/_next/static/chunks/node_modules_next_dist_f3530cac._.js:3127
[ 8167752ms] [ERROR] ./app/settings/design/page.jsx:5:1
Module not found: Can't resolve './_components/DesignPickerClient'
  3 | import { connectDB } from "@/lib/db/mongoose";
  4 | import User from "@/lib/db/models/User";
> 5 | import DesignPickerClient from "./_components/DesignPickerClient";
    | ^^^^^^^^^^^^^^^^^^^^^^^^^^^^^^^^^^^^^^^^^^^^^^^^^^^^^^^^^^^^^^^^^^
  6 |
  7 | export default async function DesignPickerPage() {
  8 |   const session = await requireSession();

https://nextjs.org/docs/messages/module-not-found @ http://localhost:3000/_next/static/chunks/node_modules_next_dist_f3530cac._.js:3127
[ 8167831ms] [ERROR] ./app/settings/design/page.jsx:5:1
Module not found: Can't resolve './_components/DesignPickerClient'
  3 | import { connectDB } from "@/lib/db/mongoose";
  4 | import User from "@/lib/db/models/User";
> 5 | import DesignPickerClient from "./_components/DesignPickerClient";
    | ^^^^^^^^^^^^^^^^^^^^^^^^^^^^^^^^^^^^^^^^^^^^^^^^^^^^^^^^^^^^^^^^^^
  6 |
  7 | export default async function DesignPickerPage() {
  8 |   const session = await requireSession();

https://nextjs.org/docs/messages/module-not-found @ http://localhost:3000/_next/static/chunks/node_modules_next_dist_f3530cac._.js:3127
[ 8167895ms] [ERROR] ./app/settings/design/page.jsx:5:1
Module not found: Can't resolve './_components/DesignPickerClient'
  3 | import { connectDB } from "@/lib/db/mongoose";
  4 | import User from "@/lib/db/models/User";
> 5 | import DesignPickerClient from "./_components/DesignPickerClient";
    | ^^^^^^^^^^^^^^^^^^^^^^^^^^^^^^^^^^^^^^^^^^^^^^^^^^^^^^^^^^^^^^^^^^
  6 |
  7 | export default async function DesignPickerPage() {
  8 |   const session = await requireSession();

https://nextjs.org/docs/messages/module-not-found @ http://localhost:3000/_next/static/chunks/node_modules_next_dist_f3530cac._.js:3127
[ 8167981ms] [ERROR] ./app/settings/design/page.jsx:5:1
Module not found: Can't resolve './_components/DesignPickerClient'
  3 | import { connectDB } from "@/lib/db/mongoose";
  4 | import User from "@/lib/db/models/User";
> 5 | import DesignPickerClient from "./_components/DesignPickerClient";
    | ^^^^^^^^^^^^^^^^^^^^^^^^^^^^^^^^^^^^^^^^^^^^^^^^^^^^^^^^^^^^^^^^^^
  6 |
  7 | export default async function DesignPickerPage() {
  8 |   const session = await requireSession();

https://nextjs.org/docs/messages/module-not-found @ http://localhost:3000/_next/static/chunks/node_modules_next_dist_f3530cac._.js:3127
[ 8168077ms] [ERROR] ./app/settings/design/page.jsx:5:1
Module not found: Can't resolve './_components/DesignPickerClient'
  3 | import { connectDB } from "@/lib/db/mongoose";
  4 | import User from "@/lib/db/models/User";
> 5 | import DesignPickerClient from "./_components/DesignPickerClient";
    | ^^^^^^^^^^^^^^^^^^^^^^^^^^^^^^^^^^^^^^^^^^^^^^^^^^^^^^^^^^^^^^^^^^
  6 |
  7 | export default async function DesignPickerPage() {
  8 |   const session = await requireSession();

https://nextjs.org/docs/messages/module-not-found @ http://localhost:3000/_next/static/chunks/node_modules_next_dist_f3530cac._.js:3127
[ 8168082ms] [LOG] [Fast Refresh] rebuilding @ http://localhost:3000/_next/static/chunks/node_modules_next_dist_f3530cac._.js:2297
[ 8168196ms] [LOG] [Fast Refresh] rebuilding @ http://localhost:3000/_next/static/chunks/node_modules_next_dist_f3530cac._.js:2297
[ 8168205ms] [ERROR] ./app/settings/design/page.jsx:5:1
Module not found: Can't resolve './_components/DesignPickerClient'
  3 | import { connectDB } from "@/lib/db/mongoose";
  4 | import User from "@/lib/db/models/User";
> 5 | import DesignPickerClient from "./_components/DesignPickerClient";
    | ^^^^^^^^^^^^^^^^^^^^^^^^^^^^^^^^^^^^^^^^^^^^^^^^^^^^^^^^^^^^^^^^^^
  6 |
  7 | export default async function DesignPickerPage() {
  8 |   const session = await requireSession();

https://nextjs.org/docs/messages/module-not-found @ http://localhost:3000/_next/static/chunks/node_modules_next_dist_f3530cac._.js:3127
[ 8168290ms] [ERROR] ./app/settings/design/page.jsx:5:1
Module not found: Can't resolve './_components/DesignPickerClient'
  3 | import { connectDB } from "@/lib/db/mongoose";
  4 | import User from "@/lib/db/models/User";
> 5 | import DesignPickerClient from "./_components/DesignPickerClient";
    | ^^^^^^^^^^^^^^^^^^^^^^^^^^^^^^^^^^^^^^^^^^^^^^^^^^^^^^^^^^^^^^^^^^
  6 |
  7 | export default async function DesignPickerPage() {
  8 |   const session = await requireSession();

https://nextjs.org/docs/messages/module-not-found @ http://localhost:3000/_next/static/chunks/node_modules_next_dist_f3530cac._.js:3127
[ 8168384ms] [ERROR] ./app/settings/design/page.jsx:5:1
Module not found: Can't resolve './_components/DesignPickerClient'
  3 | import { connectDB } from "@/lib/db/mongoose";
  4 | import User from "@/lib/db/models/User";
> 5 | import DesignPickerClient from "./_components/DesignPickerClient";
    | ^^^^^^^^^^^^^^^^^^^^^^^^^^^^^^^^^^^^^^^^^^^^^^^^^^^^^^^^^^^^^^^^^^
  6 |
  7 | export default async function DesignPickerPage() {
  8 |   const session = await requireSession();

https://nextjs.org/docs/messages/module-not-found @ http://localhost:3000/_next/static/chunks/node_modules_next_dist_f3530cac._.js:3127
[ 8168456ms] [ERROR] ./app/settings/design/page.jsx:5:1
Module not found: Can't resolve './_components/DesignPickerClient'
  3 | import { connectDB } from "@/lib/db/mongoose";
  4 | import User from "@/lib/db/models/User";
> 5 | import DesignPickerClient from "./_components/DesignPickerClient";
    | ^^^^^^^^^^^^^^^^^^^^^^^^^^^^^^^^^^^^^^^^^^^^^^^^^^^^^^^^^^^^^^^^^^
  6 |
  7 | export default async function DesignPickerPage() {
  8 |   const session = await requireSession();

https://nextjs.org/docs/messages/module-not-found @ http://localhost:3000/_next/static/chunks/node_modules_next_dist_f3530cac._.js:3127
[ 8168512ms] [ERROR] ./app/settings/design/page.jsx:5:1
Module not found: Can't resolve './_components/DesignPickerClient'
  3 | import { connectDB } from "@/lib/db/mongoose";
  4 | import User from "@/lib/db/models/User";
> 5 | import DesignPickerClient from "./_components/DesignPickerClient";
    | ^^^^^^^^^^^^^^^^^^^^^^^^^^^^^^^^^^^^^^^^^^^^^^^^^^^^^^^^^^^^^^^^^^
  6 |
  7 | export default async function DesignPickerPage() {
  8 |   const session = await requireSession();

https://nextjs.org/docs/messages/module-not-found @ http://localhost:3000/_next/static/chunks/node_modules_next_dist_f3530cac._.js:3127
[ 8168586ms] [ERROR] ./app/settings/design/page.jsx:5:1
Module not found: Can't resolve './_components/DesignPickerClient'
  3 | import { connectDB } from "@/lib/db/mongoose";
  4 | import User from "@/lib/db/models/User";
> 5 | import DesignPickerClient from "./_components/DesignPickerClient";
    | ^^^^^^^^^^^^^^^^^^^^^^^^^^^^^^^^^^^^^^^^^^^^^^^^^^^^^^^^^^^^^^^^^^
  6 |
  7 | export default async function DesignPickerPage() {
  8 |   const session = await requireSession();

https://nextjs.org/docs/messages/module-not-found @ http://localhost:3000/_next/static/chunks/node_modules_next_dist_f3530cac._.js:3127
[ 8168680ms] [ERROR] ./app/settings/design/page.jsx:5:1
Module not found: Can't resolve './_components/DesignPickerClient'
  3 | import { connectDB } from "@/lib/db/mongoose";
  4 | import User from "@/lib/db/models/User";
> 5 | import DesignPickerClient from "./_components/DesignPickerClient";
    | ^^^^^^^^^^^^^^^^^^^^^^^^^^^^^^^^^^^^^^^^^^^^^^^^^^^^^^^^^^^^^^^^^^
  6 |
  7 | export default async function DesignPickerPage() {
  8 |   const session = await requireSession();

https://nextjs.org/docs/messages/module-not-found @ http://localhost:3000/_next/static/chunks/node_modules_next_dist_f3530cac._.js:3127
[ 8168704ms] [LOG] [Fast Refresh] rebuilding @ http://localhost:3000/_next/static/chunks/node_modules_next_dist_f3530cac._.js:2297
[ 8168826ms] [LOG] [Fast Refresh] rebuilding @ http://localhost:3000/_next/static/chunks/node_modules_next_dist_f3530cac._.js:2297
[ 8168848ms] [ERROR] ./app/settings/design/page.jsx:5:1
Module not found: Can't resolve './_components/DesignPickerClient'
  3 | import { connectDB } from "@/lib/db/mongoose";
  4 | import User from "@/lib/db/models/User";
> 5 | import DesignPickerClient from "./_components/DesignPickerClient";
    | ^^^^^^^^^^^^^^^^^^^^^^^^^^^^^^^^^^^^^^^^^^^^^^^^^^^^^^^^^^^^^^^^^^
  6 |
  7 | export default async function DesignPickerPage() {
  8 |   const session = await requireSession();

https://nextjs.org/docs/messages/module-not-found @ http://localhost:3000/_next/static/chunks/node_modules_next_dist_f3530cac._.js:3127
[ 8168977ms] [LOG] [Fast Refresh] rebuilding @ http://localhost:3000/_next/static/chunks/node_modules_next_dist_f3530cac._.js:2297
[ 8169000ms] [ERROR] ./app/settings/design/page.jsx:5:1
Module not found: Can't resolve './_components/DesignPickerClient'
  3 | import { connectDB } from "@/lib/db/mongoose";
  4 | import User from "@/lib/db/models/User";
> 5 | import DesignPickerClient from "./_components/DesignPickerClient";
    | ^^^^^^^^^^^^^^^^^^^^^^^^^^^^^^^^^^^^^^^^^^^^^^^^^^^^^^^^^^^^^^^^^^
  6 |
  7 | export default async function DesignPickerPage() {
  8 |   const session = await requireSession();

https://nextjs.org/docs/messages/module-not-found @ http://localhost:3000/_next/static/chunks/node_modules_next_dist_f3530cac._.js:3127
[ 8169170ms] [ERROR] ./app/settings/design/page.jsx:5:1
Module not found: Can't resolve './_components/DesignPickerClient'
  3 | import { connectDB } from "@/lib/db/mongoose";
  4 | import User from "@/lib/db/models/User";
> 5 | import DesignPickerClient from "./_components/DesignPickerClient";
    | ^^^^^^^^^^^^^^^^^^^^^^^^^^^^^^^^^^^^^^^^^^^^^^^^^^^^^^^^^^^^^^^^^^
  6 |
  7 | export default async function DesignPickerPage() {
  8 |   const session = await requireSession();

https://nextjs.org/docs/messages/module-not-found @ http://localhost:3000/_next/static/chunks/node_modules_next_dist_f3530cac._.js:3127
[ 8169183ms] [LOG] [Fast Refresh] rebuilding @ http://localhost:3000/_next/static/chunks/node_modules_next_dist_f3530cac._.js:2297
[ 8169257ms] [ERROR] ./app/settings/design/page.jsx:5:1
Module not found: Can't resolve './_components/DesignPickerClient'
  3 | import { connectDB } from "@/lib/db/mongoose";
  4 | import User from "@/lib/db/models/User";
> 5 | import DesignPickerClient from "./_components/DesignPickerClient";
    | ^^^^^^^^^^^^^^^^^^^^^^^^^^^^^^^^^^^^^^^^^^^^^^^^^^^^^^^^^^^^^^^^^^
  6 |
  7 | export default async function DesignPickerPage() {
  8 |   const session = await requireSession();

https://nextjs.org/docs/messages/module-not-found @ http://localhost:3000/_next/static/chunks/node_modules_next_dist_f3530cac._.js:3127
[ 8169330ms] [ERROR] ./app/settings/design/page.jsx:5:1
Module not found: Can't resolve './_components/DesignPickerClient'
  3 | import { connectDB } from "@/lib/db/mongoose";
  4 | import User from "@/lib/db/models/User";
> 5 | import DesignPickerClient from "./_components/DesignPickerClient";
    | ^^^^^^^^^^^^^^^^^^^^^^^^^^^^^^^^^^^^^^^^^^^^^^^^^^^^^^^^^^^^^^^^^^
  6 |
  7 | export default async function DesignPickerPage() {
  8 |   const session = await requireSession();

https://nextjs.org/docs/messages/module-not-found @ http://localhost:3000/_next/static/chunks/node_modules_next_dist_f3530cac._.js:3127
[ 8169424ms] [ERROR] ./app/settings/design/page.jsx:5:1
Module not found: Can't resolve './_components/DesignPickerClient'
  3 | import { connectDB } from "@/lib/db/mongoose";
  4 | import User from "@/lib/db/models/User";
> 5 | import DesignPickerClient from "./_components/DesignPickerClient";
    | ^^^^^^^^^^^^^^^^^^^^^^^^^^^^^^^^^^^^^^^^^^^^^^^^^^^^^^^^^^^^^^^^^^
  6 |
  7 | export default async function DesignPickerPage() {
  8 |   const session = await requireSession();

https://nextjs.org/docs/messages/module-not-found @ http://localhost:3000/_next/static/chunks/node_modules_next_dist_f3530cac._.js:3127
[ 8169489ms] [ERROR] ./app/settings/design/page.jsx:5:1
Module not found: Can't resolve './_components/DesignPickerClient'
  3 | import { connectDB } from "@/lib/db/mongoose";
  4 | import User from "@/lib/db/models/User";
> 5 | import DesignPickerClient from "./_components/DesignPickerClient";
    | ^^^^^^^^^^^^^^^^^^^^^^^^^^^^^^^^^^^^^^^^^^^^^^^^^^^^^^^^^^^^^^^^^^
  6 |
  7 | export default async function DesignPickerPage() {
  8 |   const session = await requireSession();

https://nextjs.org/docs/messages/module-not-found @ http://localhost:3000/_next/static/chunks/node_modules_next_dist_f3530cac._.js:3127
[ 8169635ms] [ERROR] ./app/settings/design/page.jsx:5:1
Module not found: Can't resolve './_components/DesignPickerClient'
  3 | import { connectDB } from "@/lib/db/mongoose";
  4 | import User from "@/lib/db/models/User";
> 5 | import DesignPickerClient from "./_components/DesignPickerClient";
    | ^^^^^^^^^^^^^^^^^^^^^^^^^^^^^^^^^^^^^^^^^^^^^^^^^^^^^^^^^^^^^^^^^^
  6 |
  7 | export default async function DesignPickerPage() {
  8 |   const session = await requireSession();

https://nextjs.org/docs/messages/module-not-found @ http://localhost:3000/_next/static/chunks/node_modules_next_dist_f3530cac._.js:3127
[ 8169641ms] [LOG] [Fast Refresh] rebuilding @ http://localhost:3000/_next/static/chunks/node_modules_next_dist_f3530cac._.js:2297
[ 8169764ms] [LOG] [Fast Refresh] rebuilding @ http://localhost:3000/_next/static/chunks/node_modules_next_dist_f3530cac._.js:2297
[ 8169810ms] [ERROR] ./app/settings/design/page.jsx:5:1
Module not found: Can't resolve './_components/DesignPickerClient'
  3 | import { connectDB } from "@/lib/db/mongoose";
  4 | import User from "@/lib/db/models/User";
> 5 | import DesignPickerClient from "./_components/DesignPickerClient";
    | ^^^^^^^^^^^^^^^^^^^^^^^^^^^^^^^^^^^^^^^^^^^^^^^^^^^^^^^^^^^^^^^^^^
  6 |
  7 | export default async function DesignPickerPage() {
  8 |   const session = await requireSession();

https://nextjs.org/docs/messages/module-not-found @ http://localhost:3000/_next/static/chunks/node_modules_next_dist_f3530cac._.js:3127
[ 8169981ms] [ERROR] ./app/settings/design/page.jsx:5:1
Module not found: Can't resolve './_components/DesignPickerClient'
  3 | import { connectDB } from "@/lib/db/mongoose";
  4 | import User from "@/lib/db/models/User";
> 5 | import DesignPickerClient from "./_components/DesignPickerClient";
    | ^^^^^^^^^^^^^^^^^^^^^^^^^^^^^^^^^^^^^^^^^^^^^^^^^^^^^^^^^^^^^^^^^^
  6 |
  7 | export default async function DesignPickerPage() {
  8 |   const session = await requireSession();

https://nextjs.org/docs/messages/module-not-found @ http://localhost:3000/_next/static/chunks/node_modules_next_dist_f3530cac._.js:3127
[ 8169989ms] [LOG] [Fast Refresh] rebuilding @ http://localhost:3000/_next/static/chunks/node_modules_next_dist_f3530cac._.js:2297
[ 8170090ms] [ERROR] ./app/settings/design/page.jsx:5:1
Module not found: Can't resolve './_components/DesignPickerClient'
  3 | import { connectDB } from "@/lib/db/mongoose";
  4 | import User from "@/lib/db/models/User";
> 5 | import DesignPickerClient from "./_components/DesignPickerClient";
    | ^^^^^^^^^^^^^^^^^^^^^^^^^^^^^^^^^^^^^^^^^^^^^^^^^^^^^^^^^^^^^^^^^^
  6 |
  7 | export default async function DesignPickerPage() {
  8 |   const session = await requireSession();

https://nextjs.org/docs/messages/module-not-found @ http://localhost:3000/_next/static/chunks/node_modules_next_dist_f3530cac._.js:3127
[ 8170111ms] [LOG] [Fast Refresh] rebuilding @ http://localhost:3000/_next/static/chunks/node_modules_next_dist_f3530cac._.js:2297
[ 8170185ms] [ERROR] ./app/settings/design/page.jsx:5:1
Module not found: Can't resolve './_components/DesignPickerClient'
  3 | import { connectDB } from "@/lib/db/mongoose";
  4 | import User from "@/lib/db/models/User";
> 5 | import DesignPickerClient from "./_components/DesignPickerClient";
    | ^^^^^^^^^^^^^^^^^^^^^^^^^^^^^^^^^^^^^^^^^^^^^^^^^^^^^^^^^^^^^^^^^^
  6 |
  7 | export default async function DesignPickerPage() {
  8 |   const session = await requireSession();

https://nextjs.org/docs/messages/module-not-found @ http://localhost:3000/_next/static/chunks/node_modules_next_dist_f3530cac._.js:3127
[ 8170246ms] [ERROR] ./app/settings/design/page.jsx:5:1
Module not found: Can't resolve './_components/DesignPickerClient'
  3 | import { connectDB } from "@/lib/db/mongoose";
  4 | import User from "@/lib/db/models/User";
> 5 | import DesignPickerClient from "./_components/DesignPickerClient";
    | ^^^^^^^^^^^^^^^^^^^^^^^^^^^^^^^^^^^^^^^^^^^^^^^^^^^^^^^^^^^^^^^^^^
  6 |
  7 | export default async function DesignPickerPage() {
  8 |   const session = await requireSession();

https://nextjs.org/docs/messages/module-not-found @ http://localhost:3000/_next/static/chunks/node_modules_next_dist_f3530cac._.js:3127
[ 8170313ms] [ERROR] ./app/settings/design/page.jsx:5:1
Module not found: Can't resolve './_components/DesignPickerClient'
  3 | import { connectDB } from "@/lib/db/mongoose";
  4 | import User from "@/lib/db/models/User";
> 5 | import DesignPickerClient from "./_components/DesignPickerClient";
    | ^^^^^^^^^^^^^^^^^^^^^^^^^^^^^^^^^^^^^^^^^^^^^^^^^^^^^^^^^^^^^^^^^^
  6 |
  7 | export default async function DesignPickerPage() {
  8 |   const session = await requireSession();

https://nextjs.org/docs/messages/module-not-found @ http://localhost:3000/_next/static/chunks/node_modules_next_dist_f3530cac._.js:3127
[ 8170442ms] [ERROR] ./app/settings/design/page.jsx:5:1
Module not found: Can't resolve './_components/DesignPickerClient'
  3 | import { connectDB } from "@/lib/db/mongoose";
  4 | import User from "@/lib/db/models/User";
> 5 | import DesignPickerClient from "./_components/DesignPickerClient";
    | ^^^^^^^^^^^^^^^^^^^^^^^^^^^^^^^^^^^^^^^^^^^^^^^^^^^^^^^^^^^^^^^^^^
  6 |
  7 | export default async function DesignPickerPage() {
  8 |   const session = await requireSession();

https://nextjs.org/docs/messages/module-not-found @ http://localhost:3000/_next/static/chunks/node_modules_next_dist_f3530cac._.js:3127
[ 8170449ms] [LOG] [Fast Refresh] rebuilding @ http://localhost:3000/_next/static/chunks/node_modules_next_dist_f3530cac._.js:2297
[ 8170582ms] [LOG] [Fast Refresh] rebuilding @ http://localhost:3000/_next/static/chunks/node_modules_next_dist_f3530cac._.js:2297
[ 8170587ms] [ERROR] ./app/settings/design/page.jsx:5:1
Module not found: Can't resolve './_components/DesignPickerClient'
  3 | import { connectDB } from "@/lib/db/mongoose";
  4 | import User from "@/lib/db/models/User";
> 5 | import DesignPickerClient from "./_components/DesignPickerClient";
    | ^^^^^^^^^^^^^^^^^^^^^^^^^^^^^^^^^^^^^^^^^^^^^^^^^^^^^^^^^^^^^^^^^^
  6 |
  7 | export default async function DesignPickerPage() {
  8 |   const session = await requireSession();

https://nextjs.org/docs/messages/module-not-found @ http://localhost:3000/_next/static/chunks/node_modules_next_dist_f3530cac._.js:3127
[ 8170589ms] [ERROR] ./app/settings/design/page.jsx:5:1
Module not found: Can't resolve './_components/DesignPickerClient'
  3 | import { connectDB } from "@/lib/db/mongoose";
  4 | import User from "@/lib/db/models/User";
> 5 | import DesignPickerClient from "./_components/DesignPickerClient";
    | ^^^^^^^^^^^^^^^^^^^^^^^^^^^^^^^^^^^^^^^^^^^^^^^^^^^^^^^^^^^^^^^^^^
  6 |
  7 | export default async function DesignPickerPage() {
  8 |   const session = await requireSession();

https://nextjs.org/docs/messages/module-not-found @ http://localhost:3000/_next/static/chunks/node_modules_next_dist_f3530cac._.js:3127
[ 8170690ms] [LOG] [Fast Refresh] rebuilding @ http://localhost:3000/_next/static/chunks/node_modules_next_dist_f3530cac._.js:2297
[ 8170764ms] [ERROR] ./app/settings/design/page.jsx:5:1
Module not found: Can't resolve './_components/DesignPickerClient'
  3 | import { connectDB } from "@/lib/db/mongoose";
  4 | import User from "@/lib/db/models/User";
> 5 | import DesignPickerClient from "./_components/DesignPickerClient";
    | ^^^^^^^^^^^^^^^^^^^^^^^^^^^^^^^^^^^^^^^^^^^^^^^^^^^^^^^^^^^^^^^^^^
  6 |
  7 | export default async function DesignPickerPage() {
  8 |   const session = await requireSession();

https://nextjs.org/docs/messages/module-not-found @ http://localhost:3000/_next/static/chunks/node_modules_next_dist_f3530cac._.js:3127
[ 8170868ms] [LOG] [Fast Refresh] rebuilding @ http://localhost:3000/_next/static/chunks/node_modules_next_dist_f3530cac._.js:2297
[ 8171017ms] [ERROR] ./app/settings/design/page.jsx:5:1
Module not found: Can't resolve './_components/DesignPickerClient'
  3 | import { connectDB } from "@/lib/db/mongoose";
  4 | import User from "@/lib/db/models/User";
> 5 | import DesignPickerClient from "./_components/DesignPickerClient";
    | ^^^^^^^^^^^^^^^^^^^^^^^^^^^^^^^^^^^^^^^^^^^^^^^^^^^^^^^^^^^^^^^^^^
  6 |
  7 | export default async function DesignPickerPage() {
  8 |   const session = await requireSession();

https://nextjs.org/docs/messages/module-not-found @ http://localhost:3000/_next/static/chunks/node_modules_next_dist_f3530cac._.js:3127
[ 8171030ms] [LOG] [Fast Refresh] rebuilding @ http://localhost:3000/_next/static/chunks/node_modules_next_dist_f3530cac._.js:2297
[ 8171126ms] [ERROR] ./app/settings/design/page.jsx:5:1
Module not found: Can't resolve './_components/DesignPickerClient'
  3 | import { connectDB } from "@/lib/db/mongoose";
  4 | import User from "@/lib/db/models/User";
> 5 | import DesignPickerClient from "./_components/DesignPickerClient";
    | ^^^^^^^^^^^^^^^^^^^^^^^^^^^^^^^^^^^^^^^^^^^^^^^^^^^^^^^^^^^^^^^^^^
  6 |
  7 | export default async function DesignPickerPage() {
  8 |   const session = await requireSession();

https://nextjs.org/docs/messages/module-not-found @ http://localhost:3000/_next/static/chunks/node_modules_next_dist_f3530cac._.js:3127
[ 8171141ms] [LOG] [Fast Refresh] rebuilding @ http://localhost:3000/_next/static/chunks/node_modules_next_dist_f3530cac._.js:2297
[ 8171213ms] [ERROR] ./app/settings/design/page.jsx:5:1
Module not found: Can't resolve './_components/DesignPickerClient'
  3 | import { connectDB } from "@/lib/db/mongoose";
  4 | import User from "@/lib/db/models/User";
> 5 | import DesignPickerClient from "./_components/DesignPickerClient";
    | ^^^^^^^^^^^^^^^^^^^^^^^^^^^^^^^^^^^^^^^^^^^^^^^^^^^^^^^^^^^^^^^^^^
  6 |
  7 | export default async function DesignPickerPage() {
  8 |   const session = await requireSession();

https://nextjs.org/docs/messages/module-not-found @ http://localhost:3000/_next/static/chunks/node_modules_next_dist_f3530cac._.js:3127
[ 8171249ms] [LOG] [Fast Refresh] rebuilding @ http://localhost:3000/_next/static/chunks/node_modules_next_dist_f3530cac._.js:2297
[ 8171344ms] [ERROR] ./app/settings/design/page.jsx:5:1
Module not found: Can't resolve './_components/DesignPickerClient'
  3 | import { connectDB } from "@/lib/db/mongoose";
  4 | import User from "@/lib/db/models/User";
> 5 | import DesignPickerClient from "./_components/DesignPickerClient";
    | ^^^^^^^^^^^^^^^^^^^^^^^^^^^^^^^^^^^^^^^^^^^^^^^^^^^^^^^^^^^^^^^^^^
  6 |
  7 | export default async function DesignPickerPage() {
  8 |   const session = await requireSession();

https://nextjs.org/docs/messages/module-not-found @ http://localhost:3000/_next/static/chunks/node_modules_next_dist_f3530cac._.js:3127
[ 8171365ms] [LOG] [Fast Refresh] rebuilding @ http://localhost:3000/_next/static/chunks/node_modules_next_dist_f3530cac._.js:2297
[ 8171486ms] [LOG] [Fast Refresh] rebuilding @ http://localhost:3000/_next/static/chunks/node_modules_next_dist_f3530cac._.js:2297
[ 8171558ms] [ERROR] ./app/settings/design/page.jsx:5:1
Module not found: Can't resolve './_components/DesignPickerClient'
  3 | import { connectDB } from "@/lib/db/mongoose";
  4 | import User from "@/lib/db/models/User";
> 5 | import DesignPickerClient from "./_components/DesignPickerClient";
    | ^^^^^^^^^^^^^^^^^^^^^^^^^^^^^^^^^^^^^^^^^^^^^^^^^^^^^^^^^^^^^^^^^^
  6 |
  7 | export default async function DesignPickerPage() {
  8 |   const session = await requireSession();

https://nextjs.org/docs/messages/module-not-found @ http://localhost:3000/_next/static/chunks/node_modules_next_dist_f3530cac._.js:3127
[ 8171559ms] [ERROR] ./app/settings/design/page.jsx:5:1
Module not found: Can't resolve './_components/DesignPickerClient'
  3 | import { connectDB } from "@/lib/db/mongoose";
  4 | import User from "@/lib/db/models/User";
> 5 | import DesignPickerClient from "./_components/DesignPickerClient";
    | ^^^^^^^^^^^^^^^^^^^^^^^^^^^^^^^^^^^^^^^^^^^^^^^^^^^^^^^^^^^^^^^^^^
  6 |
  7 | export default async function DesignPickerPage() {
  8 |   const session = await requireSession();

https://nextjs.org/docs/messages/module-not-found @ http://localhost:3000/_next/static/chunks/node_modules_next_dist_f3530cac._.js:3127
[ 8171662ms] [LOG] [Fast Refresh] rebuilding @ http://localhost:3000/_next/static/chunks/node_modules_next_dist_f3530cac._.js:2297
[ 8172177ms] [ERROR] ./app/settings/design/page.jsx:5:1
Module not found: Can't resolve './_components/DesignPickerClient'
  3 | import { connectDB } from "@/lib/db/mongoose";
  4 | import User from "@/lib/db/models/User";
> 5 | import DesignPickerClient from "./_components/DesignPickerClient";
    | ^^^^^^^^^^^^^^^^^^^^^^^^^^^^^^^^^^^^^^^^^^^^^^^^^^^^^^^^^^^^^^^^^^
  6 |
  7 | export default async function DesignPickerPage() {
  8 |   const session = await requireSession();

https://nextjs.org/docs/messages/module-not-found @ http://localhost:3000/_next/static/chunks/node_modules_next_dist_f3530cac._.js:3127
[ 8172182ms] [LOG] [Fast Refresh] rebuilding @ http://localhost:3000/_next/static/chunks/node_modules_next_dist_f3530cac._.js:2297
[ 8172242ms] [ERROR] ./app/settings/design/page.jsx:5:1
Module not found: Can't resolve './_components/DesignPickerClient'
  3 | import { connectDB } from "@/lib/db/mongoose";
  4 | import User from "@/lib/db/models/User";
> 5 | import DesignPickerClient from "./_components/DesignPickerClient";
    | ^^^^^^^^^^^^^^^^^^^^^^^^^^^^^^^^^^^^^^^^^^^^^^^^^^^^^^^^^^^^^^^^^^
  6 |
  7 | export default async function DesignPickerPage() {
  8 |   const session = await requireSession();

https://nextjs.org/docs/messages/module-not-found @ http://localhost:3000/_next/static/chunks/node_modules_next_dist_f3530cac._.js:3127
[ 8172303ms] [ERROR] ./app/settings/design/page.jsx:5:1
Module not found: Can't resolve './_components/DesignPickerClient'
  3 | import { connectDB } from "@/lib/db/mongoose";
  4 | import User from "@/lib/db/models/User";
> 5 | import DesignPickerClient from "./_components/DesignPickerClient";
    | ^^^^^^^^^^^^^^^^^^^^^^^^^^^^^^^^^^^^^^^^^^^^^^^^^^^^^^^^^^^^^^^^^^
  6 |
  7 | export default async function DesignPickerPage() {
  8 |   const session = await requireSession();

https://nextjs.org/docs/messages/module-not-found @ http://localhost:3000/_next/static/chunks/node_modules_next_dist_f3530cac._.js:3127
[ 8172363ms] [ERROR] ./app/settings/design/page.jsx:5:1
Module not found: Can't resolve './_components/DesignPickerClient'
  3 | import { connectDB } from "@/lib/db/mongoose";
  4 | import User from "@/lib/db/models/User";
> 5 | import DesignPickerClient from "./_components/DesignPickerClient";
    | ^^^^^^^^^^^^^^^^^^^^^^^^^^^^^^^^^^^^^^^^^^^^^^^^^^^^^^^^^^^^^^^^^^
  6 |
  7 | export default async function DesignPickerPage() {
  8 |   const session = await requireSession();

https://nextjs.org/docs/messages/module-not-found @ http://localhost:3000/_next/static/chunks/node_modules_next_dist_f3530cac._.js:3127
[ 8172423ms] [ERROR] ./app/settings/design/page.jsx:5:1
Module not found: Can't resolve './_components/DesignPickerClient'
  3 | import { connectDB } from "@/lib/db/mongoose";
  4 | import User from "@/lib/db/models/User";
> 5 | import DesignPickerClient from "./_components/DesignPickerClient";
    | ^^^^^^^^^^^^^^^^^^^^^^^^^^^^^^^^^^^^^^^^^^^^^^^^^^^^^^^^^^^^^^^^^^
  6 |
  7 | export default async function DesignPickerPage() {
  8 |   const session = await requireSession();

https://nextjs.org/docs/messages/module-not-found @ http://localhost:3000/_next/static/chunks/node_modules_next_dist_f3530cac._.js:3127
[ 8172552ms] [LOG] [Fast Refresh] rebuilding @ http://localhost:3000/_next/static/chunks/node_modules_next_dist_f3530cac._.js:2297
[ 8172553ms] [ERROR] ./app/settings/design/page.jsx:5:1
Module not found: Can't resolve './_components/DesignPickerClient'
  3 | import { connectDB } from "@/lib/db/mongoose";
  4 | import User from "@/lib/db/models/User";
> 5 | import DesignPickerClient from "./_components/DesignPickerClient";
    | ^^^^^^^^^^^^^^^^^^^^^^^^^^^^^^^^^^^^^^^^^^^^^^^^^^^^^^^^^^^^^^^^^^
  6 |
  7 | export default async function DesignPickerPage() {
  8 |   const session = await requireSession();

https://nextjs.org/docs/messages/module-not-found @ http://localhost:3000/_next/static/chunks/node_modules_next_dist_f3530cac._.js:3127
[ 8172698ms] [LOG] [Fast Refresh] rebuilding @ http://localhost:3000/_next/static/chunks/node_modules_next_dist_f3530cac._.js:2297
[ 8172712ms] [ERROR] ./app/settings/design/page.jsx:5:1
Module not found: Can't resolve './_components/DesignPickerClient'
  3 | import { connectDB } from "@/lib/db/mongoose";
  4 | import User from "@/lib/db/models/User";
> 5 | import DesignPickerClient from "./_components/DesignPickerClient";
    | ^^^^^^^^^^^^^^^^^^^^^^^^^^^^^^^^^^^^^^^^^^^^^^^^^^^^^^^^^^^^^^^^^^
  6 |
  7 | export default async function DesignPickerPage() {
  8 |   const session = await requireSession();

https://nextjs.org/docs/messages/module-not-found @ http://localhost:3000/_next/static/chunks/node_modules_next_dist_f3530cac._.js:3127
[ 8172713ms] [ERROR] ./app/settings/design/page.jsx:5:1
Module not found: Can't resolve './_components/DesignPickerClient'
  3 | import { connectDB } from "@/lib/db/mongoose";
  4 | import User from "@/lib/db/models/User";
> 5 | import DesignPickerClient from "./_components/DesignPickerClient";
    | ^^^^^^^^^^^^^^^^^^^^^^^^^^^^^^^^^^^^^^^^^^^^^^^^^^^^^^^^^^^^^^^^^^
  6 |
  7 | export default async function DesignPickerPage() {
  8 |   const session = await requireSession();

https://nextjs.org/docs/messages/module-not-found @ http://localhost:3000/_next/static/chunks/node_modules_next_dist_f3530cac._.js:3127
[ 8172878ms] [ERROR] ./app/settings/design/page.jsx:5:1
Module not found: Can't resolve './_components/DesignPickerClient'
  3 | import { connectDB } from "@/lib/db/mongoose";
  4 | import User from "@/lib/db/models/User";
> 5 | import DesignPickerClient from "./_components/DesignPickerClient";
    | ^^^^^^^^^^^^^^^^^^^^^^^^^^^^^^^^^^^^^^^^^^^^^^^^^^^^^^^^^^^^^^^^^^
  6 |
  7 | export default async function DesignPickerPage() {
  8 |   const session = await requireSession();

https://nextjs.org/docs/messages/module-not-found @ http://localhost:3000/_next/static/chunks/node_modules_next_dist_f3530cac._.js:3127
[ 8172924ms] [ERROR] ./app/settings/design/page.jsx:5:1
Module not found: Can't resolve './_components/DesignPickerClient'
  3 | import { connectDB } from "@/lib/db/mongoose";
  4 | import User from "@/lib/db/models/User";
> 5 | import DesignPickerClient from "./_components/DesignPickerClient";
    | ^^^^^^^^^^^^^^^^^^^^^^^^^^^^^^^^^^^^^^^^^^^^^^^^^^^^^^^^^^^^^^^^^^
  6 |
  7 | export default async function DesignPickerPage() {
  8 |   const session = await requireSession();

https://nextjs.org/docs/messages/module-not-found @ http://localhost:3000/_next/static/chunks/node_modules_next_dist_f3530cac._.js:3127
[ 8172998ms] [ERROR] ./app/settings/design/page.jsx:5:1
Module not found: Can't resolve './_components/DesignPickerClient'
  3 | import { connectDB } from "@/lib/db/mongoose";
  4 | import User from "@/lib/db/models/User";
> 5 | import DesignPickerClient from "./_components/DesignPickerClient";
    | ^^^^^^^^^^^^^^^^^^^^^^^^^^^^^^^^^^^^^^^^^^^^^^^^^^^^^^^^^^^^^^^^^^
  6 |
  7 | export default async function DesignPickerPage() {
  8 |   const session = await requireSession();

https://nextjs.org/docs/messages/module-not-found @ http://localhost:3000/_next/static/chunks/node_modules_next_dist_f3530cac._.js:3127
[ 8173122ms] [LOG] [Fast Refresh] rebuilding @ http://localhost:3000/_next/static/chunks/node_modules_next_dist_f3530cac._.js:2297
[ 8173127ms] [ERROR] ./app/settings/design/page.jsx:5:1
Module not found: Can't resolve './_components/DesignPickerClient'
  3 | import { connectDB } from "@/lib/db/mongoose";
  4 | import User from "@/lib/db/models/User";
> 5 | import DesignPickerClient from "./_components/DesignPickerClient";
    | ^^^^^^^^^^^^^^^^^^^^^^^^^^^^^^^^^^^^^^^^^^^^^^^^^^^^^^^^^^^^^^^^^^
  6 |
  7 | export default async function DesignPickerPage() {
  8 |   const session = await requireSession();

https://nextjs.org/docs/messages/module-not-found @ http://localhost:3000/_next/static/chunks/node_modules_next_dist_f3530cac._.js:3127
[ 8173208ms] [ERROR] ./app/settings/design/page.jsx:5:1
Module not found: Can't resolve './_components/DesignPickerClient'
  3 | import { connectDB } from "@/lib/db/mongoose";
  4 | import User from "@/lib/db/models/User";
> 5 | import DesignPickerClient from "./_components/DesignPickerClient";
    | ^^^^^^^^^^^^^^^^^^^^^^^^^^^^^^^^^^^^^^^^^^^^^^^^^^^^^^^^^^^^^^^^^^
  6 |
  7 | export default async function DesignPickerPage() {
  8 |   const session = await requireSession();

https://nextjs.org/docs/messages/module-not-found @ http://localhost:3000/_next/static/chunks/node_modules_next_dist_f3530cac._.js:3127
[ 8173329ms] [LOG] [Fast Refresh] rebuilding @ http://localhost:3000/_next/static/chunks/node_modules_next_dist_f3530cac._.js:2297
[ 8173345ms] [ERROR] ./app/settings/design/page.jsx:5:1
Module not found: Can't resolve './_components/DesignPickerClient'
  3 | import { connectDB } from "@/lib/db/mongoose";
  4 | import User from "@/lib/db/models/User";
> 5 | import DesignPickerClient from "./_components/DesignPickerClient";
    | ^^^^^^^^^^^^^^^^^^^^^^^^^^^^^^^^^^^^^^^^^^^^^^^^^^^^^^^^^^^^^^^^^^
  6 |
  7 | export default async function DesignPickerPage() {
  8 |   const session = await requireSession();

https://nextjs.org/docs/messages/module-not-found @ http://localhost:3000/_next/static/chunks/node_modules_next_dist_f3530cac._.js:3127
[ 8173464ms] [ERROR] ./app/settings/design/page.jsx:5:1
Module not found: Can't resolve './_components/DesignPickerClient'
  3 | import { connectDB } from "@/lib/db/mongoose";
  4 | import User from "@/lib/db/models/User";
> 5 | import DesignPickerClient from "./_components/DesignPickerClient";
    | ^^^^^^^^^^^^^^^^^^^^^^^^^^^^^^^^^^^^^^^^^^^^^^^^^^^^^^^^^^^^^^^^^^
  6 |
  7 | export default async function DesignPickerPage() {
  8 |   const session = await requireSession();

https://nextjs.org/docs/messages/module-not-found @ http://localhost:3000/_next/static/chunks/node_modules_next_dist_f3530cac._.js:3127
[ 8173523ms] [ERROR] ./app/settings/design/page.jsx:5:1
Module not found: Can't resolve './_components/DesignPickerClient'
  3 | import { connectDB } from "@/lib/db/mongoose";
  4 | import User from "@/lib/db/models/User";
> 5 | import DesignPickerClient from "./_components/DesignPickerClient";
    | ^^^^^^^^^^^^^^^^^^^^^^^^^^^^^^^^^^^^^^^^^^^^^^^^^^^^^^^^^^^^^^^^^^
  6 |
  7 | export default async function DesignPickerPage() {
  8 |   const session = await requireSession();

https://nextjs.org/docs/messages/module-not-found @ http://localhost:3000/_next/static/chunks/node_modules_next_dist_f3530cac._.js:3127
[ 8173627ms] [ERROR] ./app/settings/design/page.jsx:5:1
Module not found: Can't resolve './_components/DesignPickerClient'
  3 | import { connectDB } from "@/lib/db/mongoose";
  4 | import User from "@/lib/db/models/User";
> 5 | import DesignPickerClient from "./_components/DesignPickerClient";
    | ^^^^^^^^^^^^^^^^^^^^^^^^^^^^^^^^^^^^^^^^^^^^^^^^^^^^^^^^^^^^^^^^^^
  6 |
  7 | export default async function DesignPickerPage() {
  8 |   const session = await requireSession();

https://nextjs.org/docs/messages/module-not-found @ http://localhost:3000/_next/static/chunks/node_modules_next_dist_f3530cac._.js:3127
[ 8173629ms] [ERROR] ./app/settings/design/page.jsx:5:1
Module not found: Can't resolve './_components/DesignPickerClient'
  3 | import { connectDB } from "@/lib/db/mongoose";
  4 | import User from "@/lib/db/models/User";
> 5 | import DesignPickerClient from "./_components/DesignPickerClient";
    | ^^^^^^^^^^^^^^^^^^^^^^^^^^^^^^^^^^^^^^^^^^^^^^^^^^^^^^^^^^^^^^^^^^
  6 |
  7 | export default async function DesignPickerPage() {
  8 |   const session = await requireSession();

https://nextjs.org/docs/messages/module-not-found @ http://localhost:3000/_next/static/chunks/node_modules_next_dist_f3530cac._.js:3127
[ 8173742ms] [ERROR] ./app/settings/design/page.jsx:5:1
Module not found: Can't resolve './_components/DesignPickerClient'
  3 | import { connectDB } from "@/lib/db/mongoose";
  4 | import User from "@/lib/db/models/User";
> 5 | import DesignPickerClient from "./_components/DesignPickerClient";
    | ^^^^^^^^^^^^^^^^^^^^^^^^^^^^^^^^^^^^^^^^^^^^^^^^^^^^^^^^^^^^^^^^^^
  6 |
  7 | export default async function DesignPickerPage() {
  8 |   const session = await requireSession();

https://nextjs.org/docs/messages/module-not-found @ http://localhost:3000/_next/static/chunks/node_modules_next_dist_f3530cac._.js:3127
[ 8173846ms] [ERROR] ./app/settings/design/page.jsx:5:1
Module not found: Can't resolve './_components/DesignPickerClient'
  3 | import { connectDB } from "@/lib/db/mongoose";
  4 | import User from "@/lib/db/models/User";
> 5 | import DesignPickerClient from "./_components/DesignPickerClient";
    | ^^^^^^^^^^^^^^^^^^^^^^^^^^^^^^^^^^^^^^^^^^^^^^^^^^^^^^^^^^^^^^^^^^
  6 |
  7 | export default async function DesignPickerPage() {
  8 |   const session = await requireSession();

https://nextjs.org/docs/messages/module-not-found @ http://localhost:3000/_next/static/chunks/node_modules_next_dist_f3530cac._.js:3127
[ 8173863ms] [LOG] [Fast Refresh] rebuilding @ http://localhost:3000/_next/static/chunks/node_modules_next_dist_f3530cac._.js:2297
[ 8173920ms] [ERROR] ./app/settings/design/page.jsx:5:1
Module not found: Can't resolve './_components/DesignPickerClient'
  3 | import { connectDB } from "@/lib/db/mongoose";
  4 | import User from "@/lib/db/models/User";
> 5 | import DesignPickerClient from "./_components/DesignPickerClient";
    | ^^^^^^^^^^^^^^^^^^^^^^^^^^^^^^^^^^^^^^^^^^^^^^^^^^^^^^^^^^^^^^^^^^
  6 |
  7 | export default async function DesignPickerPage() {
  8 |   const session = await requireSession();

https://nextjs.org/docs/messages/module-not-found @ http://localhost:3000/_next/static/chunks/node_modules_next_dist_f3530cac._.js:3127
[ 8174024ms] [ERROR] ./app/settings/design/page.jsx:5:1
Module not found: Can't resolve './_components/DesignPickerClient'
  3 | import { connectDB } from "@/lib/db/mongoose";
  4 | import User from "@/lib/db/models/User";
> 5 | import DesignPickerClient from "./_components/DesignPickerClient";
    | ^^^^^^^^^^^^^^^^^^^^^^^^^^^^^^^^^^^^^^^^^^^^^^^^^^^^^^^^^^^^^^^^^^
  6 |
  7 | export default async function DesignPickerPage() {
  8 |   const session = await requireSession();

https://nextjs.org/docs/messages/module-not-found @ http://localhost:3000/_next/static/chunks/node_modules_next_dist_f3530cac._.js:3127
[ 8174086ms] [ERROR] ./app/settings/design/page.jsx:5:1
Module not found: Can't resolve './_components/DesignPickerClient'
  3 | import { connectDB } from "@/lib/db/mongoose";
  4 | import User from "@/lib/db/models/User";
> 5 | import DesignPickerClient from "./_components/DesignPickerClient";
    | ^^^^^^^^^^^^^^^^^^^^^^^^^^^^^^^^^^^^^^^^^^^^^^^^^^^^^^^^^^^^^^^^^^
  6 |
  7 | export default async function DesignPickerPage() {
  8 |   const session = await requireSession();

https://nextjs.org/docs/messages/module-not-found @ http://localhost:3000/_next/static/chunks/node_modules_next_dist_f3530cac._.js:3127
[ 8174142ms] [ERROR] ./app/settings/design/page.jsx:5:1
Module not found: Can't resolve './_components/DesignPickerClient'
  3 | import { connectDB } from "@/lib/db/mongoose";
  4 | import User from "@/lib/db/models/User";
> 5 | import DesignPickerClient from "./_components/DesignPickerClient";
    | ^^^^^^^^^^^^^^^^^^^^^^^^^^^^^^^^^^^^^^^^^^^^^^^^^^^^^^^^^^^^^^^^^^
  6 |
  7 | export default async function DesignPickerPage() {
  8 |   const session = await requireSession();

https://nextjs.org/docs/messages/module-not-found @ http://localhost:3000/_next/static/chunks/node_modules_next_dist_f3530cac._.js:3127
[ 8174186ms] [ERROR] ./app/settings/design/page.jsx:5:1
Module not found: Can't resolve './_components/DesignPickerClient'
  3 | import { connectDB } from "@/lib/db/mongoose";
  4 | import User from "@/lib/db/models/User";
> 5 | import DesignPickerClient from "./_components/DesignPickerClient";
    | ^^^^^^^^^^^^^^^^^^^^^^^^^^^^^^^^^^^^^^^^^^^^^^^^^^^^^^^^^^^^^^^^^^
  6 |
  7 | export default async function DesignPickerPage() {
  8 |   const session = await requireSession();

https://nextjs.org/docs/messages/module-not-found @ http://localhost:3000/_next/static/chunks/node_modules_next_dist_f3530cac._.js:3127
[ 8174288ms] [LOG] [Fast Refresh] rebuilding @ http://localhost:3000/_next/static/chunks/node_modules_next_dist_f3530cac._.js:2297
[ 8174289ms] [ERROR] ./app/settings/design/page.jsx:5:1
Module not found: Can't resolve './_components/DesignPickerClient'
  3 | import { connectDB } from "@/lib/db/mongoose";
  4 | import User from "@/lib/db/models/User";
> 5 | import DesignPickerClient from "./_components/DesignPickerClient";
    | ^^^^^^^^^^^^^^^^^^^^^^^^^^^^^^^^^^^^^^^^^^^^^^^^^^^^^^^^^^^^^^^^^^
  6 |
  7 | export default async function DesignPickerPage() {
  8 |   const session = await requireSession();

https://nextjs.org/docs/messages/module-not-found @ http://localhost:3000/_next/static/chunks/node_modules_next_dist_f3530cac._.js:3127
[ 8174388ms] [ERROR] ./app/settings/design/page.jsx:5:1
Module not found: Can't resolve './_components/DesignPickerClient'
  3 | import { connectDB } from "@/lib/db/mongoose";
  4 | import User from "@/lib/db/models/User";
> 5 | import DesignPickerClient from "./_components/DesignPickerClient";
    | ^^^^^^^^^^^^^^^^^^^^^^^^^^^^^^^^^^^^^^^^^^^^^^^^^^^^^^^^^^^^^^^^^^
  6 |
  7 | export default async function DesignPickerPage() {
  8 |   const session = await requireSession();

https://nextjs.org/docs/messages/module-not-found @ http://localhost:3000/_next/static/chunks/node_modules_next_dist_f3530cac._.js:3127
[ 8174446ms] [ERROR] ./app/settings/design/page.jsx:5:1
Module not found: Can't resolve './_components/DesignPickerClient'
  3 | import { connectDB } from "@/lib/db/mongoose";
  4 | import User from "@/lib/db/models/User";
> 5 | import DesignPickerClient from "./_components/DesignPickerClient";
    | ^^^^^^^^^^^^^^^^^^^^^^^^^^^^^^^^^^^^^^^^^^^^^^^^^^^^^^^^^^^^^^^^^^
  6 |
  7 | export default async function DesignPickerPage() {
  8 |   const session = await requireSession();

https://nextjs.org/docs/messages/module-not-found @ http://localhost:3000/_next/static/chunks/node_modules_next_dist_f3530cac._.js:3127
[ 8174574ms] [LOG] [Fast Refresh] rebuilding @ http://localhost:3000/_next/static/chunks/node_modules_next_dist_f3530cac._.js:2297
[ 8174574ms] [ERROR] ./app/settings/design/page.jsx:5:1
Module not found: Can't resolve './_components/DesignPickerClient'
  3 | import { connectDB } from "@/lib/db/mongoose";
  4 | import User from "@/lib/db/models/User";
> 5 | import DesignPickerClient from "./_components/DesignPickerClient";
    | ^^^^^^^^^^^^^^^^^^^^^^^^^^^^^^^^^^^^^^^^^^^^^^^^^^^^^^^^^^^^^^^^^^
  6 |
  7 | export default async function DesignPickerPage() {
  8 |   const session = await requireSession();

https://nextjs.org/docs/messages/module-not-found @ http://localhost:3000/_next/static/chunks/node_modules_next_dist_f3530cac._.js:3127
[ 8174698ms] [ERROR] ./app/settings/design/page.jsx:5:1
Module not found: Can't resolve './_components/DesignPickerClient'
  3 | import { connectDB } from "@/lib/db/mongoose";
  4 | import User from "@/lib/db/models/User";
> 5 | import DesignPickerClient from "./_components/DesignPickerClient";
    | ^^^^^^^^^^^^^^^^^^^^^^^^^^^^^^^^^^^^^^^^^^^^^^^^^^^^^^^^^^^^^^^^^^
  6 |
  7 | export default async function DesignPickerPage() {
  8 |   const session = await requireSession();

https://nextjs.org/docs/messages/module-not-found @ http://localhost:3000/_next/static/chunks/node_modules_next_dist_f3530cac._.js:3127
[ 8174775ms] [ERROR] ./app/settings/design/page.jsx:5:1
Module not found: Can't resolve './_components/DesignPickerClient'
  3 | import { connectDB } from "@/lib/db/mongoose";
  4 | import User from "@/lib/db/models/User";
> 5 | import DesignPickerClient from "./_components/DesignPickerClient";
    | ^^^^^^^^^^^^^^^^^^^^^^^^^^^^^^^^^^^^^^^^^^^^^^^^^^^^^^^^^^^^^^^^^^
  6 |
  7 | export default async function DesignPickerPage() {
  8 |   const session = await requireSession();

https://nextjs.org/docs/messages/module-not-found @ http://localhost:3000/_next/static/chunks/node_modules_next_dist_f3530cac._.js:3127
[ 8174838ms] [ERROR] ./app/settings/design/page.jsx:5:1
Module not found: Can't resolve './_components/DesignPickerClient'
  3 | import { connectDB } from "@/lib/db/mongoose";
  4 | import User from "@/lib/db/models/User";
> 5 | import DesignPickerClient from "./_components/DesignPickerClient";
    | ^^^^^^^^^^^^^^^^^^^^^^^^^^^^^^^^^^^^^^^^^^^^^^^^^^^^^^^^^^^^^^^^^^
  6 |
  7 | export default async function DesignPickerPage() {
  8 |   const session = await requireSession();

https://nextjs.org/docs/messages/module-not-found @ http://localhost:3000/_next/static/chunks/node_modules_next_dist_f3530cac._.js:3127
[ 8174902ms] [ERROR] ./app/settings/design/page.jsx:5:1
Module not found: Can't resolve './_components/DesignPickerClient'
  3 | import { connectDB } from "@/lib/db/mongoose";
  4 | import User from "@/lib/db/models/User";
> 5 | import DesignPickerClient from "./_components/DesignPickerClient";
    | ^^^^^^^^^^^^^^^^^^^^^^^^^^^^^^^^^^^^^^^^^^^^^^^^^^^^^^^^^^^^^^^^^^
  6 |
  7 | export default async function DesignPickerPage() {
  8 |   const session = await requireSession();

https://nextjs.org/docs/messages/module-not-found @ http://localhost:3000/_next/static/chunks/node_modules_next_dist_f3530cac._.js:3127
[ 8175014ms] [LOG] [Fast Refresh] rebuilding @ http://localhost:3000/_next/static/chunks/node_modules_next_dist_f3530cac._.js:2297
[ 8175039ms] [ERROR] ./app/settings/design/page.jsx:5:1
Module not found: Can't resolve './_components/DesignPickerClient'
  3 | import { connectDB } from "@/lib/db/mongoose";
  4 | import User from "@/lib/db/models/User";
> 5 | import DesignPickerClient from "./_components/DesignPickerClient";
    | ^^^^^^^^^^^^^^^^^^^^^^^^^^^^^^^^^^^^^^^^^^^^^^^^^^^^^^^^^^^^^^^^^^
  6 |
  7 | export default async function DesignPickerPage() {
  8 |   const session = await requireSession();

https://nextjs.org/docs/messages/module-not-found @ http://localhost:3000/_next/static/chunks/node_modules_next_dist_f3530cac._.js:3127
[ 8175106ms] [ERROR] ./app/settings/design/page.jsx:5:1
Module not found: Can't resolve './_components/DesignPickerClient'
  3 | import { connectDB } from "@/lib/db/mongoose";
  4 | import User from "@/lib/db/models/User";
> 5 | import DesignPickerClient from "./_components/DesignPickerClient";
    | ^^^^^^^^^^^^^^^^^^^^^^^^^^^^^^^^^^^^^^^^^^^^^^^^^^^^^^^^^^^^^^^^^^
  6 |
  7 | export default async function DesignPickerPage() {
  8 |   const session = await requireSession();

https://nextjs.org/docs/messages/module-not-found @ http://localhost:3000/_next/static/chunks/node_modules_next_dist_f3530cac._.js:3127
[ 8175214ms] [LOG] [Fast Refresh] rebuilding @ http://localhost:3000/_next/static/chunks/node_modules_next_dist_f3530cac._.js:2297
[ 8175218ms] [ERROR] ./app/settings/design/page.jsx:5:1
Module not found: Can't resolve './_components/DesignPickerClient'
  3 | import { connectDB } from "@/lib/db/mongoose";
  4 | import User from "@/lib/db/models/User";
> 5 | import DesignPickerClient from "./_components/DesignPickerClient";
    | ^^^^^^^^^^^^^^^^^^^^^^^^^^^^^^^^^^^^^^^^^^^^^^^^^^^^^^^^^^^^^^^^^^
  6 |
  7 | export default async function DesignPickerPage() {
  8 |   const session = await requireSession();

https://nextjs.org/docs/messages/module-not-found @ http://localhost:3000/_next/static/chunks/node_modules_next_dist_f3530cac._.js:3127
[ 8175275ms] [ERROR] ./app/settings/design/page.jsx:5:1
Module not found: Can't resolve './_components/DesignPickerClient'
  3 | import { connectDB } from "@/lib/db/mongoose";
  4 | import User from "@/lib/db/models/User";
> 5 | import DesignPickerClient from "./_components/DesignPickerClient";
    | ^^^^^^^^^^^^^^^^^^^^^^^^^^^^^^^^^^^^^^^^^^^^^^^^^^^^^^^^^^^^^^^^^^
  6 |
  7 | export default async function DesignPickerPage() {
  8 |   const session = await requireSession();

https://nextjs.org/docs/messages/module-not-found @ http://localhost:3000/_next/static/chunks/node_modules_next_dist_f3530cac._.js:3127
[ 8175331ms] [ERROR] ./app/settings/design/page.jsx:5:1
Module not found: Can't resolve './_components/DesignPickerClient'
  3 | import { connectDB } from "@/lib/db/mongoose";
  4 | import User from "@/lib/db/models/User";
> 5 | import DesignPickerClient from "./_components/DesignPickerClient";
    | ^^^^^^^^^^^^^^^^^^^^^^^^^^^^^^^^^^^^^^^^^^^^^^^^^^^^^^^^^^^^^^^^^^
  6 |
  7 | export default async function DesignPickerPage() {
  8 |   const session = await requireSession();

https://nextjs.org/docs/messages/module-not-found @ http://localhost:3000/_next/static/chunks/node_modules_next_dist_f3530cac._.js:3127
[ 8175413ms] [ERROR] ./app/settings/design/page.jsx:5:1
Module not found: Can't resolve './_components/DesignPickerClient'
  3 | import { connectDB } from "@/lib/db/mongoose";
  4 | import User from "@/lib/db/models/User";
> 5 | import DesignPickerClient from "./_components/DesignPickerClient";
    | ^^^^^^^^^^^^^^^^^^^^^^^^^^^^^^^^^^^^^^^^^^^^^^^^^^^^^^^^^^^^^^^^^^
  6 |
  7 | export default async function DesignPickerPage() {
  8 |   const session = await requireSession();

https://nextjs.org/docs/messages/module-not-found @ http://localhost:3000/_next/static/chunks/node_modules_next_dist_f3530cac._.js:3127
[ 8175484ms] [ERROR] ./app/settings/design/page.jsx:5:1
Module not found: Can't resolve './_components/DesignPickerClient'
  3 | import { connectDB } from "@/lib/db/mongoose";
  4 | import User from "@/lib/db/models/User";
> 5 | import DesignPickerClient from "./_components/DesignPickerClient";
    | ^^^^^^^^^^^^^^^^^^^^^^^^^^^^^^^^^^^^^^^^^^^^^^^^^^^^^^^^^^^^^^^^^^
  6 |
  7 | export default async function DesignPickerPage() {
  8 |   const session = await requireSession();

https://nextjs.org/docs/messages/module-not-found @ http://localhost:3000/_next/static/chunks/node_modules_next_dist_f3530cac._.js:3127
[ 8175549ms] [ERROR] ./app/settings/design/page.jsx:5:1
Module not found: Can't resolve './_components/DesignPickerClient'
  3 | import { connectDB } from "@/lib/db/mongoose";
  4 | import User from "@/lib/db/models/User";
> 5 | import DesignPickerClient from "./_components/DesignPickerClient";
    | ^^^^^^^^^^^^^^^^^^^^^^^^^^^^^^^^^^^^^^^^^^^^^^^^^^^^^^^^^^^^^^^^^^
  6 |
  7 | export default async function DesignPickerPage() {
  8 |   const session = await requireSession();

https://nextjs.org/docs/messages/module-not-found @ http://localhost:3000/_next/static/chunks/node_modules_next_dist_f3530cac._.js:3127
[ 8175591ms] [ERROR] ./app/settings/design/page.jsx:5:1
Module not found: Can't resolve './_components/DesignPickerClient'
  3 | import { connectDB } from "@/lib/db/mongoose";
  4 | import User from "@/lib/db/models/User";
> 5 | import DesignPickerClient from "./_components/DesignPickerClient";
    | ^^^^^^^^^^^^^^^^^^^^^^^^^^^^^^^^^^^^^^^^^^^^^^^^^^^^^^^^^^^^^^^^^^
  6 |
  7 | export default async function DesignPickerPage() {
  8 |   const session = await requireSession();

https://nextjs.org/docs/messages/module-not-found @ http://localhost:3000/_next/static/chunks/node_modules_next_dist_f3530cac._.js:3127
[ 8175691ms] [ERROR] ./app/settings/design/page.jsx:5:1
Module not found: Can't resolve './_components/DesignPickerClient'
  3 | import { connectDB } from "@/lib/db/mongoose";
  4 | import User from "@/lib/db/models/User";
> 5 | import DesignPickerClient from "./_components/DesignPickerClient";
    | ^^^^^^^^^^^^^^^^^^^^^^^^^^^^^^^^^^^^^^^^^^^^^^^^^^^^^^^^^^^^^^^^^^
  6 |
  7 | export default async function DesignPickerPage() {
  8 |   const session = await requireSession();

https://nextjs.org/docs/messages/module-not-found @ http://localhost:3000/_next/static/chunks/node_modules_next_dist_f3530cac._.js:3127
[ 8175767ms] [ERROR] ./app/settings/design/page.jsx:5:1
Module not found: Can't resolve './_components/DesignPickerClient'
  3 | import { connectDB } from "@/lib/db/mongoose";
  4 | import User from "@/lib/db/models/User";
> 5 | import DesignPickerClient from "./_components/DesignPickerClient";
    | ^^^^^^^^^^^^^^^^^^^^^^^^^^^^^^^^^^^^^^^^^^^^^^^^^^^^^^^^^^^^^^^^^^
  6 |
  7 | export default async function DesignPickerPage() {
  8 |   const session = await requireSession();

https://nextjs.org/docs/messages/module-not-found @ http://localhost:3000/_next/static/chunks/node_modules_next_dist_f3530cac._.js:3127
[ 8175822ms] [ERROR] ./app/settings/design/page.jsx:5:1
Module not found: Can't resolve './_components/DesignPickerClient'
  3 | import { connectDB } from "@/lib/db/mongoose";
  4 | import User from "@/lib/db/models/User";
> 5 | import DesignPickerClient from "./_components/DesignPickerClient";
    | ^^^^^^^^^^^^^^^^^^^^^^^^^^^^^^^^^^^^^^^^^^^^^^^^^^^^^^^^^^^^^^^^^^
  6 |
  7 | export default async function DesignPickerPage() {
  8 |   const session = await requireSession();

https://nextjs.org/docs/messages/module-not-found @ http://localhost:3000/_next/static/chunks/node_modules_next_dist_f3530cac._.js:3127
[ 8175893ms] [ERROR] ./app/settings/design/page.jsx:5:1
Module not found: Can't resolve './_components/DesignPickerClient'
  3 | import { connectDB } from "@/lib/db/mongoose";
  4 | import User from "@/lib/db/models/User";
> 5 | import DesignPickerClient from "./_components/DesignPickerClient";
    | ^^^^^^^^^^^^^^^^^^^^^^^^^^^^^^^^^^^^^^^^^^^^^^^^^^^^^^^^^^^^^^^^^^
  6 |
  7 | export default async function DesignPickerPage() {
  8 |   const session = await requireSession();

https://nextjs.org/docs/messages/module-not-found @ http://localhost:3000/_next/static/chunks/node_modules_next_dist_f3530cac._.js:3127
[ 8175957ms] [ERROR] ./app/settings/design/page.jsx:5:1
Module not found: Can't resolve './_components/DesignPickerClient'
  3 | import { connectDB } from "@/lib/db/mongoose";
  4 | import User from "@/lib/db/models/User";
> 5 | import DesignPickerClient from "./_components/DesignPickerClient";
    | ^^^^^^^^^^^^^^^^^^^^^^^^^^^^^^^^^^^^^^^^^^^^^^^^^^^^^^^^^^^^^^^^^^
  6 |
  7 | export default async function DesignPickerPage() {
  8 |   const session = await requireSession();

https://nextjs.org/docs/messages/module-not-found @ http://localhost:3000/_next/static/chunks/node_modules_next_dist_f3530cac._.js:3127
[ 8176002ms] [ERROR] ./app/settings/design/page.jsx:5:1
Module not found: Can't resolve './_components/DesignPickerClient'
  3 | import { connectDB } from "@/lib/db/mongoose";
  4 | import User from "@/lib/db/models/User";
> 5 | import DesignPickerClient from "./_components/DesignPickerClient";
    | ^^^^^^^^^^^^^^^^^^^^^^^^^^^^^^^^^^^^^^^^^^^^^^^^^^^^^^^^^^^^^^^^^^
  6 |
  7 | export default async function DesignPickerPage() {
  8 |   const session = await requireSession();

https://nextjs.org/docs/messages/module-not-found @ http://localhost:3000/_next/static/chunks/node_modules_next_dist_f3530cac._.js:3127
[ 8176074ms] [ERROR] ./app/settings/design/page.jsx:5:1
Module not found: Can't resolve './_components/DesignPickerClient'
  3 | import { connectDB } from "@/lib/db/mongoose";
  4 | import User from "@/lib/db/models/User";
> 5 | import DesignPickerClient from "./_components/DesignPickerClient";
    | ^^^^^^^^^^^^^^^^^^^^^^^^^^^^^^^^^^^^^^^^^^^^^^^^^^^^^^^^^^^^^^^^^^
  6 |
  7 | export default async function DesignPickerPage() {
  8 |   const session = await requireSession();

https://nextjs.org/docs/messages/module-not-found @ http://localhost:3000/_next/static/chunks/node_modules_next_dist_f3530cac._.js:3127
[ 8176150ms] [ERROR] ./app/settings/design/page.jsx:5:1
Module not found: Can't resolve './_components/DesignPickerClient'
  3 | import { connectDB } from "@/lib/db/mongoose";
  4 | import User from "@/lib/db/models/User";
> 5 | import DesignPickerClient from "./_components/DesignPickerClient";
    | ^^^^^^^^^^^^^^^^^^^^^^^^^^^^^^^^^^^^^^^^^^^^^^^^^^^^^^^^^^^^^^^^^^
  6 |
  7 | export default async function DesignPickerPage() {
  8 |   const session = await requireSession();

https://nextjs.org/docs/messages/module-not-found @ http://localhost:3000/_next/static/chunks/node_modules_next_dist_f3530cac._.js:3127
[ 8176277ms] [LOG] [Fast Refresh] rebuilding @ http://localhost:3000/_next/static/chunks/node_modules_next_dist_f3530cac._.js:2297
[ 8176278ms] [ERROR] ./app/settings/design/page.jsx:5:1
Module not found: Can't resolve './_components/DesignPickerClient'
  3 | import { connectDB } from "@/lib/db/mongoose";
  4 | import User from "@/lib/db/models/User";
> 5 | import DesignPickerClient from "./_components/DesignPickerClient";
    | ^^^^^^^^^^^^^^^^^^^^^^^^^^^^^^^^^^^^^^^^^^^^^^^^^^^^^^^^^^^^^^^^^^
  6 |
  7 | export default async function DesignPickerPage() {
  8 |   const session = await requireSession();

https://nextjs.org/docs/messages/module-not-found @ http://localhost:3000/_next/static/chunks/node_modules_next_dist_f3530cac._.js:3127
[ 8176401ms] [LOG] [Fast Refresh] rebuilding @ http://localhost:3000/_next/static/chunks/node_modules_next_dist_f3530cac._.js:2297
[ 8176426ms] [ERROR] ./app/settings/design/page.jsx:5:1
Module not found: Can't resolve './_components/DesignPickerClient'
  3 | import { connectDB } from "@/lib/db/mongoose";
  4 | import User from "@/lib/db/models/User";
> 5 | import DesignPickerClient from "./_components/DesignPickerClient";
    | ^^^^^^^^^^^^^^^^^^^^^^^^^^^^^^^^^^^^^^^^^^^^^^^^^^^^^^^^^^^^^^^^^^
  6 |
  7 | export default async function DesignPickerPage() {
  8 |   const session = await requireSession();

https://nextjs.org/docs/messages/module-not-found @ http://localhost:3000/_next/static/chunks/node_modules_next_dist_f3530cac._.js:3127
[ 8176427ms] [ERROR] ./app/settings/design/page.jsx:5:1
Module not found: Can't resolve './_components/DesignPickerClient'
  3 | import { connectDB } from "@/lib/db/mongoose";
  4 | import User from "@/lib/db/models/User";
> 5 | import DesignPickerClient from "./_components/DesignPickerClient";
    | ^^^^^^^^^^^^^^^^^^^^^^^^^^^^^^^^^^^^^^^^^^^^^^^^^^^^^^^^^^^^^^^^^^
  6 |
  7 | export default async function DesignPickerPage() {
  8 |   const session = await requireSession();

https://nextjs.org/docs/messages/module-not-found @ http://localhost:3000/_next/static/chunks/node_modules_next_dist_f3530cac._.js:3127
[ 8176580ms] [ERROR] ./app/settings/design/page.jsx:5:1
Module not found: Can't resolve './_components/DesignPickerClient'
  3 | import { connectDB } from "@/lib/db/mongoose";
  4 | import User from "@/lib/db/models/User";
> 5 | import DesignPickerClient from "./_components/DesignPickerClient";
    | ^^^^^^^^^^^^^^^^^^^^^^^^^^^^^^^^^^^^^^^^^^^^^^^^^^^^^^^^^^^^^^^^^^
  6 |
  7 | export default async function DesignPickerPage() {
  8 |   const session = await requireSession();

https://nextjs.org/docs/messages/module-not-found @ http://localhost:3000/_next/static/chunks/node_modules_next_dist_f3530cac._.js:3127
[ 8176596ms] [LOG] [Fast Refresh] rebuilding @ http://localhost:3000/_next/static/chunks/node_modules_next_dist_f3530cac._.js:2297
[ 8176652ms] [ERROR] ./app/settings/design/page.jsx:5:1
Module not found: Can't resolve './_components/DesignPickerClient'
  3 | import { connectDB } from "@/lib/db/mongoose";
  4 | import User from "@/lib/db/models/User";
> 5 | import DesignPickerClient from "./_components/DesignPickerClient";
    | ^^^^^^^^^^^^^^^^^^^^^^^^^^^^^^^^^^^^^^^^^^^^^^^^^^^^^^^^^^^^^^^^^^
  6 |
  7 | export default async function DesignPickerPage() {
  8 |   const session = await requireSession();

https://nextjs.org/docs/messages/module-not-found @ http://localhost:3000/_next/static/chunks/node_modules_next_dist_f3530cac._.js:3127
[ 8176711ms] [ERROR] ./app/settings/design/page.jsx:5:1
Module not found: Can't resolve './_components/DesignPickerClient'
  3 | import { connectDB } from "@/lib/db/mongoose";
  4 | import User from "@/lib/db/models/User";
> 5 | import DesignPickerClient from "./_components/DesignPickerClient";
    | ^^^^^^^^^^^^^^^^^^^^^^^^^^^^^^^^^^^^^^^^^^^^^^^^^^^^^^^^^^^^^^^^^^
  6 |
  7 | export default async function DesignPickerPage() {
  8 |   const session = await requireSession();

https://nextjs.org/docs/messages/module-not-found @ http://localhost:3000/_next/static/chunks/node_modules_next_dist_f3530cac._.js:3127
[ 8176780ms] [ERROR] ./app/settings/design/page.jsx:5:1
Module not found: Can't resolve './_components/DesignPickerClient'
  3 | import { connectDB } from "@/lib/db/mongoose";
  4 | import User from "@/lib/db/models/User";
> 5 | import DesignPickerClient from "./_components/DesignPickerClient";
    | ^^^^^^^^^^^^^^^^^^^^^^^^^^^^^^^^^^^^^^^^^^^^^^^^^^^^^^^^^^^^^^^^^^
  6 |
  7 | export default async function DesignPickerPage() {
  8 |   const session = await requireSession();

https://nextjs.org/docs/messages/module-not-found @ http://localhost:3000/_next/static/chunks/node_modules_next_dist_f3530cac._.js:3127
[ 8176848ms] [ERROR] ./app/settings/design/page.jsx:5:1
Module not found: Can't resolve './_components/DesignPickerClient'
  3 | import { connectDB } from "@/lib/db/mongoose";
  4 | import User from "@/lib/db/models/User";
> 5 | import DesignPickerClient from "./_components/DesignPickerClient";
    | ^^^^^^^^^^^^^^^^^^^^^^^^^^^^^^^^^^^^^^^^^^^^^^^^^^^^^^^^^^^^^^^^^^
  6 |
  7 | export default async function DesignPickerPage() {
  8 |   const session = await requireSession();

https://nextjs.org/docs/messages/module-not-found @ http://localhost:3000/_next/static/chunks/node_modules_next_dist_f3530cac._.js:3127
[ 8176983ms] [LOG] [Fast Refresh] rebuilding @ http://localhost:3000/_next/static/chunks/node_modules_next_dist_f3530cac._.js:2297
[ 8176986ms] [ERROR] ./app/settings/design/page.jsx:5:1
Module not found: Can't resolve './_components/DesignPickerClient'
  3 | import { connectDB } from "@/lib/db/mongoose";
  4 | import User from "@/lib/db/models/User";
> 5 | import DesignPickerClient from "./_components/DesignPickerClient";
    | ^^^^^^^^^^^^^^^^^^^^^^^^^^^^^^^^^^^^^^^^^^^^^^^^^^^^^^^^^^^^^^^^^^
  6 |
  7 | export default async function DesignPickerPage() {
  8 |   const session = await requireSession();

https://nextjs.org/docs/messages/module-not-found @ http://localhost:3000/_next/static/chunks/node_modules_next_dist_f3530cac._.js:3127
[ 8177092ms] [ERROR] ./app/settings/design/page.jsx:5:1
Module not found: Can't resolve './_components/DesignPickerClient'
  3 | import { connectDB } from "@/lib/db/mongoose";
  4 | import User from "@/lib/db/models/User";
> 5 | import DesignPickerClient from "./_components/DesignPickerClient";
    | ^^^^^^^^^^^^^^^^^^^^^^^^^^^^^^^^^^^^^^^^^^^^^^^^^^^^^^^^^^^^^^^^^^
  6 |
  7 | export default async function DesignPickerPage() {
  8 |   const session = await requireSession();

https://nextjs.org/docs/messages/module-not-found @ http://localhost:3000/_next/static/chunks/node_modules_next_dist_f3530cac._.js:3127
[ 8177193ms] [LOG] [Fast Refresh] rebuilding @ http://localhost:3000/_next/static/chunks/node_modules_next_dist_f3530cac._.js:2297
[ 8177194ms] [ERROR] ./app/settings/design/page.jsx:5:1
Module not found: Can't resolve './_components/DesignPickerClient'
  3 | import { connectDB } from "@/lib/db/mongoose";
  4 | import User from "@/lib/db/models/User";
> 5 | import DesignPickerClient from "./_components/DesignPickerClient";
    | ^^^^^^^^^^^^^^^^^^^^^^^^^^^^^^^^^^^^^^^^^^^^^^^^^^^^^^^^^^^^^^^^^^
  6 |
  7 | export default async function DesignPickerPage() {
  8 |   const session = await requireSession();

https://nextjs.org/docs/messages/module-not-found @ http://localhost:3000/_next/static/chunks/node_modules_next_dist_f3530cac._.js:3127
[ 8177332ms] [LOG] [Fast Refresh] rebuilding @ http://localhost:3000/_next/static/chunks/node_modules_next_dist_f3530cac._.js:2297
[ 8177385ms] [ERROR] ./app/settings/design/page.jsx:5:1
Module not found: Can't resolve './_components/DesignPickerClient'
  3 | import { connectDB } from "@/lib/db/mongoose";
  4 | import User from "@/lib/db/models/User";
> 5 | import DesignPickerClient from "./_components/DesignPickerClient";
    | ^^^^^^^^^^^^^^^^^^^^^^^^^^^^^^^^^^^^^^^^^^^^^^^^^^^^^^^^^^^^^^^^^^
  6 |
  7 | export default async function DesignPickerPage() {
  8 |   const session = await requireSession();

https://nextjs.org/docs/messages/module-not-found @ http://localhost:3000/_next/static/chunks/node_modules_next_dist_f3530cac._.js:3127
[ 8177484ms] [ERROR] ./app/settings/design/page.jsx:5:1
Module not found: Can't resolve './_components/DesignPickerClient'
  3 | import { connectDB } from "@/lib/db/mongoose";
  4 | import User from "@/lib/db/models/User";
> 5 | import DesignPickerClient from "./_components/DesignPickerClient";
    | ^^^^^^^^^^^^^^^^^^^^^^^^^^^^^^^^^^^^^^^^^^^^^^^^^^^^^^^^^^^^^^^^^^
  6 |
  7 | export default async function DesignPickerPage() {
  8 |   const session = await requireSession();

https://nextjs.org/docs/messages/module-not-found @ http://localhost:3000/_next/static/chunks/node_modules_next_dist_f3530cac._.js:3127
[ 8177514ms] [LOG] [Fast Refresh] rebuilding @ http://localhost:3000/_next/static/chunks/node_modules_next_dist_f3530cac._.js:2297
[ 8177614ms] [ERROR] ./app/settings/design/page.jsx:5:1
Module not found: Can't resolve './_components/DesignPickerClient'
  3 | import { connectDB } from "@/lib/db/mongoose";
  4 | import User from "@/lib/db/models/User";
> 5 | import DesignPickerClient from "./_components/DesignPickerClient";
    | ^^^^^^^^^^^^^^^^^^^^^^^^^^^^^^^^^^^^^^^^^^^^^^^^^^^^^^^^^^^^^^^^^^
  6 |
  7 | export default async function DesignPickerPage() {
  8 |   const session = await requireSession();

https://nextjs.org/docs/messages/module-not-found @ http://localhost:3000/_next/static/chunks/node_modules_next_dist_f3530cac._.js:3127
[ 8177632ms] [LOG] [Fast Refresh] rebuilding @ http://localhost:3000/_next/static/chunks/node_modules_next_dist_f3530cac._.js:2297
[ 8177731ms] [ERROR] ./app/settings/design/page.jsx:5:1
Module not found: Can't resolve './_components/DesignPickerClient'
  3 | import { connectDB } from "@/lib/db/mongoose";
  4 | import User from "@/lib/db/models/User";
> 5 | import DesignPickerClient from "./_components/DesignPickerClient";
    | ^^^^^^^^^^^^^^^^^^^^^^^^^^^^^^^^^^^^^^^^^^^^^^^^^^^^^^^^^^^^^^^^^^
  6 |
  7 | export default async function DesignPickerPage() {
  8 |   const session = await requireSession();

https://nextjs.org/docs/messages/module-not-found @ http://localhost:3000/_next/static/chunks/node_modules_next_dist_f3530cac._.js:3127
[ 8177753ms] [LOG] [Fast Refresh] rebuilding @ http://localhost:3000/_next/static/chunks/node_modules_next_dist_f3530cac._.js:2297
[ 8177893ms] [LOG] [Fast Refresh] rebuilding @ http://localhost:3000/_next/static/chunks/node_modules_next_dist_f3530cac._.js:2297
[ 8177904ms] [ERROR] ./app/settings/design/page.jsx:5:1
Module not found: Can't resolve './_components/DesignPickerClient'
  3 | import { connectDB } from "@/lib/db/mongoose";
  4 | import User from "@/lib/db/models/User";
> 5 | import DesignPickerClient from "./_components/DesignPickerClient";
    | ^^^^^^^^^^^^^^^^^^^^^^^^^^^^^^^^^^^^^^^^^^^^^^^^^^^^^^^^^^^^^^^^^^
  6 |
  7 | export default async function DesignPickerPage() {
  8 |   const session = await requireSession();

https://nextjs.org/docs/messages/module-not-found @ http://localhost:3000/_next/static/chunks/node_modules_next_dist_f3530cac._.js:3127
[ 8178022ms] [ERROR] ./app/settings/design/page.jsx:5:1
Module not found: Can't resolve './_components/DesignPickerClient'
  3 | import { connectDB } from "@/lib/db/mongoose";
  4 | import User from "@/lib/db/models/User";
> 5 | import DesignPickerClient from "./_components/DesignPickerClient";
    | ^^^^^^^^^^^^^^^^^^^^^^^^^^^^^^^^^^^^^^^^^^^^^^^^^^^^^^^^^^^^^^^^^^
  6 |
  7 | export default async function DesignPickerPage() {
  8 |   const session = await requireSession();

https://nextjs.org/docs/messages/module-not-found @ http://localhost:3000/_next/static/chunks/node_modules_next_dist_f3530cac._.js:3127
[ 8178075ms] [ERROR] ./app/settings/design/page.jsx:5:1
Module not found: Can't resolve './_components/DesignPickerClient'
  3 | import { connectDB } from "@/lib/db/mongoose";
  4 | import User from "@/lib/db/models/User";
> 5 | import DesignPickerClient from "./_components/DesignPickerClient";
    | ^^^^^^^^^^^^^^^^^^^^^^^^^^^^^^^^^^^^^^^^^^^^^^^^^^^^^^^^^^^^^^^^^^
  6 |
  7 | export default async function DesignPickerPage() {
  8 |   const session = await requireSession();

https://nextjs.org/docs/messages/module-not-found @ http://localhost:3000/_next/static/chunks/node_modules_next_dist_f3530cac._.js:3127
[ 8178177ms] [LOG] [Fast Refresh] rebuilding @ http://localhost:3000/_next/static/chunks/node_modules_next_dist_f3530cac._.js:2297
[ 8178196ms] [ERROR] ./app/settings/design/page.jsx:5:1
Module not found: Can't resolve './_components/DesignPickerClient'
  3 | import { connectDB } from "@/lib/db/mongoose";
  4 | import User from "@/lib/db/models/User";
> 5 | import DesignPickerClient from "./_components/DesignPickerClient";
    | ^^^^^^^^^^^^^^^^^^^^^^^^^^^^^^^^^^^^^^^^^^^^^^^^^^^^^^^^^^^^^^^^^^
  6 |
  7 | export default async function DesignPickerPage() {
  8 |   const session = await requireSession();

https://nextjs.org/docs/messages/module-not-found @ http://localhost:3000/_next/static/chunks/node_modules_next_dist_f3530cac._.js:3127
[ 8178282ms] [ERROR] ./app/settings/design/page.jsx:5:1
Module not found: Can't resolve './_components/DesignPickerClient'
  3 | import { connectDB } from "@/lib/db/mongoose";
  4 | import User from "@/lib/db/models/User";
> 5 | import DesignPickerClient from "./_components/DesignPickerClient";
    | ^^^^^^^^^^^^^^^^^^^^^^^^^^^^^^^^^^^^^^^^^^^^^^^^^^^^^^^^^^^^^^^^^^
  6 |
  7 | export default async function DesignPickerPage() {
  8 |   const session = await requireSession();

https://nextjs.org/docs/messages/module-not-found @ http://localhost:3000/_next/static/chunks/node_modules_next_dist_f3530cac._.js:3127
[ 8178375ms] [ERROR] ./app/settings/design/page.jsx:5:1
Module not found: Can't resolve './_components/DesignPickerClient'
  3 | import { connectDB } from "@/lib/db/mongoose";
  4 | import User from "@/lib/db/models/User";
> 5 | import DesignPickerClient from "./_components/DesignPickerClient";
    | ^^^^^^^^^^^^^^^^^^^^^^^^^^^^^^^^^^^^^^^^^^^^^^^^^^^^^^^^^^^^^^^^^^
  6 |
  7 | export default async function DesignPickerPage() {
  8 |   const session = await requireSession();

https://nextjs.org/docs/messages/module-not-found @ http://localhost:3000/_next/static/chunks/node_modules_next_dist_f3530cac._.js:3127
[ 8178499ms] [LOG] [Fast Refresh] rebuilding @ http://localhost:3000/_next/static/chunks/node_modules_next_dist_f3530cac._.js:2297
[ 8178545ms] [ERROR] ./app/settings/design/page.jsx:5:1
Module not found: Can't resolve './_components/DesignPickerClient'
  3 | import { connectDB } from "@/lib/db/mongoose";
  4 | import User from "@/lib/db/models/User";
> 5 | import DesignPickerClient from "./_components/DesignPickerClient";
    | ^^^^^^^^^^^^^^^^^^^^^^^^^^^^^^^^^^^^^^^^^^^^^^^^^^^^^^^^^^^^^^^^^^
  6 |
  7 | export default async function DesignPickerPage() {
  8 |   const session = await requireSession();

https://nextjs.org/docs/messages/module-not-found @ http://localhost:3000/_next/static/chunks/node_modules_next_dist_f3530cac._.js:3127
[ 8178664ms] [ERROR] ./app/settings/design/page.jsx:5:1
Module not found: Can't resolve './_components/DesignPickerClient'
  3 | import { connectDB } from "@/lib/db/mongoose";
  4 | import User from "@/lib/db/models/User";
> 5 | import DesignPickerClient from "./_components/DesignPickerClient";
    | ^^^^^^^^^^^^^^^^^^^^^^^^^^^^^^^^^^^^^^^^^^^^^^^^^^^^^^^^^^^^^^^^^^
  6 |
  7 | export default async function DesignPickerPage() {
  8 |   const session = await requireSession();

https://nextjs.org/docs/messages/module-not-found @ http://localhost:3000/_next/static/chunks/node_modules_next_dist_f3530cac._.js:3127
[ 8178754ms] [ERROR] ./app/settings/design/page.jsx:5:1
Module not found: Can't resolve './_components/DesignPickerClient'
  3 | import { connectDB } from "@/lib/db/mongoose";
  4 | import User from "@/lib/db/models/User";
> 5 | import DesignPickerClient from "./_components/DesignPickerClient";
    | ^^^^^^^^^^^^^^^^^^^^^^^^^^^^^^^^^^^^^^^^^^^^^^^^^^^^^^^^^^^^^^^^^^
  6 |
  7 | export default async function DesignPickerPage() {
  8 |   const session = await requireSession();

https://nextjs.org/docs/messages/module-not-found @ http://localhost:3000/_next/static/chunks/node_modules_next_dist_f3530cac._.js:3127
[ 8178850ms] [ERROR] ./app/settings/design/page.jsx:5:1
Module not found: Can't resolve './_components/DesignPickerClient'
  3 | import { connectDB } from "@/lib/db/mongoose";
  4 | import User from "@/lib/db/models/User";
> 5 | import DesignPickerClient from "./_components/DesignPickerClient";
    | ^^^^^^^^^^^^^^^^^^^^^^^^^^^^^^^^^^^^^^^^^^^^^^^^^^^^^^^^^^^^^^^^^^
  6 |
  7 | export default async function DesignPickerPage() {
  8 |   const session = await requireSession();

https://nextjs.org/docs/messages/module-not-found @ http://localhost:3000/_next/static/chunks/node_modules_next_dist_f3530cac._.js:3127
[ 8178956ms] [ERROR] ./app/settings/design/page.jsx:5:1
Module not found: Can't resolve './_components/DesignPickerClient'
  3 | import { connectDB } from "@/lib/db/mongoose";
  4 | import User from "@/lib/db/models/User";
> 5 | import DesignPickerClient from "./_components/DesignPickerClient";
    | ^^^^^^^^^^^^^^^^^^^^^^^^^^^^^^^^^^^^^^^^^^^^^^^^^^^^^^^^^^^^^^^^^^
  6 |
  7 | export default async function DesignPickerPage() {
  8 |   const session = await requireSession();

https://nextjs.org/docs/messages/module-not-found @ http://localhost:3000/_next/static/chunks/node_modules_next_dist_f3530cac._.js:3127
[ 8179042ms] [ERROR] ./app/settings/design/page.jsx:5:1
Module not found: Can't resolve './_components/DesignPickerClient'
  3 | import { connectDB } from "@/lib/db/mongoose";
  4 | import User from "@/lib/db/models/User";
> 5 | import DesignPickerClient from "./_components/DesignPickerClient";
    | ^^^^^^^^^^^^^^^^^^^^^^^^^^^^^^^^^^^^^^^^^^^^^^^^^^^^^^^^^^^^^^^^^^
  6 |
  7 | export default async function DesignPickerPage() {
  8 |   const session = await requireSession();

https://nextjs.org/docs/messages/module-not-found @ http://localhost:3000/_next/static/chunks/node_modules_next_dist_f3530cac._.js:3127
[ 8179147ms] [LOG] [Fast Refresh] rebuilding @ http://localhost:3000/_next/static/chunks/node_modules_next_dist_f3530cac._.js:2297
[ 8179181ms] [ERROR] ./app/settings/design/page.jsx:5:1
Module not found: Can't resolve './_components/DesignPickerClient'
  3 | import { connectDB } from "@/lib/db/mongoose";
  4 | import User from "@/lib/db/models/User";
> 5 | import DesignPickerClient from "./_components/DesignPickerClient";
    | ^^^^^^^^^^^^^^^^^^^^^^^^^^^^^^^^^^^^^^^^^^^^^^^^^^^^^^^^^^^^^^^^^^
  6 |
  7 | export default async function DesignPickerPage() {
  8 |   const session = await requireSession();

https://nextjs.org/docs/messages/module-not-found @ http://localhost:3000/_next/static/chunks/node_modules_next_dist_f3530cac._.js:3127
[ 8179328ms] [LOG] [Fast Refresh] rebuilding @ http://localhost:3000/_next/static/chunks/node_modules_next_dist_f3530cac._.js:2297
[ 8179347ms] [ERROR] ./app/settings/design/page.jsx:5:1
Module not found: Can't resolve './_components/DesignPickerClient'
  3 | import { connectDB } from "@/lib/db/mongoose";
  4 | import User from "@/lib/db/models/User";
> 5 | import DesignPickerClient from "./_components/DesignPickerClient";
    | ^^^^^^^^^^^^^^^^^^^^^^^^^^^^^^^^^^^^^^^^^^^^^^^^^^^^^^^^^^^^^^^^^^
  6 |
  7 | export default async function DesignPickerPage() {
  8 |   const session = await requireSession();

https://nextjs.org/docs/messages/module-not-found @ http://localhost:3000/_next/static/chunks/node_modules_next_dist_f3530cac._.js:3127
[ 8179516ms] [LOG] [Fast Refresh] rebuilding @ http://localhost:3000/_next/static/chunks/node_modules_next_dist_f3530cac._.js:2297
[ 8179531ms] [ERROR] ./app/settings/design/page.jsx:5:1
Module not found: Can't resolve './_components/DesignPickerClient'
  3 | import { connectDB } from "@/lib/db/mongoose";
  4 | import User from "@/lib/db/models/User";
> 5 | import DesignPickerClient from "./_components/DesignPickerClient";
    | ^^^^^^^^^^^^^^^^^^^^^^^^^^^^^^^^^^^^^^^^^^^^^^^^^^^^^^^^^^^^^^^^^^
  6 |
  7 | export default async function DesignPickerPage() {
  8 |   const session = await requireSession();

https://nextjs.org/docs/messages/module-not-found @ http://localhost:3000/_next/static/chunks/node_modules_next_dist_f3530cac._.js:3127
[ 8179631ms] [ERROR] ./app/settings/design/page.jsx:5:1
Module not found: Can't resolve './_components/DesignPickerClient'
  3 | import { connectDB } from "@/lib/db/mongoose";
  4 | import User from "@/lib/db/models/User";
> 5 | import DesignPickerClient from "./_components/DesignPickerClient";
    | ^^^^^^^^^^^^^^^^^^^^^^^^^^^^^^^^^^^^^^^^^^^^^^^^^^^^^^^^^^^^^^^^^^
  6 |
  7 | export default async function DesignPickerPage() {
  8 |   const session = await requireSession();

https://nextjs.org/docs/messages/module-not-found @ http://localhost:3000/_next/static/chunks/node_modules_next_dist_f3530cac._.js:3127
[ 8179712ms] [ERROR] ./app/settings/design/page.jsx:5:1
Module not found: Can't resolve './_components/DesignPickerClient'
  3 | import { connectDB } from "@/lib/db/mongoose";
  4 | import User from "@/lib/db/models/User";
> 5 | import DesignPickerClient from "./_components/DesignPickerClient";
    | ^^^^^^^^^^^^^^^^^^^^^^^^^^^^^^^^^^^^^^^^^^^^^^^^^^^^^^^^^^^^^^^^^^
  6 |
  7 | export default async function DesignPickerPage() {
  8 |   const session = await requireSession();

https://nextjs.org/docs/messages/module-not-found @ http://localhost:3000/_next/static/chunks/node_modules_next_dist_f3530cac._.js:3127
[ 8179811ms] [ERROR] ./app/settings/design/page.jsx:5:1
Module not found: Can't resolve './_components/DesignPickerClient'
  3 | import { connectDB } from "@/lib/db/mongoose";
  4 | import User from "@/lib/db/models/User";
> 5 | import DesignPickerClient from "./_components/DesignPickerClient";
    | ^^^^^^^^^^^^^^^^^^^^^^^^^^^^^^^^^^^^^^^^^^^^^^^^^^^^^^^^^^^^^^^^^^
  6 |
  7 | export default async function DesignPickerPage() {
  8 |   const session = await requireSession();

https://nextjs.org/docs/messages/module-not-found @ http://localhost:3000/_next/static/chunks/node_modules_next_dist_f3530cac._.js:3127
[ 8179918ms] [ERROR] ./app/settings/design/page.jsx:5:1
Module not found: Can't resolve './_components/DesignPickerClient'
  3 | import { connectDB } from "@/lib/db/mongoose";
  4 | import User from "@/lib/db/models/User";
> 5 | import DesignPickerClient from "./_components/DesignPickerClient";
    | ^^^^^^^^^^^^^^^^^^^^^^^^^^^^^^^^^^^^^^^^^^^^^^^^^^^^^^^^^^^^^^^^^^
  6 |
  7 | export default async function DesignPickerPage() {
  8 |   const session = await requireSession();

https://nextjs.org/docs/messages/module-not-found @ http://localhost:3000/_next/static/chunks/node_modules_next_dist_f3530cac._.js:3127
[ 8179928ms] [LOG] [Fast Refresh] rebuilding @ http://localhost:3000/_next/static/chunks/node_modules_next_dist_f3530cac._.js:2297
[ 8180050ms] [LOG] [Fast Refresh] rebuilding @ http://localhost:3000/_next/static/chunks/node_modules_next_dist_f3530cac._.js:2297
[ 8180138ms] [ERROR] ./app/settings/design/page.jsx:5:1
Module not found: Can't resolve './_components/DesignPickerClient'
  3 | import { connectDB } from "@/lib/db/mongoose";
  4 | import User from "@/lib/db/models/User";
> 5 | import DesignPickerClient from "./_components/DesignPickerClient";
    | ^^^^^^^^^^^^^^^^^^^^^^^^^^^^^^^^^^^^^^^^^^^^^^^^^^^^^^^^^^^^^^^^^^
  6 |
  7 | export default async function DesignPickerPage() {
  8 |   const session = await requireSession();

https://nextjs.org/docs/messages/module-not-found @ http://localhost:3000/_next/static/chunks/node_modules_next_dist_f3530cac._.js:3127
[ 8180308ms] [LOG] [Fast Refresh] rebuilding @ http://localhost:3000/_next/static/chunks/node_modules_next_dist_f3530cac._.js:2297
[ 8180319ms] [ERROR] ./app/settings/design/page.jsx:5:1
Module not found: Can't resolve './_components/DesignPickerClient'
  3 | import { connectDB } from "@/lib/db/mongoose";
  4 | import User from "@/lib/db/models/User";
> 5 | import DesignPickerClient from "./_components/DesignPickerClient";
    | ^^^^^^^^^^^^^^^^^^^^^^^^^^^^^^^^^^^^^^^^^^^^^^^^^^^^^^^^^^^^^^^^^^
  6 |
  7 | export default async function DesignPickerPage() {
  8 |   const session = await requireSession();

https://nextjs.org/docs/messages/module-not-found @ http://localhost:3000/_next/static/chunks/node_modules_next_dist_f3530cac._.js:3127
[ 8180444ms] [LOG] [Fast Refresh] rebuilding @ http://localhost:3000/_next/static/chunks/node_modules_next_dist_f3530cac._.js:2297
[ 8180496ms] [ERROR] ./app/settings/design/page.jsx:5:1
Module not found: Can't resolve './_components/DesignPickerClient'
  3 | import { connectDB } from "@/lib/db/mongoose";
  4 | import User from "@/lib/db/models/User";
> 5 | import DesignPickerClient from "./_components/DesignPickerClient";
    | ^^^^^^^^^^^^^^^^^^^^^^^^^^^^^^^^^^^^^^^^^^^^^^^^^^^^^^^^^^^^^^^^^^
  6 |
  7 | export default async function DesignPickerPage() {
  8 |   const session = await requireSession();

https://nextjs.org/docs/messages/module-not-found @ http://localhost:3000/_next/static/chunks/node_modules_next_dist_f3530cac._.js:3127
[ 8180619ms] [ERROR] ./app/settings/design/page.jsx:5:1
Module not found: Can't resolve './_components/DesignPickerClient'
  3 | import { connectDB } from "@/lib/db/mongoose";
  4 | import User from "@/lib/db/models/User";
> 5 | import DesignPickerClient from "./_components/DesignPickerClient";
    | ^^^^^^^^^^^^^^^^^^^^^^^^^^^^^^^^^^^^^^^^^^^^^^^^^^^^^^^^^^^^^^^^^^
  6 |
  7 | export default async function DesignPickerPage() {
  8 |   const session = await requireSession();

https://nextjs.org/docs/messages/module-not-found @ http://localhost:3000/_next/static/chunks/node_modules_next_dist_f3530cac._.js:3127
[ 8180731ms] [LOG] [Fast Refresh] rebuilding @ http://localhost:3000/_next/static/chunks/node_modules_next_dist_f3530cac._.js:2297
[ 8180740ms] [ERROR] ./app/settings/design/page.jsx:5:1
Module not found: Can't resolve './_components/DesignPickerClient'
  3 | import { connectDB } from "@/lib/db/mongoose";
  4 | import User from "@/lib/db/models/User";
> 5 | import DesignPickerClient from "./_components/DesignPickerClient";
    | ^^^^^^^^^^^^^^^^^^^^^^^^^^^^^^^^^^^^^^^^^^^^^^^^^^^^^^^^^^^^^^^^^^
  6 |
  7 | export default async function DesignPickerPage() {
  8 |   const session = await requireSession();

https://nextjs.org/docs/messages/module-not-found @ http://localhost:3000/_next/static/chunks/node_modules_next_dist_f3530cac._.js:3127
[ 8180842ms] [ERROR] ./app/settings/design/page.jsx:5:1
Module not found: Can't resolve './_components/DesignPickerClient'
  3 | import { connectDB } from "@/lib/db/mongoose";
  4 | import User from "@/lib/db/models/User";
> 5 | import DesignPickerClient from "./_components/DesignPickerClient";
    | ^^^^^^^^^^^^^^^^^^^^^^^^^^^^^^^^^^^^^^^^^^^^^^^^^^^^^^^^^^^^^^^^^^
  6 |
  7 | export default async function DesignPickerPage() {
  8 |   const session = await requireSession();

https://nextjs.org/docs/messages/module-not-found @ http://localhost:3000/_next/static/chunks/node_modules_next_dist_f3530cac._.js:3127
[ 8180864ms] [LOG] [Fast Refresh] rebuilding @ http://localhost:3000/_next/static/chunks/node_modules_next_dist_f3530cac._.js:2297
[ 8180952ms] [ERROR] ./app/settings/design/page.jsx:5:1
Module not found: Can't resolve './_components/DesignPickerClient'
  3 | import { connectDB } from "@/lib/db/mongoose";
  4 | import User from "@/lib/db/models/User";
> 5 | import DesignPickerClient from "./_components/DesignPickerClient";
    | ^^^^^^^^^^^^^^^^^^^^^^^^^^^^^^^^^^^^^^^^^^^^^^^^^^^^^^^^^^^^^^^^^^
  6 |
  7 | export default async function DesignPickerPage() {
  8 |   const session = await requireSession();

https://nextjs.org/docs/messages/module-not-found @ http://localhost:3000/_next/static/chunks/node_modules_next_dist_f3530cac._.js:3127
[ 8181080ms] [ERROR] ./app/settings/design/page.jsx:5:1
Module not found: Can't resolve './_components/DesignPickerClient'
  3 | import { connectDB } from "@/lib/db/mongoose";
  4 | import User from "@/lib/db/models/User";
> 5 | import DesignPickerClient from "./_components/DesignPickerClient";
    | ^^^^^^^^^^^^^^^^^^^^^^^^^^^^^^^^^^^^^^^^^^^^^^^^^^^^^^^^^^^^^^^^^^
  6 |
  7 | export default async function DesignPickerPage() {
  8 |   const session = await requireSession();

https://nextjs.org/docs/messages/module-not-found @ http://localhost:3000/_next/static/chunks/node_modules_next_dist_f3530cac._.js:3127
[ 8181086ms] [LOG] [Fast Refresh] rebuilding @ http://localhost:3000/_next/static/chunks/node_modules_next_dist_f3530cac._.js:2297
[ 8181133ms] [ERROR] ./app/settings/design/page.jsx:5:1
Module not found: Can't resolve './_components/DesignPickerClient'
  3 | import { connectDB } from "@/lib/db/mongoose";
  4 | import User from "@/lib/db/models/User";
> 5 | import DesignPickerClient from "./_components/DesignPickerClient";
    | ^^^^^^^^^^^^^^^^^^^^^^^^^^^^^^^^^^^^^^^^^^^^^^^^^^^^^^^^^^^^^^^^^^
  6 |
  7 | export default async function DesignPickerPage() {
  8 |   const session = await requireSession();

https://nextjs.org/docs/messages/module-not-found @ http://localhost:3000/_next/static/chunks/node_modules_next_dist_f3530cac._.js:3127
[ 8181231ms] [LOG] [Fast Refresh] rebuilding @ http://localhost:3000/_next/static/chunks/node_modules_next_dist_f3530cac._.js:2297
[ 8181448ms] [ERROR] ./app/settings/design/page.jsx:5:1
Module not found: Can't resolve './_components/DesignPickerClient'
  3 | import { connectDB } from "@/lib/db/mongoose";
  4 | import User from "@/lib/db/models/User";
> 5 | import DesignPickerClient from "./_components/DesignPickerClient";
    | ^^^^^^^^^^^^^^^^^^^^^^^^^^^^^^^^^^^^^^^^^^^^^^^^^^^^^^^^^^^^^^^^^^
  6 |
  7 | export default async function DesignPickerPage() {
  8 |   const session = await requireSession();

https://nextjs.org/docs/messages/module-not-found @ http://localhost:3000/_next/static/chunks/node_modules_next_dist_f3530cac._.js:3127
[ 8181553ms] [LOG] [Fast Refresh] rebuilding @ http://localhost:3000/_next/static/chunks/node_modules_next_dist_f3530cac._.js:2297
[ 8181568ms] [ERROR] ./app/settings/design/page.jsx:5:1
Module not found: Can't resolve './_components/DesignPickerClient'
  3 | import { connectDB } from "@/lib/db/mongoose";
  4 | import User from "@/lib/db/models/User";
> 5 | import DesignPickerClient from "./_components/DesignPickerClient";
    | ^^^^^^^^^^^^^^^^^^^^^^^^^^^^^^^^^^^^^^^^^^^^^^^^^^^^^^^^^^^^^^^^^^
  6 |
  7 | export default async function DesignPickerPage() {
  8 |   const session = await requireSession();

https://nextjs.org/docs/messages/module-not-found @ http://localhost:3000/_next/static/chunks/node_modules_next_dist_f3530cac._.js:3127
[ 8181666ms] [ERROR] ./app/settings/design/page.jsx:5:1
Module not found: Can't resolve './_components/DesignPickerClient'
  3 | import { connectDB } from "@/lib/db/mongoose";
  4 | import User from "@/lib/db/models/User";
> 5 | import DesignPickerClient from "./_components/DesignPickerClient";
    | ^^^^^^^^^^^^^^^^^^^^^^^^^^^^^^^^^^^^^^^^^^^^^^^^^^^^^^^^^^^^^^^^^^
  6 |
  7 | export default async function DesignPickerPage() {
  8 |   const session = await requireSession();

https://nextjs.org/docs/messages/module-not-found @ http://localhost:3000/_next/static/chunks/node_modules_next_dist_f3530cac._.js:3127
[ 8181674ms] [LOG] [Fast Refresh] rebuilding @ http://localhost:3000/_next/static/chunks/node_modules_next_dist_f3530cac._.js:2297
[ 8181813ms] [LOG] [Fast Refresh] rebuilding @ http://localhost:3000/_next/static/chunks/node_modules_next_dist_f3530cac._.js:2297
[ 8181845ms] [ERROR] ./app/settings/design/page.jsx:5:1
Module not found: Can't resolve './_components/DesignPickerClient'
  3 | import { connectDB } from "@/lib/db/mongoose";
  4 | import User from "@/lib/db/models/User";
> 5 | import DesignPickerClient from "./_components/DesignPickerClient";
    | ^^^^^^^^^^^^^^^^^^^^^^^^^^^^^^^^^^^^^^^^^^^^^^^^^^^^^^^^^^^^^^^^^^
  6 |
  7 | export default async function DesignPickerPage() {
  8 |   const session = await requireSession();

https://nextjs.org/docs/messages/module-not-found @ http://localhost:3000/_next/static/chunks/node_modules_next_dist_f3530cac._.js:3127
[ 8181960ms] [ERROR] ./app/settings/design/page.jsx:5:1
Module not found: Can't resolve './_components/DesignPickerClient'
  3 | import { connectDB } from "@/lib/db/mongoose";
  4 | import User from "@/lib/db/models/User";
> 5 | import DesignPickerClient from "./_components/DesignPickerClient";
    | ^^^^^^^^^^^^^^^^^^^^^^^^^^^^^^^^^^^^^^^^^^^^^^^^^^^^^^^^^^^^^^^^^^
  6 |
  7 | export default async function DesignPickerPage() {
  8 |   const session = await requireSession();

https://nextjs.org/docs/messages/module-not-found @ http://localhost:3000/_next/static/chunks/node_modules_next_dist_f3530cac._.js:3127
[ 8182048ms] [ERROR] ./app/settings/design/page.jsx:5:1
Module not found: Can't resolve './_components/DesignPickerClient'
  3 | import { connectDB } from "@/lib/db/mongoose";
  4 | import User from "@/lib/db/models/User";
> 5 | import DesignPickerClient from "./_components/DesignPickerClient";
    | ^^^^^^^^^^^^^^^^^^^^^^^^^^^^^^^^^^^^^^^^^^^^^^^^^^^^^^^^^^^^^^^^^^
  6 |
  7 | export default async function DesignPickerPage() {
  8 |   const session = await requireSession();

https://nextjs.org/docs/messages/module-not-found @ http://localhost:3000/_next/static/chunks/node_modules_next_dist_f3530cac._.js:3127
[ 8182062ms] [LOG] [Fast Refresh] rebuilding @ http://localhost:3000/_next/static/chunks/node_modules_next_dist_f3530cac._.js:2297
[ 8182161ms] [ERROR] ./app/settings/design/page.jsx:5:1
Module not found: Can't resolve './_components/DesignPickerClient'
  3 | import { connectDB } from "@/lib/db/mongoose";
  4 | import User from "@/lib/db/models/User";
> 5 | import DesignPickerClient from "./_components/DesignPickerClient";
    | ^^^^^^^^^^^^^^^^^^^^^^^^^^^^^^^^^^^^^^^^^^^^^^^^^^^^^^^^^^^^^^^^^^
  6 |
  7 | export default async function DesignPickerPage() {
  8 |   const session = await requireSession();

https://nextjs.org/docs/messages/module-not-found @ http://localhost:3000/_next/static/chunks/node_modules_next_dist_f3530cac._.js:3127
[ 8182174ms] [LOG] [Fast Refresh] rebuilding @ http://localhost:3000/_next/static/chunks/node_modules_next_dist_f3530cac._.js:2297
[ 8182351ms] [LOG] [Fast Refresh] rebuilding @ http://localhost:3000/_next/static/chunks/node_modules_next_dist_f3530cac._.js:2297
[ 8182367ms] [ERROR] ./app/settings/design/page.jsx:5:1
Module not found: Can't resolve './_components/DesignPickerClient'
  3 | import { connectDB } from "@/lib/db/mongoose";
  4 | import User from "@/lib/db/models/User";
> 5 | import DesignPickerClient from "./_components/DesignPickerClient";
    | ^^^^^^^^^^^^^^^^^^^^^^^^^^^^^^^^^^^^^^^^^^^^^^^^^^^^^^^^^^^^^^^^^^
  6 |
  7 | export default async function DesignPickerPage() {
  8 |   const session = await requireSession();

https://nextjs.org/docs/messages/module-not-found @ http://localhost:3000/_next/static/chunks/node_modules_next_dist_f3530cac._.js:3127
[ 8182494ms] [ERROR] ./app/settings/design/page.jsx:5:1
Module not found: Can't resolve './_components/DesignPickerClient'
  3 | import { connectDB } from "@/lib/db/mongoose";
  4 | import User from "@/lib/db/models/User";
> 5 | import DesignPickerClient from "./_components/DesignPickerClient";
    | ^^^^^^^^^^^^^^^^^^^^^^^^^^^^^^^^^^^^^^^^^^^^^^^^^^^^^^^^^^^^^^^^^^
  6 |
  7 | export default async function DesignPickerPage() {
  8 |   const session = await requireSession();

https://nextjs.org/docs/messages/module-not-found @ http://localhost:3000/_next/static/chunks/node_modules_next_dist_f3530cac._.js:3127
[ 8182562ms] [ERROR] ./app/settings/design/page.jsx:5:1
Module not found: Can't resolve './_components/DesignPickerClient'
  3 | import { connectDB } from "@/lib/db/mongoose";
  4 | import User from "@/lib/db/models/User";
> 5 | import DesignPickerClient from "./_components/DesignPickerClient";
    | ^^^^^^^^^^^^^^^^^^^^^^^^^^^^^^^^^^^^^^^^^^^^^^^^^^^^^^^^^^^^^^^^^^
  6 |
  7 | export default async function DesignPickerPage() {
  8 |   const session = await requireSession();

https://nextjs.org/docs/messages/module-not-found @ http://localhost:3000/_next/static/chunks/node_modules_next_dist_f3530cac._.js:3127
[ 8182646ms] [ERROR] ./app/settings/design/page.jsx:5:1
Module not found: Can't resolve './_components/DesignPickerClient'
  3 | import { connectDB } from "@/lib/db/mongoose";
  4 | import User from "@/lib/db/models/User";
> 5 | import DesignPickerClient from "./_components/DesignPickerClient";
    | ^^^^^^^^^^^^^^^^^^^^^^^^^^^^^^^^^^^^^^^^^^^^^^^^^^^^^^^^^^^^^^^^^^
  6 |
  7 | export default async function DesignPickerPage() {
  8 |   const session = await requireSession();

https://nextjs.org/docs/messages/module-not-found @ http://localhost:3000/_next/static/chunks/node_modules_next_dist_f3530cac._.js:3127
[ 8182769ms] [LOG] [Fast Refresh] rebuilding @ http://localhost:3000/_next/static/chunks/node_modules_next_dist_f3530cac._.js:2297
[ 8182912ms] [ERROR] ./app/settings/design/page.jsx:5:1
Module not found: Can't resolve './_components/DesignPickerClient'
  3 | import { connectDB } from "@/lib/db/mongoose";
  4 | import User from "@/lib/db/models/User";
> 5 | import DesignPickerClient from "./_components/DesignPickerClient";
    | ^^^^^^^^^^^^^^^^^^^^^^^^^^^^^^^^^^^^^^^^^^^^^^^^^^^^^^^^^^^^^^^^^^
  6 |
  7 | export default async function DesignPickerPage() {
  8 |   const session = await requireSession();

https://nextjs.org/docs/messages/module-not-found @ http://localhost:3000/_next/static/chunks/node_modules_next_dist_f3530cac._.js:3127
[ 8183048ms] [LOG] [Fast Refresh] rebuilding @ http://localhost:3000/_next/static/chunks/node_modules_next_dist_f3530cac._.js:2297
[ 8183056ms] [ERROR] ./app/settings/design/page.jsx:5:1
Module not found: Can't resolve './_components/DesignPickerClient'
  3 | import { connectDB } from "@/lib/db/mongoose";
  4 | import User from "@/lib/db/models/User";
> 5 | import DesignPickerClient from "./_components/DesignPickerClient";
    | ^^^^^^^^^^^^^^^^^^^^^^^^^^^^^^^^^^^^^^^^^^^^^^^^^^^^^^^^^^^^^^^^^^
  6 |
  7 | export default async function DesignPickerPage() {
  8 |   const session = await requireSession();

https://nextjs.org/docs/messages/module-not-found @ http://localhost:3000/_next/static/chunks/node_modules_next_dist_f3530cac._.js:3127
[ 8183213ms] [LOG] [Fast Refresh] rebuilding @ http://localhost:3000/_next/static/chunks/node_modules_next_dist_f3530cac._.js:2297
[ 8183243ms] [ERROR] ./app/settings/design/page.jsx:5:1
Module not found: Can't resolve './_components/DesignPickerClient'
  3 | import { connectDB } from "@/lib/db/mongoose";
  4 | import User from "@/lib/db/models/User";
> 5 | import DesignPickerClient from "./_components/DesignPickerClient";
    | ^^^^^^^^^^^^^^^^^^^^^^^^^^^^^^^^^^^^^^^^^^^^^^^^^^^^^^^^^^^^^^^^^^
  6 |
  7 | export default async function DesignPickerPage() {
  8 |   const session = await requireSession();

https://nextjs.org/docs/messages/module-not-found @ http://localhost:3000/_next/static/chunks/node_modules_next_dist_f3530cac._.js:3127
[ 8183456ms] [ERROR] ./app/settings/design/page.jsx:5:1
Module not found: Can't resolve './_components/DesignPickerClient'
  3 | import { connectDB } from "@/lib/db/mongoose";
  4 | import User from "@/lib/db/models/User";
> 5 | import DesignPickerClient from "./_components/DesignPickerClient";
    | ^^^^^^^^^^^^^^^^^^^^^^^^^^^^^^^^^^^^^^^^^^^^^^^^^^^^^^^^^^^^^^^^^^
  6 |
  7 | export default async function DesignPickerPage() {
  8 |   const session = await requireSession();

https://nextjs.org/docs/messages/module-not-found @ http://localhost:3000/_next/static/chunks/node_modules_next_dist_f3530cac._.js:3127
[ 8183487ms] [LOG] [Fast Refresh] rebuilding @ http://localhost:3000/_next/static/chunks/node_modules_next_dist_f3530cac._.js:2297
[ 8183595ms] [LOG] [Fast Refresh] rebuilding @ http://localhost:3000/_next/static/chunks/node_modules_next_dist_f3530cac._.js:2297
[ 8183649ms] [ERROR] ./app/settings/design/page.jsx:5:1
Module not found: Can't resolve './_components/DesignPickerClient'
  3 | import { connectDB } from "@/lib/db/mongoose";
  4 | import User from "@/lib/db/models/User";
> 5 | import DesignPickerClient from "./_components/DesignPickerClient";
    | ^^^^^^^^^^^^^^^^^^^^^^^^^^^^^^^^^^^^^^^^^^^^^^^^^^^^^^^^^^^^^^^^^^
  6 |
  7 | export default async function DesignPickerPage() {
  8 |   const session = await requireSession();

https://nextjs.org/docs/messages/module-not-found @ http://localhost:3000/_next/static/chunks/node_modules_next_dist_f3530cac._.js:3127
[ 8183771ms] [LOG] [Fast Refresh] rebuilding @ http://localhost:3000/_next/static/chunks/node_modules_next_dist_f3530cac._.js:2297
[ 8183776ms] [ERROR] ./app/settings/design/page.jsx:5:1
Module not found: Can't resolve './_components/DesignPickerClient'
  3 | import { connectDB } from "@/lib/db/mongoose";
  4 | import User from "@/lib/db/models/User";
> 5 | import DesignPickerClient from "./_components/DesignPickerClient";
    | ^^^^^^^^^^^^^^^^^^^^^^^^^^^^^^^^^^^^^^^^^^^^^^^^^^^^^^^^^^^^^^^^^^
  6 |
  7 | export default async function DesignPickerPage() {
  8 |   const session = await requireSession();

https://nextjs.org/docs/messages/module-not-found @ http://localhost:3000/_next/static/chunks/node_modules_next_dist_f3530cac._.js:3127
[ 8183902ms] [ERROR] ./app/settings/design/page.jsx:5:1
Module not found: Can't resolve './_components/DesignPickerClient'
  3 | import { connectDB } from "@/lib/db/mongoose";
  4 | import User from "@/lib/db/models/User";
> 5 | import DesignPickerClient from "./_components/DesignPickerClient";
    | ^^^^^^^^^^^^^^^^^^^^^^^^^^^^^^^^^^^^^^^^^^^^^^^^^^^^^^^^^^^^^^^^^^
  6 |
  7 | export default async function DesignPickerPage() {
  8 |   const session = await requireSession();

https://nextjs.org/docs/messages/module-not-found @ http://localhost:3000/_next/static/chunks/node_modules_next_dist_f3530cac._.js:3127
[ 8183923ms] [LOG] [Fast Refresh] rebuilding @ http://localhost:3000/_next/static/chunks/node_modules_next_dist_f3530cac._.js:2297
[ 8184026ms] [ERROR] ./app/settings/design/page.jsx:5:1
Module not found: Can't resolve './_components/DesignPickerClient'
  3 | import { connectDB } from "@/lib/db/mongoose";
  4 | import User from "@/lib/db/models/User";
> 5 | import DesignPickerClient from "./_components/DesignPickerClient";
    | ^^^^^^^^^^^^^^^^^^^^^^^^^^^^^^^^^^^^^^^^^^^^^^^^^^^^^^^^^^^^^^^^^^
  6 |
  7 | export default async function DesignPickerPage() {
  8 |   const session = await requireSession();

https://nextjs.org/docs/messages/module-not-found @ http://localhost:3000/_next/static/chunks/node_modules_next_dist_f3530cac._.js:3127
[ 8184136ms] [ERROR] ./app/settings/design/page.jsx:5:1
Module not found: Can't resolve './_components/DesignPickerClient'
  3 | import { connectDB } from "@/lib/db/mongoose";
  4 | import User from "@/lib/db/models/User";
> 5 | import DesignPickerClient from "./_components/DesignPickerClient";
    | ^^^^^^^^^^^^^^^^^^^^^^^^^^^^^^^^^^^^^^^^^^^^^^^^^^^^^^^^^^^^^^^^^^
  6 |
  7 | export default async function DesignPickerPage() {
  8 |   const session = await requireSession();

https://nextjs.org/docs/messages/module-not-found @ http://localhost:3000/_next/static/chunks/node_modules_next_dist_f3530cac._.js:3127
[ 8184244ms] [LOG] [Fast Refresh] rebuilding @ http://localhost:3000/_next/static/chunks/node_modules_next_dist_f3530cac._.js:2297
[ 8184294ms] [ERROR] ./app/settings/design/page.jsx:5:1
Module not found: Can't resolve './_components/DesignPickerClient'
  3 | import { connectDB } from "@/lib/db/mongoose";
  4 | import User from "@/lib/db/models/User";
> 5 | import DesignPickerClient from "./_components/DesignPickerClient";
    | ^^^^^^^^^^^^^^^^^^^^^^^^^^^^^^^^^^^^^^^^^^^^^^^^^^^^^^^^^^^^^^^^^^
  6 |
  7 | export default async function DesignPickerPage() {
  8 |   const session = await requireSession();

https://nextjs.org/docs/messages/module-not-found @ http://localhost:3000/_next/static/chunks/node_modules_next_dist_f3530cac._.js:3127
[ 8184420ms] [ERROR] ./app/settings/design/page.jsx:5:1
Module not found: Can't resolve './_components/DesignPickerClient'
  3 | import { connectDB } from "@/lib/db/mongoose";
  4 | import User from "@/lib/db/models/User";
> 5 | import DesignPickerClient from "./_components/DesignPickerClient";
    | ^^^^^^^^^^^^^^^^^^^^^^^^^^^^^^^^^^^^^^^^^^^^^^^^^^^^^^^^^^^^^^^^^^
  6 |
  7 | export default async function DesignPickerPage() {
  8 |   const session = await requireSession();

https://nextjs.org/docs/messages/module-not-found @ http://localhost:3000/_next/static/chunks/node_modules_next_dist_f3530cac._.js:3127
[ 8184462ms] [LOG] [Fast Refresh] rebuilding @ http://localhost:3000/_next/static/chunks/node_modules_next_dist_f3530cac._.js:2297
[ 8184546ms] [ERROR] ./app/settings/design/page.jsx:5:1
Module not found: Can't resolve './_components/DesignPickerClient'
  3 | import { connectDB } from "@/lib/db/mongoose";
  4 | import User from "@/lib/db/models/User";
> 5 | import DesignPickerClient from "./_components/DesignPickerClient";
    | ^^^^^^^^^^^^^^^^^^^^^^^^^^^^^^^^^^^^^^^^^^^^^^^^^^^^^^^^^^^^^^^^^^
  6 |
  7 | export default async function DesignPickerPage() {
  8 |   const session = await requireSession();

https://nextjs.org/docs/messages/module-not-found @ http://localhost:3000/_next/static/chunks/node_modules_next_dist_f3530cac._.js:3127
[ 8184626ms] [ERROR] ./app/settings/design/page.jsx:5:1
Module not found: Can't resolve './_components/DesignPickerClient'
  3 | import { connectDB } from "@/lib/db/mongoose";
  4 | import User from "@/lib/db/models/User";
> 5 | import DesignPickerClient from "./_components/DesignPickerClient";
    | ^^^^^^^^^^^^^^^^^^^^^^^^^^^^^^^^^^^^^^^^^^^^^^^^^^^^^^^^^^^^^^^^^^
  6 |
  7 | export default async function DesignPickerPage() {
  8 |   const session = await requireSession();

https://nextjs.org/docs/messages/module-not-found @ http://localhost:3000/_next/static/chunks/node_modules_next_dist_f3530cac._.js:3127
[ 8184712ms] [ERROR] ./app/settings/design/page.jsx:5:1
Module not found: Can't resolve './_components/DesignPickerClient'
  3 | import { connectDB } from "@/lib/db/mongoose";
  4 | import User from "@/lib/db/models/User";
> 5 | import DesignPickerClient from "./_components/DesignPickerClient";
    | ^^^^^^^^^^^^^^^^^^^^^^^^^^^^^^^^^^^^^^^^^^^^^^^^^^^^^^^^^^^^^^^^^^
  6 |
  7 | export default async function DesignPickerPage() {
  8 |   const session = await requireSession();

https://nextjs.org/docs/messages/module-not-found @ http://localhost:3000/_next/static/chunks/node_modules_next_dist_f3530cac._.js:3127
[ 8184773ms] [ERROR] ./app/settings/design/page.jsx:5:1
Module not found: Can't resolve './_components/DesignPickerClient'
  3 | import { connectDB } from "@/lib/db/mongoose";
  4 | import User from "@/lib/db/models/User";
> 5 | import DesignPickerClient from "./_components/DesignPickerClient";
    | ^^^^^^^^^^^^^^^^^^^^^^^^^^^^^^^^^^^^^^^^^^^^^^^^^^^^^^^^^^^^^^^^^^
  6 |
  7 | export default async function DesignPickerPage() {
  8 |   const session = await requireSession();

https://nextjs.org/docs/messages/module-not-found @ http://localhost:3000/_next/static/chunks/node_modules_next_dist_f3530cac._.js:3127
[ 8184866ms] [ERROR] ./app/settings/design/page.jsx:5:1
Module not found: Can't resolve './_components/DesignPickerClient'
  3 | import { connectDB } from "@/lib/db/mongoose";
  4 | import User from "@/lib/db/models/User";
> 5 | import DesignPickerClient from "./_components/DesignPickerClient";
    | ^^^^^^^^^^^^^^^^^^^^^^^^^^^^^^^^^^^^^^^^^^^^^^^^^^^^^^^^^^^^^^^^^^
  6 |
  7 | export default async function DesignPickerPage() {
  8 |   const session = await requireSession();

https://nextjs.org/docs/messages/module-not-found @ http://localhost:3000/_next/static/chunks/node_modules_next_dist_f3530cac._.js:3127
[ 8184944ms] [ERROR] ./app/settings/design/page.jsx:5:1
Module not found: Can't resolve './_components/DesignPickerClient'
  3 | import { connectDB } from "@/lib/db/mongoose";
  4 | import User from "@/lib/db/models/User";
> 5 | import DesignPickerClient from "./_components/DesignPickerClient";
    | ^^^^^^^^^^^^^^^^^^^^^^^^^^^^^^^^^^^^^^^^^^^^^^^^^^^^^^^^^^^^^^^^^^
  6 |
  7 | export default async function DesignPickerPage() {
  8 |   const session = await requireSession();

https://nextjs.org/docs/messages/module-not-found @ http://localhost:3000/_next/static/chunks/node_modules_next_dist_f3530cac._.js:3127
[ 8185062ms] [LOG] [Fast Refresh] rebuilding @ http://localhost:3000/_next/static/chunks/node_modules_next_dist_f3530cac._.js:2297
[ 8185110ms] [ERROR] ./app/settings/design/page.jsx:5:1
Module not found: Can't resolve './_components/DesignPickerClient'
  3 | import { connectDB } from "@/lib/db/mongoose";
  4 | import User from "@/lib/db/models/User";
> 5 | import DesignPickerClient from "./_components/DesignPickerClient";
    | ^^^^^^^^^^^^^^^^^^^^^^^^^^^^^^^^^^^^^^^^^^^^^^^^^^^^^^^^^^^^^^^^^^
  6 |
  7 | export default async function DesignPickerPage() {
  8 |   const session = await requireSession();

https://nextjs.org/docs/messages/module-not-found @ http://localhost:3000/_next/static/chunks/node_modules_next_dist_f3530cac._.js:3127
[ 8185195ms] [ERROR] ./app/settings/design/page.jsx:5:1
Module not found: Can't resolve './_components/DesignPickerClient'
  3 | import { connectDB } from "@/lib/db/mongoose";
  4 | import User from "@/lib/db/models/User";
> 5 | import DesignPickerClient from "./_components/DesignPickerClient";
    | ^^^^^^^^^^^^^^^^^^^^^^^^^^^^^^^^^^^^^^^^^^^^^^^^^^^^^^^^^^^^^^^^^^
  6 |
  7 | export default async function DesignPickerPage() {
  8 |   const session = await requireSession();

https://nextjs.org/docs/messages/module-not-found @ http://localhost:3000/_next/static/chunks/node_modules_next_dist_f3530cac._.js:3127
[ 8185266ms] [ERROR] ./app/settings/design/page.jsx:5:1
Module not found: Can't resolve './_components/DesignPickerClient'
  3 | import { connectDB } from "@/lib/db/mongoose";
  4 | import User from "@/lib/db/models/User";
> 5 | import DesignPickerClient from "./_components/DesignPickerClient";
    | ^^^^^^^^^^^^^^^^^^^^^^^^^^^^^^^^^^^^^^^^^^^^^^^^^^^^^^^^^^^^^^^^^^
  6 |
  7 | export default async function DesignPickerPage() {
  8 |   const session = await requireSession();

https://nextjs.org/docs/messages/module-not-found @ http://localhost:3000/_next/static/chunks/node_modules_next_dist_f3530cac._.js:3127
[ 8185374ms] [ERROR] ./app/settings/design/page.jsx:5:1
Module not found: Can't resolve './_components/DesignPickerClient'
  3 | import { connectDB } from "@/lib/db/mongoose";
  4 | import User from "@/lib/db/models/User";
> 5 | import DesignPickerClient from "./_components/DesignPickerClient";
    | ^^^^^^^^^^^^^^^^^^^^^^^^^^^^^^^^^^^^^^^^^^^^^^^^^^^^^^^^^^^^^^^^^^
  6 |
  7 | export default async function DesignPickerPage() {
  8 |   const session = await requireSession();

https://nextjs.org/docs/messages/module-not-found @ http://localhost:3000/_next/static/chunks/node_modules_next_dist_f3530cac._.js:3127
[ 8185389ms] [LOG] [Fast Refresh] rebuilding @ http://localhost:3000/_next/static/chunks/node_modules_next_dist_f3530cac._.js:2297
[ 8185471ms] [ERROR] ./app/settings/design/page.jsx:5:1
Module not found: Can't resolve './_components/DesignPickerClient'
  3 | import { connectDB } from "@/lib/db/mongoose";
  4 | import User from "@/lib/db/models/User";
> 5 | import DesignPickerClient from "./_components/DesignPickerClient";
    | ^^^^^^^^^^^^^^^^^^^^^^^^^^^^^^^^^^^^^^^^^^^^^^^^^^^^^^^^^^^^^^^^^^
  6 |
  7 | export default async function DesignPickerPage() {
  8 |   const session = await requireSession();

https://nextjs.org/docs/messages/module-not-found @ http://localhost:3000/_next/static/chunks/node_modules_next_dist_f3530cac._.js:3127
[ 8185526ms] [ERROR] ./app/settings/design/page.jsx:5:1
Module not found: Can't resolve './_components/DesignPickerClient'
  3 | import { connectDB } from "@/lib/db/mongoose";
  4 | import User from "@/lib/db/models/User";
> 5 | import DesignPickerClient from "./_components/DesignPickerClient";
    | ^^^^^^^^^^^^^^^^^^^^^^^^^^^^^^^^^^^^^^^^^^^^^^^^^^^^^^^^^^^^^^^^^^
  6 |
  7 | export default async function DesignPickerPage() {
  8 |   const session = await requireSession();

https://nextjs.org/docs/messages/module-not-found @ http://localhost:3000/_next/static/chunks/node_modules_next_dist_f3530cac._.js:3127
[ 8185613ms] [ERROR] ./app/settings/design/page.jsx:5:1
Module not found: Can't resolve './_components/DesignPickerClient'
  3 | import { connectDB } from "@/lib/db/mongoose";
  4 | import User from "@/lib/db/models/User";
> 5 | import DesignPickerClient from "./_components/DesignPickerClient";
    | ^^^^^^^^^^^^^^^^^^^^^^^^^^^^^^^^^^^^^^^^^^^^^^^^^^^^^^^^^^^^^^^^^^
  6 |
  7 | export default async function DesignPickerPage() {
  8 |   const session = await requireSession();

https://nextjs.org/docs/messages/module-not-found @ http://localhost:3000/_next/static/chunks/node_modules_next_dist_f3530cac._.js:3127
[ 8185696ms] [ERROR] ./app/settings/design/page.jsx:5:1
Module not found: Can't resolve './_components/DesignPickerClient'
  3 | import { connectDB } from "@/lib/db/mongoose";
  4 | import User from "@/lib/db/models/User";
> 5 | import DesignPickerClient from "./_components/DesignPickerClient";
    | ^^^^^^^^^^^^^^^^^^^^^^^^^^^^^^^^^^^^^^^^^^^^^^^^^^^^^^^^^^^^^^^^^^
  6 |
  7 | export default async function DesignPickerPage() {
  8 |   const session = await requireSession();

https://nextjs.org/docs/messages/module-not-found @ http://localhost:3000/_next/static/chunks/node_modules_next_dist_f3530cac._.js:3127
[ 8185787ms] [ERROR] ./app/settings/design/page.jsx:5:1
Module not found: Can't resolve './_components/DesignPickerClient'
  3 | import { connectDB } from "@/lib/db/mongoose";
  4 | import User from "@/lib/db/models/User";
> 5 | import DesignPickerClient from "./_components/DesignPickerClient";
    | ^^^^^^^^^^^^^^^^^^^^^^^^^^^^^^^^^^^^^^^^^^^^^^^^^^^^^^^^^^^^^^^^^^
  6 |
  7 | export default async function DesignPickerPage() {
  8 |   const session = await requireSession();

https://nextjs.org/docs/messages/module-not-found @ http://localhost:3000/_next/static/chunks/node_modules_next_dist_f3530cac._.js:3127
[ 8185851ms] [ERROR] ./app/settings/design/page.jsx:5:1
Module not found: Can't resolve './_components/DesignPickerClient'
  3 | import { connectDB } from "@/lib/db/mongoose";
  4 | import User from "@/lib/db/models/User";
> 5 | import DesignPickerClient from "./_components/DesignPickerClient";
    | ^^^^^^^^^^^^^^^^^^^^^^^^^^^^^^^^^^^^^^^^^^^^^^^^^^^^^^^^^^^^^^^^^^
  6 |
  7 | export default async function DesignPickerPage() {
  8 |   const session = await requireSession();

https://nextjs.org/docs/messages/module-not-found @ http://localhost:3000/_next/static/chunks/node_modules_next_dist_f3530cac._.js:3127
[ 8185903ms] [ERROR] ./app/settings/design/page.jsx:5:1
Module not found: Can't resolve './_components/DesignPickerClient'
  3 | import { connectDB } from "@/lib/db/mongoose";
  4 | import User from "@/lib/db/models/User";
> 5 | import DesignPickerClient from "./_components/DesignPickerClient";
    | ^^^^^^^^^^^^^^^^^^^^^^^^^^^^^^^^^^^^^^^^^^^^^^^^^^^^^^^^^^^^^^^^^^
  6 |
  7 | export default async function DesignPickerPage() {
  8 |   const session = await requireSession();

https://nextjs.org/docs/messages/module-not-found @ http://localhost:3000/_next/static/chunks/node_modules_next_dist_f3530cac._.js:3127
[ 8185957ms] [ERROR] ./app/settings/design/page.jsx:5:1
Module not found: Can't resolve './_components/DesignPickerClient'
  3 | import { connectDB } from "@/lib/db/mongoose";
  4 | import User from "@/lib/db/models/User";
> 5 | import DesignPickerClient from "./_components/DesignPickerClient";
    | ^^^^^^^^^^^^^^^^^^^^^^^^^^^^^^^^^^^^^^^^^^^^^^^^^^^^^^^^^^^^^^^^^^
  6 |
  7 | export default async function DesignPickerPage() {
  8 |   const session = await requireSession();

https://nextjs.org/docs/messages/module-not-found @ http://localhost:3000/_next/static/chunks/node_modules_next_dist_f3530cac._.js:3127
[ 8186029ms] [ERROR] ./app/settings/design/page.jsx:5:1
Module not found: Can't resolve './_components/DesignPickerClient'
  3 | import { connectDB } from "@/lib/db/mongoose";
  4 | import User from "@/lib/db/models/User";
> 5 | import DesignPickerClient from "./_components/DesignPickerClient";
    | ^^^^^^^^^^^^^^^^^^^^^^^^^^^^^^^^^^^^^^^^^^^^^^^^^^^^^^^^^^^^^^^^^^
  6 |
  7 | export default async function DesignPickerPage() {
  8 |   const session = await requireSession();

https://nextjs.org/docs/messages/module-not-found @ http://localhost:3000/_next/static/chunks/node_modules_next_dist_f3530cac._.js:3127
[ 8186124ms] [ERROR] ./app/settings/design/page.jsx:5:1
Module not found: Can't resolve './_components/DesignPickerClient'
  3 | import { connectDB } from "@/lib/db/mongoose";
  4 | import User from "@/lib/db/models/User";
> 5 | import DesignPickerClient from "./_components/DesignPickerClient";
    | ^^^^^^^^^^^^^^^^^^^^^^^^^^^^^^^^^^^^^^^^^^^^^^^^^^^^^^^^^^^^^^^^^^
  6 |
  7 | export default async function DesignPickerPage() {
  8 |   const session = await requireSession();

https://nextjs.org/docs/messages/module-not-found @ http://localhost:3000/_next/static/chunks/node_modules_next_dist_f3530cac._.js:3127
[ 8186210ms] [ERROR] ./app/settings/design/page.jsx:5:1
Module not found: Can't resolve './_components/DesignPickerClient'
  3 | import { connectDB } from "@/lib/db/mongoose";
  4 | import User from "@/lib/db/models/User";
> 5 | import DesignPickerClient from "./_components/DesignPickerClient";
    | ^^^^^^^^^^^^^^^^^^^^^^^^^^^^^^^^^^^^^^^^^^^^^^^^^^^^^^^^^^^^^^^^^^
  6 |
  7 | export default async function DesignPickerPage() {
  8 |   const session = await requireSession();

https://nextjs.org/docs/messages/module-not-found @ http://localhost:3000/_next/static/chunks/node_modules_next_dist_f3530cac._.js:3127
[ 8186265ms] [ERROR] ./app/settings/design/page.jsx:5:1
Module not found: Can't resolve './_components/DesignPickerClient'
  3 | import { connectDB } from "@/lib/db/mongoose";
  4 | import User from "@/lib/db/models/User";
> 5 | import DesignPickerClient from "./_components/DesignPickerClient";
    | ^^^^^^^^^^^^^^^^^^^^^^^^^^^^^^^^^^^^^^^^^^^^^^^^^^^^^^^^^^^^^^^^^^
  6 |
  7 | export default async function DesignPickerPage() {
  8 |   const session = await requireSession();

https://nextjs.org/docs/messages/module-not-found @ http://localhost:3000/_next/static/chunks/node_modules_next_dist_f3530cac._.js:3127
[ 8186341ms] [ERROR] ./app/settings/design/page.jsx:5:1
Module not found: Can't resolve './_components/DesignPickerClient'
  3 | import { connectDB } from "@/lib/db/mongoose";
  4 | import User from "@/lib/db/models/User";
> 5 | import DesignPickerClient from "./_components/DesignPickerClient";
    | ^^^^^^^^^^^^^^^^^^^^^^^^^^^^^^^^^^^^^^^^^^^^^^^^^^^^^^^^^^^^^^^^^^
  6 |
  7 | export default async function DesignPickerPage() {
  8 |   const session = await requireSession();

https://nextjs.org/docs/messages/module-not-found @ http://localhost:3000/_next/static/chunks/node_modules_next_dist_f3530cac._.js:3127
[ 8186412ms] [ERROR] ./app/settings/design/page.jsx:5:1
Module not found: Can't resolve './_components/DesignPickerClient'
  3 | import { connectDB } from "@/lib/db/mongoose";
  4 | import User from "@/lib/db/models/User";
> 5 | import DesignPickerClient from "./_components/DesignPickerClient";
    | ^^^^^^^^^^^^^^^^^^^^^^^^^^^^^^^^^^^^^^^^^^^^^^^^^^^^^^^^^^^^^^^^^^
  6 |
  7 | export default async function DesignPickerPage() {
  8 |   const session = await requireSession();

https://nextjs.org/docs/messages/module-not-found @ http://localhost:3000/_next/static/chunks/node_modules_next_dist_f3530cac._.js:3127
[ 8186490ms] [ERROR] ./app/settings/design/page.jsx:5:1
Module not found: Can't resolve './_components/DesignPickerClient'
  3 | import { connectDB } from "@/lib/db/mongoose";
  4 | import User from "@/lib/db/models/User";
> 5 | import DesignPickerClient from "./_components/DesignPickerClient";
    | ^^^^^^^^^^^^^^^^^^^^^^^^^^^^^^^^^^^^^^^^^^^^^^^^^^^^^^^^^^^^^^^^^^
  6 |
  7 | export default async function DesignPickerPage() {
  8 |   const session = await requireSession();

https://nextjs.org/docs/messages/module-not-found @ http://localhost:3000/_next/static/chunks/node_modules_next_dist_f3530cac._.js:3127
[ 8186536ms] [ERROR] ./app/settings/design/page.jsx:5:1
Module not found: Can't resolve './_components/DesignPickerClient'
  3 | import { connectDB } from "@/lib/db/mongoose";
  4 | import User from "@/lib/db/models/User";
> 5 | import DesignPickerClient from "./_components/DesignPickerClient";
    | ^^^^^^^^^^^^^^^^^^^^^^^^^^^^^^^^^^^^^^^^^^^^^^^^^^^^^^^^^^^^^^^^^^
  6 |
  7 | export default async function DesignPickerPage() {
  8 |   const session = await requireSession();

https://nextjs.org/docs/messages/module-not-found @ http://localhost:3000/_next/static/chunks/node_modules_next_dist_f3530cac._.js:3127
[ 8186593ms] [ERROR] ./app/settings/design/page.jsx:5:1
Module not found: Can't resolve './_components/DesignPickerClient'
  3 | import { connectDB } from "@/lib/db/mongoose";
  4 | import User from "@/lib/db/models/User";
> 5 | import DesignPickerClient from "./_components/DesignPickerClient";
    | ^^^^^^^^^^^^^^^^^^^^^^^^^^^^^^^^^^^^^^^^^^^^^^^^^^^^^^^^^^^^^^^^^^
  6 |
  7 | export default async function DesignPickerPage() {
  8 |   const session = await requireSession();

https://nextjs.org/docs/messages/module-not-found @ http://localhost:3000/_next/static/chunks/node_modules_next_dist_f3530cac._.js:3127
[ 8186656ms] [ERROR] ./app/settings/design/page.jsx:5:1
Module not found: Can't resolve './_components/DesignPickerClient'
  3 | import { connectDB } from "@/lib/db/mongoose";
  4 | import User from "@/lib/db/models/User";
> 5 | import DesignPickerClient from "./_components/DesignPickerClient";
    | ^^^^^^^^^^^^^^^^^^^^^^^^^^^^^^^^^^^^^^^^^^^^^^^^^^^^^^^^^^^^^^^^^^
  6 |
  7 | export default async function DesignPickerPage() {
  8 |   const session = await requireSession();

https://nextjs.org/docs/messages/module-not-found @ http://localhost:3000/_next/static/chunks/node_modules_next_dist_f3530cac._.js:3127
[ 8186727ms] [ERROR] ./app/settings/design/page.jsx:5:1
Module not found: Can't resolve './_components/DesignPickerClient'
  3 | import { connectDB } from "@/lib/db/mongoose";
  4 | import User from "@/lib/db/models/User";
> 5 | import DesignPickerClient from "./_components/DesignPickerClient";
    | ^^^^^^^^^^^^^^^^^^^^^^^^^^^^^^^^^^^^^^^^^^^^^^^^^^^^^^^^^^^^^^^^^^
  6 |
  7 | export default async function DesignPickerPage() {
  8 |   const session = await requireSession();

https://nextjs.org/docs/messages/module-not-found @ http://localhost:3000/_next/static/chunks/node_modules_next_dist_f3530cac._.js:3127
[ 8186806ms] [ERROR] ./app/settings/design/page.jsx:5:1
Module not found: Can't resolve './_components/DesignPickerClient'
  3 | import { connectDB } from "@/lib/db/mongoose";
  4 | import User from "@/lib/db/models/User";
> 5 | import DesignPickerClient from "./_components/DesignPickerClient";
    | ^^^^^^^^^^^^^^^^^^^^^^^^^^^^^^^^^^^^^^^^^^^^^^^^^^^^^^^^^^^^^^^^^^
  6 |
  7 | export default async function DesignPickerPage() {
  8 |   const session = await requireSession();

https://nextjs.org/docs/messages/module-not-found @ http://localhost:3000/_next/static/chunks/node_modules_next_dist_f3530cac._.js:3127
[ 8186865ms] [ERROR] ./app/settings/design/page.jsx:5:1
Module not found: Can't resolve './_components/DesignPickerClient'
  3 | import { connectDB } from "@/lib/db/mongoose";
  4 | import User from "@/lib/db/models/User";
> 5 | import DesignPickerClient from "./_components/DesignPickerClient";
    | ^^^^^^^^^^^^^^^^^^^^^^^^^^^^^^^^^^^^^^^^^^^^^^^^^^^^^^^^^^^^^^^^^^
  6 |
  7 | export default async function DesignPickerPage() {
  8 |   const session = await requireSession();

https://nextjs.org/docs/messages/module-not-found @ http://localhost:3000/_next/static/chunks/node_modules_next_dist_f3530cac._.js:3127
[ 8186957ms] [ERROR] ./app/settings/design/page.jsx:5:1
Module not found: Can't resolve './_components/DesignPickerClient'
  3 | import { connectDB } from "@/lib/db/mongoose";
  4 | import User from "@/lib/db/models/User";
> 5 | import DesignPickerClient from "./_components/DesignPickerClient";
    | ^^^^^^^^^^^^^^^^^^^^^^^^^^^^^^^^^^^^^^^^^^^^^^^^^^^^^^^^^^^^^^^^^^
  6 |
  7 | export default async function DesignPickerPage() {
  8 |   const session = await requireSession();

https://nextjs.org/docs/messages/module-not-found @ http://localhost:3000/_next/static/chunks/node_modules_next_dist_f3530cac._.js:3127
[ 8186971ms] [LOG] [Fast Refresh] rebuilding @ http://localhost:3000/_next/static/chunks/node_modules_next_dist_f3530cac._.js:2297
[ 8187048ms] [ERROR] ./app/settings/design/page.jsx:5:1
Module not found: Can't resolve './_components/DesignPickerClient'
  3 | import { connectDB } from "@/lib/db/mongoose";
  4 | import User from "@/lib/db/models/User";
> 5 | import DesignPickerClient from "./_components/DesignPickerClient";
    | ^^^^^^^^^^^^^^^^^^^^^^^^^^^^^^^^^^^^^^^^^^^^^^^^^^^^^^^^^^^^^^^^^^
  6 |
  7 | export default async function DesignPickerPage() {
  8 |   const session = await requireSession();

https://nextjs.org/docs/messages/module-not-found @ http://localhost:3000/_next/static/chunks/node_modules_next_dist_f3530cac._.js:3127
[ 8187120ms] [ERROR] ./app/settings/design/page.jsx:5:1
Module not found: Can't resolve './_components/DesignPickerClient'
  3 | import { connectDB } from "@/lib/db/mongoose";
  4 | import User from "@/lib/db/models/User";
> 5 | import DesignPickerClient from "./_components/DesignPickerClient";
    | ^^^^^^^^^^^^^^^^^^^^^^^^^^^^^^^^^^^^^^^^^^^^^^^^^^^^^^^^^^^^^^^^^^
  6 |
  7 | export default async function DesignPickerPage() {
  8 |   const session = await requireSession();

https://nextjs.org/docs/messages/module-not-found @ http://localhost:3000/_next/static/chunks/node_modules_next_dist_f3530cac._.js:3127
[ 8187202ms] [ERROR] ./app/settings/design/page.jsx:5:1
Module not found: Can't resolve './_components/DesignPickerClient'
  3 | import { connectDB } from "@/lib/db/mongoose";
  4 | import User from "@/lib/db/models/User";
> 5 | import DesignPickerClient from "./_components/DesignPickerClient";
    | ^^^^^^^^^^^^^^^^^^^^^^^^^^^^^^^^^^^^^^^^^^^^^^^^^^^^^^^^^^^^^^^^^^
  6 |
  7 | export default async function DesignPickerPage() {
  8 |   const session = await requireSession();

https://nextjs.org/docs/messages/module-not-found @ http://localhost:3000/_next/static/chunks/node_modules_next_dist_f3530cac._.js:3127
[ 8187265ms] [ERROR] ./app/settings/design/page.jsx:5:1
Module not found: Can't resolve './_components/DesignPickerClient'
  3 | import { connectDB } from "@/lib/db/mongoose";
  4 | import User from "@/lib/db/models/User";
> 5 | import DesignPickerClient from "./_components/DesignPickerClient";
    | ^^^^^^^^^^^^^^^^^^^^^^^^^^^^^^^^^^^^^^^^^^^^^^^^^^^^^^^^^^^^^^^^^^
  6 |
  7 | export default async function DesignPickerPage() {
  8 |   const session = await requireSession();

https://nextjs.org/docs/messages/module-not-found @ http://localhost:3000/_next/static/chunks/node_modules_next_dist_f3530cac._.js:3127
[ 8187331ms] [ERROR] ./app/settings/design/page.jsx:5:1
Module not found: Can't resolve './_components/DesignPickerClient'
  3 | import { connectDB } from "@/lib/db/mongoose";
  4 | import User from "@/lib/db/models/User";
> 5 | import DesignPickerClient from "./_components/DesignPickerClient";
    | ^^^^^^^^^^^^^^^^^^^^^^^^^^^^^^^^^^^^^^^^^^^^^^^^^^^^^^^^^^^^^^^^^^
  6 |
  7 | export default async function DesignPickerPage() {
  8 |   const session = await requireSession();

https://nextjs.org/docs/messages/module-not-found @ http://localhost:3000/_next/static/chunks/node_modules_next_dist_f3530cac._.js:3127
[ 8187390ms] [ERROR] ./app/settings/design/page.jsx:5:1
Module not found: Can't resolve './_components/DesignPickerClient'
  3 | import { connectDB } from "@/lib/db/mongoose";
  4 | import User from "@/lib/db/models/User";
> 5 | import DesignPickerClient from "./_components/DesignPickerClient";
    | ^^^^^^^^^^^^^^^^^^^^^^^^^^^^^^^^^^^^^^^^^^^^^^^^^^^^^^^^^^^^^^^^^^
  6 |
  7 | export default async function DesignPickerPage() {
  8 |   const session = await requireSession();

https://nextjs.org/docs/messages/module-not-found @ http://localhost:3000/_next/static/chunks/node_modules_next_dist_f3530cac._.js:3127
[ 8187483ms] [ERROR] ./app/settings/design/page.jsx:5:1
Module not found: Can't resolve './_components/DesignPickerClient'
  3 | import { connectDB } from "@/lib/db/mongoose";
  4 | import User from "@/lib/db/models/User";
> 5 | import DesignPickerClient from "./_components/DesignPickerClient";
    | ^^^^^^^^^^^^^^^^^^^^^^^^^^^^^^^^^^^^^^^^^^^^^^^^^^^^^^^^^^^^^^^^^^
  6 |
  7 | export default async function DesignPickerPage() {
  8 |   const session = await requireSession();

https://nextjs.org/docs/messages/module-not-found @ http://localhost:3000/_next/static/chunks/node_modules_next_dist_f3530cac._.js:3127
[ 8187559ms] [ERROR] ./app/settings/design/page.jsx:5:1
Module not found: Can't resolve './_components/DesignPickerClient'
  3 | import { connectDB } from "@/lib/db/mongoose";
  4 | import User from "@/lib/db/models/User";
> 5 | import DesignPickerClient from "./_components/DesignPickerClient";
    | ^^^^^^^^^^^^^^^^^^^^^^^^^^^^^^^^^^^^^^^^^^^^^^^^^^^^^^^^^^^^^^^^^^
  6 |
  7 | export default async function DesignPickerPage() {
  8 |   const session = await requireSession();

https://nextjs.org/docs/messages/module-not-found @ http://localhost:3000/_next/static/chunks/node_modules_next_dist_f3530cac._.js:3127
[ 8187589ms] [LOG] [Fast Refresh] rebuilding @ http://localhost:3000/_next/static/chunks/node_modules_next_dist_f3530cac._.js:2297
[ 8187665ms] [ERROR] ./app/settings/design/page.jsx:5:1
Module not found: Can't resolve './_components/DesignPickerClient'
  3 | import { connectDB } from "@/lib/db/mongoose";
  4 | import User from "@/lib/db/models/User";
> 5 | import DesignPickerClient from "./_components/DesignPickerClient";
    | ^^^^^^^^^^^^^^^^^^^^^^^^^^^^^^^^^^^^^^^^^^^^^^^^^^^^^^^^^^^^^^^^^^
  6 |
  7 | export default async function DesignPickerPage() {
  8 |   const session = await requireSession();

https://nextjs.org/docs/messages/module-not-found @ http://localhost:3000/_next/static/chunks/node_modules_next_dist_f3530cac._.js:3127
[ 8187731ms] [ERROR] ./app/settings/design/page.jsx:5:1
Module not found: Can't resolve './_components/DesignPickerClient'
  3 | import { connectDB } from "@/lib/db/mongoose";
  4 | import User from "@/lib/db/models/User";
> 5 | import DesignPickerClient from "./_components/DesignPickerClient";
    | ^^^^^^^^^^^^^^^^^^^^^^^^^^^^^^^^^^^^^^^^^^^^^^^^^^^^^^^^^^^^^^^^^^
  6 |
  7 | export default async function DesignPickerPage() {
  8 |   const session = await requireSession();

https://nextjs.org/docs/messages/module-not-found @ http://localhost:3000/_next/static/chunks/node_modules_next_dist_f3530cac._.js:3127
[ 8187777ms] [LOG] [Fast Refresh] rebuilding @ http://localhost:3000/_next/static/chunks/node_modules_next_dist_f3530cac._.js:2297
[ 8187843ms] [ERROR] ./app/settings/design/page.jsx:5:1
Module not found: Can't resolve './_components/DesignPickerClient'
  3 | import { connectDB } from "@/lib/db/mongoose";
  4 | import User from "@/lib/db/models/User";
> 5 | import DesignPickerClient from "./_components/DesignPickerClient";
    | ^^^^^^^^^^^^^^^^^^^^^^^^^^^^^^^^^^^^^^^^^^^^^^^^^^^^^^^^^^^^^^^^^^
  6 |
  7 | export default async function DesignPickerPage() {
  8 |   const session = await requireSession();

https://nextjs.org/docs/messages/module-not-found @ http://localhost:3000/_next/static/chunks/node_modules_next_dist_f3530cac._.js:3127
[ 8187908ms] [ERROR] ./app/settings/design/page.jsx:5:1
Module not found: Can't resolve './_components/DesignPickerClient'
  3 | import { connectDB } from "@/lib/db/mongoose";
  4 | import User from "@/lib/db/models/User";
> 5 | import DesignPickerClient from "./_components/DesignPickerClient";
    | ^^^^^^^^^^^^^^^^^^^^^^^^^^^^^^^^^^^^^^^^^^^^^^^^^^^^^^^^^^^^^^^^^^
  6 |
  7 | export default async function DesignPickerPage() {
  8 |   const session = await requireSession();

https://nextjs.org/docs/messages/module-not-found @ http://localhost:3000/_next/static/chunks/node_modules_next_dist_f3530cac._.js:3127
[ 8188038ms] [LOG] [Fast Refresh] rebuilding @ http://localhost:3000/_next/static/chunks/node_modules_next_dist_f3530cac._.js:2297
[ 8188077ms] [ERROR] ./app/settings/design/page.jsx:5:1
Module not found: Can't resolve './_components/DesignPickerClient'
  3 | import { connectDB } from "@/lib/db/mongoose";
  4 | import User from "@/lib/db/models/User";
> 5 | import DesignPickerClient from "./_components/DesignPickerClient";
    | ^^^^^^^^^^^^^^^^^^^^^^^^^^^^^^^^^^^^^^^^^^^^^^^^^^^^^^^^^^^^^^^^^^
  6 |
  7 | export default async function DesignPickerPage() {
  8 |   const session = await requireSession();

https://nextjs.org/docs/messages/module-not-found @ http://localhost:3000/_next/static/chunks/node_modules_next_dist_f3530cac._.js:3127
[ 8188179ms] [LOG] [Fast Refresh] rebuilding @ http://localhost:3000/_next/static/chunks/node_modules_next_dist_f3530cac._.js:2297
[ 8188679ms] [LOG] [Fast Refresh] done in 599ms @ http://localhost:3000/_next/static/chunks/node_modules_next_dist_f3530cac._.js:2297
[ 8188845ms] [LOG] [Fast Refresh] rebuilding @ http://localhost:3000/_next/static/chunks/node_modules_next_dist_f3530cac._.js:2297
[ 8189475ms] [LOG] [Fast Refresh] done in 730ms @ http://localhost:3000/_next/static/chunks/node_modules_next_dist_f3530cac._.js:2297
[ 8189893ms] [LOG] [Fast Refresh] rebuilding @ http://localhost:3000/_next/static/chunks/node_modules_next_dist_f3530cac._.js:2297
[ 8189969ms] [LOG] [Fast Refresh] done in 176ms @ http://localhost:3000/_next/static/chunks/node_modules_next_dist_f3530cac._.js:2297
[ 8190389ms] [LOG] [Fast Refresh] rebuilding @ http://localhost:3000/_next/static/chunks/node_modules_next_dist_f3530cac._.js:2297
[ 8190401ms] [LOG] [Fast Refresh] done in 113ms @ http://localhost:3000/_next/static/chunks/node_modules_next_dist_f3530cac._.js:2297
[ 8191086ms] [LOG] [Fast Refresh] rebuilding @ http://localhost:3000/_next/static/chunks/node_modules_next_dist_f3530cac._.js:2297
[ 8191121ms] [LOG] [Fast Refresh] done in 139ms @ http://localhost:3000/_next/static/chunks/node_modules_next_dist_f3530cac._.js:2297
[ 8192146ms] [LOG] [Fast Refresh] rebuilding @ http://localhost:3000/_next/static/chunks/node_modules_next_dist_f3530cac._.js:2297
[ 8192164ms] [LOG] [Fast Refresh] done in 120ms @ http://localhost:3000/_next/static/chunks/node_modules_next_dist_f3530cac._.js:2297
[ 8192710ms] [LOG] [Fast Refresh] rebuilding @ http://localhost:3000/_next/static/chunks/node_modules_next_dist_f3530cac._.js:2297
[ 8192739ms] [LOG] [Fast Refresh] done in 134ms @ http://localhost:3000/_next/static/chunks/node_modules_next_dist_f3530cac._.js:2297
[ 8196183ms] [LOG] [Fast Refresh] rebuilding @ http://localhost:3000/_next/static/chunks/node_modules_next_dist_f3530cac._.js:2297
[ 8196300ms] [LOG] [Fast Refresh] done in 217ms @ http://localhost:3000/_next/static/chunks/node_modules_next_dist_f3530cac._.js:2297
[ 8507553ms] [LOG] [Fast Refresh] rebuilding @ http://localhost:3000/_next/static/chunks/node_modules_next_dist_f3530cac._.js:2297
[ 8507778ms] [LOG] [Fast Refresh] done in 320ms @ http://localhost:3000/_next/static/chunks/node_modules_next_dist_f3530cac._.js:2297
[ 8514783ms] [LOG] [Fast Refresh] rebuilding @ http://localhost:3000/_next/static/chunks/node_modules_next_dist_f3530cac._.js:2297
[ 8514936ms] [LOG] [Fast Refresh] done in 224ms @ http://localhost:3000/_next/static/chunks/node_modules_next_dist_f3530cac._.js:2297
[ 8530583ms] [LOG] [Fast Refresh] rebuilding @ http://localhost:3000/_next/static/chunks/node_modules_next_dist_f3530cac._.js:2297
[ 8530779ms] [LOG] [Fast Refresh] done in 275ms @ http://localhost:3000/_next/static/chunks/node_modules_next_dist_f3530cac._.js:2297
[ 8537395ms] [LOG] [Fast Refresh] rebuilding @ http://localhost:3000/_next/static/chunks/node_modules_next_dist_f3530cac._.js:2297
[ 8537565ms] [LOG] [Fast Refresh] done in 246ms @ http://localhost:3000/_next/static/chunks/node_modules_next_dist_f3530cac._.js:2297
[ 8544880ms] [LOG] [Fast Refresh] rebuilding @ http://localhost:3000/_next/static/chunks/node_modules_next_dist_f3530cac._.js:2297
[ 8545084ms] [LOG] [Fast Refresh] done in 296ms @ http://localhost:3000/_next/static/chunks/node_modules_next_dist_f3530cac._.js:2297
[ 8551710ms] [LOG] [Fast Refresh] rebuilding @ http://localhost:3000/_next/static/chunks/node_modules_next_dist_f3530cac._.js:2297
[ 8551841ms] [LOG] [Fast Refresh] done in 208ms @ http://localhost:3000/_next/static/chunks/node_modules_next_dist_f3530cac._.js:2297
[ 9298042ms] [LOG] [Fast Refresh] rebuilding @ http://localhost:3000/_next/static/chunks/node_modules_next_dist_f3530cac._.js:2297
[ 9298151ms] [LOG] [Fast Refresh] done in 210ms @ http://localhost:3000/_next/static/chunks/node_modules_next_dist_f3530cac._.js:2297
[ 9406059ms] [LOG] [Fast Refresh] rebuilding @ http://localhost:3000/_next/static/chunks/node_modules_next_dist_f3530cac._.js:2297
[ 9406185ms] [LOG] [Fast Refresh] done in 229ms @ http://localhost:3000/_next/static/chunks/node_modules_next_dist_f3530cac._.js:2297
[ 9449961ms] [LOG] [Fast Refresh] rebuilding @ http://localhost:3000/_next/static/chunks/node_modules_next_dist_f3530cac._.js:2297
[ 9450085ms] [LOG] [Fast Refresh] done in 227ms @ http://localhost:3000/_next/static/chunks/node_modules_next_dist_f3530cac._.js:2297
[ 9558485ms] [LOG] [Fast Refresh] rebuilding @ http://localhost:3000/_next/static/chunks/node_modules_next_dist_f3530cac._.js:2297
[ 9558609ms] [LOG] [Fast Refresh] done in 227ms @ http://localhost:3000/_next/static/chunks/node_modules_next_dist_f3530cac._.js:2297
[ 9799392ms] [LOG] [Fast Refresh] rebuilding @ http://localhost:3000/_next/static/chunks/node_modules_next_dist_f3530cac._.js:2297
[ 9799515ms] [LOG] [Fast Refresh] done in 227ms @ http://localhost:3000/_next/static/chunks/node_modules_next_dist_f3530cac._.js:2297
[ 9809815ms] [LOG] [Fast Refresh] rebuilding @ http://localhost:3000/_next/static/chunks/node_modules_next_dist_f3530cac._.js:2297
[ 9809955ms] [LOG] [Fast Refresh] done in 245ms @ http://localhost:3000/_next/static/chunks/node_modules_next_dist_f3530cac._.js:2297
[ 9818633ms] [LOG] [Fast Refresh] rebuilding @ http://localhost:3000/_next/static/chunks/node_modules_next_dist_f3530cac._.js:2297
[ 9818743ms] [LOG] [Fast Refresh] done in 213ms @ http://localhost:3000/_next/static/chunks/node_modules_next_dist_f3530cac._.js:2297
[ 9836058ms] [LOG] [Fast Refresh] rebuilding @ http://localhost:3000/_next/static/chunks/node_modules_next_dist_f3530cac._.js:2297
[ 9836208ms] [LOG] [Fast Refresh] done in 232ms @ http://localhost:3000/_next/static/chunks/node_modules_next_dist_f3530cac._.js:2297
[ 9836330ms] [LOG] [Fast Refresh] rebuilding @ http://localhost:3000/_next/static/chunks/node_modules_next_dist_f3530cac._.js:2297
[ 9836450ms] [LOG] [Fast Refresh] done in 225ms @ http://localhost:3000/_next/static/chunks/node_modules_next_dist_f3530cac._.js:2297
[ 9836554ms] [LOG] [Fast Refresh] rebuilding @ http://localhost:3000/_next/static/chunks/node_modules_next_dist_f3530cac._.js:2297
[ 9837144ms] [LOG] [Fast Refresh] done in 693ms @ http://localhost:3000/_next/static/chunks/node_modules_next_dist_f3530cac._.js:2297
[ 9837499ms] [LOG] [Fast Refresh] rebuilding @ http://localhost:3000/_next/static/chunks/node_modules_next_dist_f3530cac._.js:2297
[ 9837571ms] [LOG] [Fast Refresh] done in 174ms @ http://localhost:3000/_next/static/chunks/node_modules_next_dist_f3530cac._.js:2297
[ 9838124ms] [LOG] [Fast Refresh] rebuilding @ http://localhost:3000/_next/static/chunks/node_modules_next_dist_f3530cac._.js:2297
[ 9838162ms] [LOG] [Fast Refresh] done in 138ms @ http://localhost:3000/_next/static/chunks/node_modules_next_dist_f3530cac._.js:2297
[ 9838876ms] [LOG] [Fast Refresh] rebuilding @ http://localhost:3000/_next/static/chunks/node_modules_next_dist_f3530cac._.js:2297
[ 9838929ms] [LOG] [Fast Refresh] done in 155ms @ http://localhost:3000/_next/static/chunks/node_modules_next_dist_f3530cac._.js:2297
[ 9839123ms] [LOG] [Fast Refresh] rebuilding @ http://localhost:3000/_next/static/chunks/node_modules_next_dist_f3530cac._.js:2297
[ 9839127ms] [LOG] [Fast Refresh] done in 105ms @ http://localhost:3000/_next/static/chunks/node_modules_next_dist_f3530cac._.js:2297
[ 9839852ms] [LOG] [Fast Refresh] rebuilding @ http://localhost:3000/_next/static/chunks/node_modules_next_dist_f3530cac._.js:2297
[ 9839875ms] [LOG] [Fast Refresh] done in 124ms @ http://localhost:3000/_next/static/chunks/node_modules_next_dist_f3530cac._.js:2297
[ 9840052ms] [LOG] [Fast Refresh] rebuilding @ http://localhost:3000/_next/static/chunks/node_modules_next_dist_f3530cac._.js:2297
[ 9840114ms] [LOG] [Fast Refresh] done in 162ms @ http://localhost:3000/_next/static/chunks/node_modules_next_dist_f3530cac._.js:2297
[ 9840816ms] [LOG] [Fast Refresh] rebuilding @ http://localhost:3000/_next/static/chunks/node_modules_next_dist_f3530cac._.js:2297
[ 9840849ms] [LOG] [Fast Refresh] done in 135ms @ http://localhost:3000/_next/static/chunks/node_modules_next_dist_f3530cac._.js:2297
[ 9840985ms] [LOG] [Fast Refresh] rebuilding @ http://localhost:3000/_next/static/chunks/node_modules_next_dist_f3530cac._.js:2297
[ 9841074ms] [LOG] [Fast Refresh] done in 189ms @ http://localhost:3000/_next/static/chunks/node_modules_next_dist_f3530cac._.js:2297
[ 9841623ms] [LOG] [Fast Refresh] rebuilding @ http://localhost:3000/_next/static/chunks/node_modules_next_dist_f3530cac._.js:2297
[ 9841647ms] [LOG] [Fast Refresh] done in 125ms @ http://localhost:3000/_next/static/chunks/node_modules_next_dist_f3530cac._.js:2297
[ 9842187ms] [LOG] [Fast Refresh] rebuilding @ http://localhost:3000/_next/static/chunks/node_modules_next_dist_f3530cac._.js:2297
[ 9842189ms] [LOG] [Fast Refresh] done in 104ms @ http://localhost:3000/_next/static/chunks/node_modules_next_dist_f3530cac._.js:2297
[ 9842306ms] [LOG] [Fast Refresh] rebuilding @ http://localhost:3000/_next/static/chunks/node_modules_next_dist_f3530cac._.js:2297
[ 9842327ms] [LOG] [Fast Refresh] done in 121ms @ http://localhost:3000/_next/static/chunks/node_modules_next_dist_f3530cac._.js:2297
[ 9852104ms] [LOG] [Fast Refresh] rebuilding @ http://localhost:3000/_next/static/chunks/node_modules_next_dist_f3530cac._.js:2297
[ 9853096ms] [LOG] [Fast Refresh] done in 1062ms @ http://localhost:3000/_next/static/chunks/node_modules_next_dist_f3530cac._.js:2297
[ 9863487ms] [LOG] [Fast Refresh] rebuilding @ http://localhost:3000/_next/static/chunks/node_modules_next_dist_f3530cac._.js:2297
[ 9864346ms] [LOG] [Fast Refresh] done in 915ms @ http://localhost:3000/_next/static/chunks/node_modules_next_dist_f3530cac._.js:2297
[ 9873451ms] [LOG] [Fast Refresh] rebuilding @ http://localhost:3000/_next/static/chunks/node_modules_next_dist_f3530cac._.js:2297
[ 9873594ms] [LOG] [Fast Refresh] done in 243ms @ http://localhost:3000/_next/static/chunks/node_modules_next_dist_f3530cac._.js:2297
[ 9887269ms] [LOG] [Fast Refresh] rebuilding @ http://localhost:3000/_next/static/chunks/node_modules_next_dist_f3530cac._.js:2297
[ 9887394ms] [LOG] [Fast Refresh] done in 228ms @ http://localhost:3000/_next/static/chunks/node_modules_next_dist_f3530cac._.js:2297
[ 9899395ms] [LOG] [Fast Refresh] rebuilding @ http://localhost:3000/_next/static/chunks/node_modules_next_dist_f3530cac._.js:2297
[ 9899520ms] [LOG] [Fast Refresh] done in 227ms @ http://localhost:3000/_next/static/chunks/node_modules_next_dist_f3530cac._.js:2297
[ 9906837ms] [LOG] [Fast Refresh] rebuilding @ http://localhost:3000/_next/static/chunks/node_modules_next_dist_f3530cac._.js:2297
[ 9906945ms] [LOG] [Fast Refresh] done in 211ms @ http://localhost:3000/_next/static/chunks/node_modules_next_dist_f3530cac._.js:2297
[ 9914244ms] [LOG] [Fast Refresh] rebuilding @ http://localhost:3000/_next/static/chunks/node_modules_next_dist_f3530cac._.js:2297
[ 9914357ms] [LOG] [Fast Refresh] done in 213ms @ http://localhost:3000/_next/static/chunks/node_modules_next_dist_f3530cac._.js:2297
[ 9914462ms] [LOG] [Fast Refresh] rebuilding @ http://localhost:3000/_next/static/chunks/node_modules_next_dist_f3530cac._.js:2297
[ 9914558ms] [LOG] [Fast Refresh] done in 200ms @ http://localhost:3000/_next/static/chunks/node_modules_next_dist_f3530cac._.js:2297
[ 9922117ms] [LOG] [Fast Refresh] rebuilding @ http://localhost:3000/_next/static/chunks/node_modules_next_dist_f3530cac._.js:2297
[ 9922242ms] [LOG] [Fast Refresh] done in 227ms @ http://localhost:3000/_next/static/chunks/node_modules_next_dist_f3530cac._.js:2297
[ 9931935ms] [LOG] [Fast Refresh] rebuilding @ http://localhost:3000/_next/static/chunks/node_modules_next_dist_f3530cac._.js:2297
[ 9932499ms] [LOG] [Fast Refresh] done in 663ms @ http://localhost:3000/_next/static/chunks/node_modules_next_dist_f3530cac._.js:2297
[ 9933351ms] [LOG] [Fast Refresh] rebuilding @ http://localhost:3000/_next/static/chunks/node_modules_next_dist_f3530cac._.js:2297
[ 9933549ms] [LOG] [Fast Refresh] done in 300ms @ http://localhost:3000/_next/static/chunks/node_modules_next_dist_f3530cac._.js:2297
[ 9934050ms] [LOG] [Fast Refresh] rebuilding @ http://localhost:3000/_next/static/chunks/node_modules_next_dist_f3530cac._.js:2297
[ 9934071ms] [LOG] [Fast Refresh] done in 122ms @ http://localhost:3000/_next/static/chunks/node_modules_next_dist_f3530cac._.js:2297
[ 9935767ms] [LOG] [Fast Refresh] rebuilding @ http://localhost:3000/_next/static/chunks/node_modules_next_dist_f3530cac._.js:2297
[ 9935768ms] [LOG] [Fast Refresh] done in 102ms @ http://localhost:3000/_next/static/chunks/node_modules_next_dist_f3530cac._.js:2297
[ 9936124ms] [LOG] [Fast Refresh] rebuilding @ http://localhost:3000/_next/static/chunks/node_modules_next_dist_f3530cac._.js:2297
[ 9936195ms] [LOG] [Fast Refresh] done in 172ms @ http://localhost:3000/_next/static/chunks/node_modules_next_dist_f3530cac._.js:2297
[ 9945162ms] [LOG] [Fast Refresh] rebuilding @ http://localhost:3000/_next/static/chunks/node_modules_next_dist_f3530cac._.js:2297
[ 9945271ms] [LOG] [Fast Refresh] done in 209ms @ http://localhost:3000/_next/static/chunks/node_modules_next_dist_f3530cac._.js:2297
[ 9952643ms] [LOG] [Fast Refresh] rebuilding @ http://localhost:3000/_next/static/chunks/node_modules_next_dist_f3530cac._.js:2297
[ 9952936ms] [LOG] [Fast Refresh] done in 396ms @ http://localhost:3000/_next/static/chunks/node_modules_next_dist_f3530cac._.js:2297
[ 9966829ms] [LOG] [Fast Refresh] rebuilding @ http://localhost:3000/_next/static/chunks/node_modules_next_dist_f3530cac._.js:2297
[ 9966938ms] [LOG] [Fast Refresh] done in 211ms @ http://localhost:3000/_next/static/chunks/node_modules_next_dist_f3530cac._.js:2297
[ 9977073ms] [LOG] [Fast Refresh] rebuilding @ http://localhost:3000/_next/static/chunks/node_modules_next_dist_f3530cac._.js:2297
[ 9977184ms] [LOG] [Fast Refresh] done in 211ms @ http://localhost:3000/_next/static/chunks/node_modules_next_dist_f3530cac._.js:2297
[ 9977204ms] [LOG] [Fast Refresh] rebuilding @ http://localhost:3000/_next/static/chunks/node_modules_next_dist_f3530cac._.js:2297
[ 9977346ms] [LOG] [Fast Refresh] done in 160ms @ http://localhost:3000/_next/static/chunks/node_modules_next_dist_f3530cac._.js:2297
[ 9977626ms] [LOG] [Fast Refresh] rebuilding @ http://localhost:3000/_next/static/chunks/node_modules_next_dist_f3530cac._.js:2297
[ 9977673ms] [LOG] [Fast Refresh] done in 151ms @ http://localhost:3000/_next/static/chunks/node_modules_next_dist_f3530cac._.js:2297
[ 9978104ms] [LOG] [Fast Refresh] rebuilding @ http://localhost:3000/_next/static/chunks/node_modules_next_dist_f3530cac._.js:2297
[ 9978138ms] [LOG] [Fast Refresh] done in 137ms @ http://localhost:3000/_next/static/chunks/node_modules_next_dist_f3530cac._.js:2297
[ 9978292ms] [LOG] [Fast Refresh] rebuilding @ http://localhost:3000/_next/static/chunks/node_modules_next_dist_f3530cac._.js:2297
[ 9978295ms] [LOG] [Fast Refresh] done in 107ms @ http://localhost:3000/_next/static/chunks/node_modules_next_dist_f3530cac._.js:2297
[ 9979241ms] [LOG] [Fast Refresh] rebuilding @ http://localhost:3000/_next/static/chunks/node_modules_next_dist_f3530cac._.js:2297
[ 9979288ms] [LOG] [Fast Refresh] done in 149ms @ http://localhost:3000/_next/static/chunks/node_modules_next_dist_f3530cac._.js:2297
[ 9979419ms] [LOG] [Fast Refresh] rebuilding @ http://localhost:3000/_next/static/chunks/node_modules_next_dist_f3530cac._.js:2297
[ 9979451ms] [LOG] [Fast Refresh] done in 133ms @ http://localhost:3000/_next/static/chunks/node_modules_next_dist_f3530cac._.js:2297
[ 9979997ms] [LOG] [Fast Refresh] rebuilding @ http://localhost:3000/_next/static/chunks/node_modules_next_dist_f3530cac._.js:2297
[ 9980007ms] [LOG] [Fast Refresh] done in 111ms @ http://localhost:3000/_next/static/chunks/node_modules_next_dist_f3530cac._.js:2297
[ 9981442ms] [LOG] [Fast Refresh] rebuilding @ http://localhost:3000/_next/static/chunks/node_modules_next_dist_f3530cac._.js:2297
[ 9981503ms] [LOG] [Fast Refresh] done in 164ms @ http://localhost:3000/_next/static/chunks/node_modules_next_dist_f3530cac._.js:2297
[ 9981953ms] [LOG] [Fast Refresh] rebuilding @ http://localhost:3000/_next/static/chunks/node_modules_next_dist_f3530cac._.js:2297
[ 9981953ms] [LOG] [Fast Refresh] done in 102ms @ http://localhost:3000/_next/static/chunks/node_modules_next_dist_f3530cac._.js:2297
[ 9982346ms] [LOG] [Fast Refresh] rebuilding @ http://localhost:3000/_next/static/chunks/node_modules_next_dist_f3530cac._.js:2297
[ 9982382ms] [LOG] [Fast Refresh] done in 141ms @ http://localhost:3000/_next/static/chunks/node_modules_next_dist_f3530cac._.js:2297
[ 9982922ms] [LOG] [Fast Refresh] rebuilding @ http://localhost:3000/_next/static/chunks/node_modules_next_dist_f3530cac._.js:2297
[ 9982931ms] [LOG] [Fast Refresh] done in 114ms @ http://localhost:3000/_next/static/chunks/node_modules_next_dist_f3530cac._.js:2297
[ 9983061ms] [LOG] [Fast Refresh] rebuilding @ http://localhost:3000/_next/static/chunks/node_modules_next_dist_f3530cac._.js:2297
[ 9983102ms] [LOG] [Fast Refresh] done in 145ms @ http://localhost:3000/_next/static/chunks/node_modules_next_dist_f3530cac._.js:2297
[ 9984443ms] [LOG] [Fast Refresh] rebuilding @ http://localhost:3000/_next/static/chunks/node_modules_next_dist_f3530cac._.js:2297
[ 9984465ms] [LOG] [Fast Refresh] done in 124ms @ http://localhost:3000/_next/static/chunks/node_modules_next_dist_f3530cac._.js:2297
[ 9985134ms] [LOG] [Fast Refresh] rebuilding @ http://localhost:3000/_next/static/chunks/node_modules_next_dist_f3530cac._.js:2297
[ 9985225ms] [LOG] [Fast Refresh] done in 193ms @ http://localhost:3000/_next/static/chunks/node_modules_next_dist_f3530cac._.js:2297
[ 9985922ms] [LOG] [Fast Refresh] rebuilding @ http://localhost:3000/_next/static/chunks/node_modules_next_dist_f3530cac._.js:2297
[ 9985939ms] [LOG] [Fast Refresh] done in 121ms @ http://localhost:3000/_next/static/chunks/node_modules_next_dist_f3530cac._.js:2297
[ 9986681ms] [LOG] [Fast Refresh] rebuilding @ http://localhost:3000/_next/static/chunks/node_modules_next_dist_f3530cac._.js:2297
[ 9986721ms] [LOG] [Fast Refresh] done in 140ms @ http://localhost:3000/_next/static/chunks/node_modules_next_dist_f3530cac._.js:2297
[ 9987376ms] [LOG] [Fast Refresh] rebuilding @ http://localhost:3000/_next/static/chunks/node_modules_next_dist_f3530cac._.js:2297
[ 9987403ms] [LOG] [Fast Refresh] done in 126ms @ http://localhost:3000/_next/static/chunks/node_modules_next_dist_f3530cac._.js:2297
[ 9988082ms] [LOG] [Fast Refresh] rebuilding @ http://localhost:3000/_next/static/chunks/node_modules_next_dist_f3530cac._.js:2297
[ 9988123ms] [LOG] [Fast Refresh] done in 141ms @ http://localhost:3000/_next/static/chunks/node_modules_next_dist_f3530cac._.js:2297
[ 9988813ms] [LOG] [Fast Refresh] rebuilding @ http://localhost:3000/_next/static/chunks/node_modules_next_dist_f3530cac._.js:2297
[ 9988816ms] [LOG] [Fast Refresh] done in 104ms @ http://localhost:3000/_next/static/chunks/node_modules_next_dist_f3530cac._.js:2297
[ 9990995ms] [LOG] [Fast Refresh] rebuilding @ http://localhost:3000/_next/static/chunks/node_modules_next_dist_f3530cac._.js:2297
[ 9991017ms] [LOG] [Fast Refresh] done in 124ms @ http://localhost:3000/_next/static/chunks/node_modules_next_dist_f3530cac._.js:2297
[ 9991977ms] [LOG] [Fast Refresh] rebuilding @ http://localhost:3000/_next/static/chunks/node_modules_next_dist_f3530cac._.js:2297
[ 9992051ms] [LOG] [Fast Refresh] done in 174ms @ http://localhost:3000/_next/static/chunks/node_modules_next_dist_f3530cac._.js:2297
[ 9992948ms] [LOG] [Fast Refresh] rebuilding @ http://localhost:3000/_next/static/chunks/node_modules_next_dist_f3530cac._.js:2297
[ 9993010ms] [LOG] [Fast Refresh] done in 166ms @ http://localhost:3000/_next/static/chunks/node_modules_next_dist_f3530cac._.js:2297
[ 9993694ms] [LOG] [Fast Refresh] rebuilding @ http://localhost:3000/_next/static/chunks/node_modules_next_dist_f3530cac._.js:2297
[ 9993696ms] [LOG] [Fast Refresh] done in 104ms @ http://localhost:3000/_next/static/chunks/node_modules_next_dist_f3530cac._.js:2297
[ 9994465ms] [LOG] [Fast Refresh] rebuilding @ http://localhost:3000/_next/static/chunks/node_modules_next_dist_f3530cac._.js:2297
[ 9994488ms] [LOG] [Fast Refresh] done in 125ms @ http://localhost:3000/_next/static/chunks/node_modules_next_dist_f3530cac._.js:2297
[ 9995152ms] [LOG] [Fast Refresh] rebuilding @ http://localhost:3000/_next/static/chunks/node_modules_next_dist_f3530cac._.js:2297
[ 9995198ms] [LOG] [Fast Refresh] done in 148ms @ http://localhost:3000/_next/static/chunks/node_modules_next_dist_f3530cac._.js:2297
[ 9995914ms] [LOG] [Fast Refresh] rebuilding @ http://localhost:3000/_next/static/chunks/node_modules_next_dist_f3530cac._.js:2297
[ 9995954ms] [LOG] [Fast Refresh] done in 140ms @ http://localhost:3000/_next/static/chunks/node_modules_next_dist_f3530cac._.js:2297
[ 9997498ms] [LOG] [Fast Refresh] rebuilding @ http://localhost:3000/_next/static/chunks/node_modules_next_dist_f3530cac._.js:2297
[ 9997537ms] [LOG] [Fast Refresh] done in 142ms @ http://localhost:3000/_next/static/chunks/node_modules_next_dist_f3530cac._.js:2297
[ 9998559ms] [LOG] [Fast Refresh] rebuilding @ http://localhost:3000/_next/static/chunks/node_modules_next_dist_f3530cac._.js:2297
[ 9999122ms] [LOG] [Fast Refresh] done in 666ms @ http://localhost:3000/_next/static/chunks/node_modules_next_dist_f3530cac._.js:2297
[ 9999752ms] [LOG] [Fast Refresh] rebuilding @ http://localhost:3000/_next/static/chunks/node_modules_next_dist_f3530cac._.js:2297
[ 9999764ms] [LOG] [Fast Refresh] done in 117ms @ http://localhost:3000/_next/static/chunks/node_modules_next_dist_f3530cac._.js:2297
[ 9999916ms] [LOG] [Fast Refresh] rebuilding @ http://localhost:3000/_next/static/chunks/node_modules_next_dist_f3530cac._.js:2297
[ 9999925ms] [LOG] [Fast Refresh] done in 112ms @ http://localhost:3000/_next/static/chunks/node_modules_next_dist_f3530cac._.js:2297
[10000256ms] [LOG] [Fast Refresh] rebuilding @ http://localhost:3000/_next/static/chunks/node_modules_next_dist_f3530cac._.js:2297
[10000260ms] [LOG] [Fast Refresh] done in 106ms @ http://localhost:3000/_next/static/chunks/node_modules_next_dist_f3530cac._.js:2297
[10000482ms] [LOG] [Fast Refresh] rebuilding @ http://localhost:3000/_next/static/chunks/node_modules_next_dist_f3530cac._.js:2297
[10001000ms] [LOG] [Fast Refresh] done in 619ms @ http://localhost:3000/_next/static/chunks/node_modules_next_dist_f3530cac._.js:2297
[10001103ms] [LOG] [Fast Refresh] rebuilding @ http://localhost:3000/_next/static/chunks/node_modules_next_dist_f3530cac._.js:2297
[10001166ms] [ERROR] Failed to load resource: the server responded with a status of 404 (Not Found) @ http://localhost:3000/admin/users/effinity-cSSh0OU_-SEiIVwb?_rsc=xz9ml:0
[10001184ms] [LOG] [Fast Refresh] done in 181ms @ http://localhost:3000/_next/static/chunks/node_modules_next_dist_f3530cac._.js:2297
[10001449ms] [LOG] [Fast Refresh] rebuilding @ http://localhost:3000/_next/static/chunks/node_modules_next_dist_f3530cac._.js:2297
[10001494ms] [LOG] [Fast Refresh] done in 150ms @ http://localhost:3000/_next/static/chunks/node_modules_next_dist_f3530cac._.js:2297
[10002557ms] [INFO] %cDownload the React DevTools for a better development experience: https://react.dev/link/react-devtools font-weight:bold @ http://localhost:3000/_next/static/chunks/node_modules_next_dist_f3530cac._.js:2297
[10002599ms] [LOG] [HMR] connected @ http://localhost:3000/_next/static/chunks/node_modules_next_dist_f3530cac._.js:2297
[10002896ms] [LOG] [Fast Refresh] rebuilding @ http://localhost:3000/_next/static/chunks/node_modules_next_dist_f3530cac._.js:2297
[10002924ms] [LOG] [Fast Refresh] done in 129ms @ http://localhost:3000/_next/static/chunks/node_modules_next_dist_f3530cac._.js:2297
[10003405ms] [LOG] [Fast Refresh] rebuilding @ http://localhost:3000/_next/static/chunks/node_modules_next_dist_f3530cac._.js:2297
[10003427ms] [LOG] [Fast Refresh] done in 124ms @ http://localhost:3000/_next/static/chunks/node_modules_next_dist_f3530cac._.js:2297
[10003583ms] [LOG] [Fast Refresh] rebuilding @ http://localhost:3000/_next/static/chunks/node_modules_next_dist_f3530cac._.js:2297
[10003587ms] [LOG] [Fast Refresh] done in 110ms @ http://localhost:3000/_next/static/chunks/node_modules_next_dist_f3530cac._.js:2297
[10003940ms] [LOG] [Fast Refresh] rebuilding @ http://localhost:3000/_next/static/chunks/node_modules_next_dist_f3530cac._.js:2297
[10003970ms] [LOG] [Fast Refresh] done in 131ms @ http://localhost:3000/_next/static/chunks/node_modules_next_dist_f3530cac._.js:2297
[10006721ms] [LOG] [Fast Refresh] rebuilding @ http://localhost:3000/_next/static/chunks/node_modules_next_dist_f3530cac._.js:2297
[10006736ms] [LOG] [Fast Refresh] done in 117ms @ http://localhost:3000/_next/static/chunks/node_modules_next_dist_f3530cac._.js:2297
[10010485ms] [LOG] [Fast Refresh] rebuilding @ http://localhost:3000/_next/static/chunks/node_modules_next_dist_f3530cac._.js:2297
[10010495ms] [LOG] [Fast Refresh] done in 110ms @ http://localhost:3000/_next/static/chunks/node_modules_next_dist_f3530cac._.js:2297
[10014752ms] [LOG] [Fast Refresh] rebuilding @ http://localhost:3000/_next/static/chunks/node_modules_next_dist_f3530cac._.js:2297
[10014878ms] [LOG] [Fast Refresh] done in 229ms @ http://localhost:3000/_next/static/chunks/node_modules_next_dist_f3530cac._.js:2297
[10022882ms] [LOG] [Fast Refresh] rebuilding @ http://localhost:3000/_next/static/chunks/node_modules_next_dist_f3530cac._.js:2297
[10022990ms] [LOG] [Fast Refresh] done in 210ms @ http://localhost:3000/_next/static/chunks/node_modules_next_dist_f3530cac._.js:2297
[10023144ms] [LOG] [Fast Refresh] rebuilding @ http://localhost:3000/_next/static/chunks/node_modules_next_dist_f3530cac._.js:2297
[10023268ms] [LOG] [Fast Refresh] done in 228ms @ http://localhost:3000/_next/static/chunks/node_modules_next_dist_f3530cac._.js:2297
[10029679ms] [LOG] [Fast Refresh] rebuilding @ http://localhost:3000/_next/static/chunks/node_modules_next_dist_f3530cac._.js:2297
[10029834ms] [LOG] [Fast Refresh] done in 258ms @ http://localhost:3000/_next/static/chunks/node_modules_next_dist_f3530cac._.js:2297
[10038188ms] [LOG] [Fast Refresh] rebuilding @ http://localhost:3000/_next/static/chunks/node_modules_next_dist_f3530cac._.js:2297
[10038314ms] [LOG] [Fast Refresh] done in 229ms @ http://localhost:3000/_next/static/chunks/node_modules_next_dist_f3530cac._.js:2297
[10051033ms] [LOG] [Fast Refresh] rebuilding @ http://localhost:3000/_next/static/chunks/node_modules_next_dist_f3530cac._.js:2297
[10051188ms] [LOG] [Fast Refresh] done in 257ms @ http://localhost:3000/_next/static/chunks/node_modules_next_dist_f3530cac._.js:2297
[10057896ms] [LOG] [Fast Refresh] rebuilding @ http://localhost:3000/_next/static/chunks/node_modules_next_dist_f3530cac._.js:2297
[10058018ms] [LOG] [Fast Refresh] done in 225ms @ http://localhost:3000/_next/static/chunks/node_modules_next_dist_f3530cac._.js:2297
[10065526ms] [LOG] [Fast Refresh] rebuilding @ http://localhost:3000/_next/static/chunks/node_modules_next_dist_f3530cac._.js:2297
[10065636ms] [LOG] [Fast Refresh] done in 214ms @ http://localhost:3000/_next/static/chunks/node_modules_next_dist_f3530cac._.js:2297
[10075344ms] [LOG] [Fast Refresh] rebuilding @ http://localhost:3000/_next/static/chunks/node_modules_next_dist_f3530cac._.js:2297
[10076995ms] [LOG] [Fast Refresh] done in 1706ms @ http://localhost:3000/_next/static/chunks/node_modules_next_dist_f3530cac._.js:2297
[10077120ms] [LOG] [Fast Refresh] rebuilding @ http://localhost:3000/_next/static/chunks/node_modules_next_dist_f3530cac._.js:2297
[10077171ms] [LOG] [Fast Refresh] done in 155ms @ http://localhost:3000/_next/static/chunks/node_modules_next_dist_f3530cac._.js:2297
[10077272ms] [LOG] [Fast Refresh] rebuilding @ http://localhost:3000/_next/static/chunks/node_modules_next_dist_f3530cac._.js:2297
[10077625ms] [LOG] [Fast Refresh] done in 453ms @ http://localhost:3000/_next/static/chunks/node_modules_next_dist_f3530cac._.js:2297
[10078187ms] [LOG] [Fast Refresh] rebuilding @ http://localhost:3000/_next/static/chunks/node_modules_next_dist_f3530cac._.js:2297
[10078208ms] [LOG] [Fast Refresh] done in 121ms @ http://localhost:3000/_next/static/chunks/node_modules_next_dist_f3530cac._.js:2297
[10078406ms] [LOG] [Fast Refresh] rebuilding @ http://localhost:3000/_next/static/chunks/node_modules_next_dist_f3530cac._.js:2297
[10078435ms] [LOG] [Fast Refresh] done in 130ms @ http://localhost:3000/_next/static/chunks/node_modules_next_dist_f3530cac._.js:2297
[10079151ms] [LOG] [Fast Refresh] rebuilding @ http://localhost:3000/_next/static/chunks/node_modules_next_dist_f3530cac._.js:2297
[10079215ms] [LOG] [Fast Refresh] done in 164ms @ http://localhost:3000/_next/static/chunks/node_modules_next_dist_f3530cac._.js:2297
[10079320ms] [LOG] [Fast Refresh] rebuilding @ http://localhost:3000/_next/static/chunks/node_modules_next_dist_f3530cac._.js:2297
[10079346ms] [LOG] [Fast Refresh] done in 130ms @ http://localhost:3000/_next/static/chunks/node_modules_next_dist_f3530cac._.js:2297
[10080004ms] [LOG] [Fast Refresh] rebuilding @ http://localhost:3000/_next/static/chunks/node_modules_next_dist_f3530cac._.js:2297
[10080019ms] [LOG] [Fast Refresh] done in 116ms @ http://localhost:3000/_next/static/chunks/node_modules_next_dist_f3530cac._.js:2297
[10080484ms] [LOG] [Fast Refresh] rebuilding @ http://localhost:3000/_next/static/chunks/node_modules_next_dist_f3530cac._.js:2297
[10080565ms] [LOG] [Fast Refresh] done in 182ms @ http://localhost:3000/_next/static/chunks/node_modules_next_dist_f3530cac._.js:2297
[10081205ms] [LOG] [Fast Refresh] rebuilding @ http://localhost:3000/_next/static/chunks/node_modules_next_dist_f3530cac._.js:2297
[10081242ms] [LOG] [Fast Refresh] done in 139ms @ http://localhost:3000/_next/static/chunks/node_modules_next_dist_f3530cac._.js:2297
[10082108ms] [LOG] [Fast Refresh] rebuilding @ http://localhost:3000/_next/static/chunks/node_modules_next_dist_f3530cac._.js:2297
[10082155ms] [LOG] [Fast Refresh] done in 148ms @ http://localhost:3000/_next/static/chunks/node_modules_next_dist_f3530cac._.js:2297
[10082744ms] [LOG] [Fast Refresh] rebuilding @ http://localhost:3000/_next/static/chunks/node_modules_next_dist_f3530cac._.js:2297
[10082761ms] [LOG] [Fast Refresh] done in 118ms @ http://localhost:3000/_next/static/chunks/node_modules_next_dist_f3530cac._.js:2297
[10082863ms] [LOG] [Fast Refresh] rebuilding @ http://localhost:3000/_next/static/chunks/node_modules_next_dist_f3530cac._.js:2297
[10082905ms] [LOG] [Fast Refresh] done in 142ms @ http://localhost:3000/_next/static/chunks/node_modules_next_dist_f3530cac._.js:2297
[10083611ms] [LOG] [Fast Refresh] rebuilding @ http://localhost:3000/_next/static/chunks/node_modules_next_dist_f3530cac._.js:2297
[10083634ms] [LOG] [Fast Refresh] done in 123ms @ http://localhost:3000/_next/static/chunks/node_modules_next_dist_f3530cac._.js:2297
[10084302ms] [LOG] [Fast Refresh] rebuilding @ http://localhost:3000/_next/static/chunks/node_modules_next_dist_f3530cac._.js:2297
[10084409ms] [LOG] [Fast Refresh] done in 211ms @ http://localhost:3000/_next/static/chunks/node_modules_next_dist_f3530cac._.js:2297
[10084710ms] [LOG] [Fast Refresh] rebuilding @ http://localhost:3000/_next/static/chunks/node_modules_next_dist_f3530cac._.js:2297
[10084748ms] [LOG] [Fast Refresh] done in 138ms @ http://localhost:3000/_next/static/chunks/node_modules_next_dist_f3530cac._.js:2297
[10085184ms] [LOG] [Fast Refresh] rebuilding @ http://localhost:3000/_next/static/chunks/node_modules_next_dist_f3530cac._.js:2297
[10085250ms] [LOG] [Fast Refresh] done in 219ms @ http://localhost:3000/_next/static/chunks/node_modules_next_dist_f3530cac._.js:2297
[10085431ms] [LOG] [Fast Refresh] rebuilding @ http://localhost:3000/_next/static/chunks/node_modules_next_dist_f3530cac._.js:2297
[10085470ms] [LOG] [Fast Refresh] done in 140ms @ http://localhost:3000/_next/static/chunks/node_modules_next_dist_f3530cac._.js:2297
[10085933ms] [LOG] [Fast Refresh] rebuilding @ http://localhost:3000/_next/static/chunks/node_modules_next_dist_f3530cac._.js:2297
[10085941ms] [LOG] [Fast Refresh] done in 110ms @ http://localhost:3000/_next/static/chunks/node_modules_next_dist_f3530cac._.js:2297
[10086422ms] [LOG] [Fast Refresh] rebuilding @ http://localhost:3000/_next/static/chunks/node_modules_next_dist_f3530cac._.js:2297
[10086591ms] [LOG] [Fast Refresh] done in 273ms @ http://localhost:3000/_next/static/chunks/node_modules_next_dist_f3530cac._.js:2297
[10086886ms] [LOG] [Fast Refresh] rebuilding @ http://localhost:3000/_next/static/chunks/node_modules_next_dist_f3530cac._.js:2297
[10086921ms] [LOG] [Fast Refresh] done in 139ms @ http://localhost:3000/_next/static/chunks/node_modules_next_dist_f3530cac._.js:2297
[10087086ms] [LOG] [Fast Refresh] rebuilding @ http://localhost:3000/_next/static/chunks/node_modules_next_dist_f3530cac._.js:2297
[10087165ms] [LOG] [Fast Refresh] done in 186ms @ http://localhost:3000/_next/static/chunks/node_modules_next_dist_f3530cac._.js:2297
[10087647ms] [LOG] [Fast Refresh] rebuilding @ http://localhost:3000/_next/static/chunks/node_modules_next_dist_f3530cac._.js:2297
[10087687ms] [LOG] [Fast Refresh] done in 140ms @ http://localhost:3000/_next/static/chunks/node_modules_next_dist_f3530cac._.js:2297
[10087917ms] [LOG] [Fast Refresh] rebuilding @ http://localhost:3000/_next/static/chunks/node_modules_next_dist_f3530cac._.js:2297
[10087921ms] [LOG] [Fast Refresh] done in 106ms @ http://localhost:3000/_next/static/chunks/node_modules_next_dist_f3530cac._.js:2297
[10088326ms] [LOG] [Fast Refresh] rebuilding @ http://localhost:3000/_next/static/chunks/node_modules_next_dist_f3530cac._.js:2297
[10088365ms] [LOG] [Fast Refresh] done in 143ms @ http://localhost:3000/_next/static/chunks/node_modules_next_dist_f3530cac._.js:2297
[10088727ms] [LOG] [Fast Refresh] rebuilding @ http://localhost:3000/_next/static/chunks/node_modules_next_dist_f3530cac._.js:2297
[10088777ms] [LOG] [Fast Refresh] done in 153ms @ http://localhost:3000/_next/static/chunks/node_modules_next_dist_f3530cac._.js:2297
[10089363ms] [LOG] [Fast Refresh] rebuilding @ http://localhost:3000/_next/static/chunks/node_modules_next_dist_f3530cac._.js:2297
[10089390ms] [LOG] [Fast Refresh] done in 129ms @ http://localhost:3000/_next/static/chunks/node_modules_next_dist_f3530cac._.js:2297
[10089709ms] [LOG] [Fast Refresh] rebuilding @ http://localhost:3000/_next/static/chunks/node_modules_next_dist_f3530cac._.js:2297
[10089718ms] [LOG] [Fast Refresh] done in 111ms @ http://localhost:3000/_next/static/chunks/node_modules_next_dist_f3530cac._.js:2297
[10090132ms] [LOG] [Fast Refresh] rebuilding @ http://localhost:3000/_next/static/chunks/node_modules_next_dist_f3530cac._.js:2297
[10090144ms] [LOG] [Fast Refresh] done in 117ms @ http://localhost:3000/_next/static/chunks/node_modules_next_dist_f3530cac._.js:2297
[10091017ms] [LOG] [Fast Refresh] rebuilding @ http://localhost:3000/_next/static/chunks/node_modules_next_dist_f3530cac._.js:2297
[10091025ms] [LOG] [Fast Refresh] done in 109ms @ http://localhost:3000/_next/static/chunks/node_modules_next_dist_f3530cac._.js:2297
[10091781ms] [LOG] [Fast Refresh] rebuilding @ http://localhost:3000/_next/static/chunks/node_modules_next_dist_f3530cac._.js:2297
[10091803ms] [LOG] [Fast Refresh] done in 127ms @ http://localhost:3000/_next/static/chunks/node_modules_next_dist_f3530cac._.js:2297
[10092405ms] [LOG] [Fast Refresh] rebuilding @ http://localhost:3000/_next/static/chunks/node_modules_next_dist_f3530cac._.js:2297
[10092459ms] [LOG] [Fast Refresh] done in 155ms @ http://localhost:3000/_next/static/chunks/node_modules_next_dist_f3530cac._.js:2297
[10093163ms] [LOG] [Fast Refresh] rebuilding @ http://localhost:3000/_next/static/chunks/node_modules_next_dist_f3530cac._.js:2297
[10093209ms] [LOG] [Fast Refresh] done in 149ms @ http://localhost:3000/_next/static/chunks/node_modules_next_dist_f3530cac._.js:2297
[10093908ms] [LOG] [Fast Refresh] rebuilding @ http://localhost:3000/_next/static/chunks/node_modules_next_dist_f3530cac._.js:2297
[10093936ms] [LOG] [Fast Refresh] done in 132ms @ http://localhost:3000/_next/static/chunks/node_modules_next_dist_f3530cac._.js:2297
[10094793ms] [LOG] [Fast Refresh] rebuilding @ http://localhost:3000/_next/static/chunks/node_modules_next_dist_f3530cac._.js:2297
[10094804ms] [LOG] [Fast Refresh] done in 113ms @ http://localhost:3000/_next/static/chunks/node_modules_next_dist_f3530cac._.js:2297
[10095472ms] [LOG] [Fast Refresh] rebuilding @ http://localhost:3000/_next/static/chunks/node_modules_next_dist_f3530cac._.js:2297
[10095547ms] [LOG] [Fast Refresh] done in 179ms @ http://localhost:3000/_next/static/chunks/node_modules_next_dist_f3530cac._.js:2297
[10096199ms] [LOG] [Fast Refresh] rebuilding @ http://localhost:3000/_next/static/chunks/node_modules_next_dist_f3530cac._.js:2297
[10096239ms] [LOG] [Fast Refresh] done in 140ms @ http://localhost:3000/_next/static/chunks/node_modules_next_dist_f3530cac._.js:2297
[10097048ms] [LOG] [Fast Refresh] rebuilding @ http://localhost:3000/_next/static/chunks/node_modules_next_dist_f3530cac._.js:2297
[10097074ms] [LOG] [Fast Refresh] done in 131ms @ http://localhost:3000/_next/static/chunks/node_modules_next_dist_f3530cac._.js:2297
[10097629ms] [LOG] [Fast Refresh] rebuilding @ http://localhost:3000/_next/static/chunks/node_modules_next_dist_f3530cac._.js:2297
[10097668ms] [LOG] [Fast Refresh] done in 139ms @ http://localhost:3000/_next/static/chunks/node_modules_next_dist_f3530cac._.js:2297
[10099017ms] [LOG] [Fast Refresh] rebuilding @ http://localhost:3000/_next/static/chunks/node_modules_next_dist_f3530cac._.js:2297
[10099084ms] [LOG] [Fast Refresh] done in 168ms @ http://localhost:3000/_next/static/chunks/node_modules_next_dist_f3530cac._.js:2297
[10099217ms] [LOG] [Fast Refresh] rebuilding @ http://localhost:3000/_next/static/chunks/node_modules_next_dist_f3530cac._.js:2297
[10099225ms] [LOG] [Fast Refresh] done in 111ms @ http://localhost:3000/_next/static/chunks/node_modules_next_dist_f3530cac._.js:2297
[10099756ms] [LOG] [Fast Refresh] rebuilding @ http://localhost:3000/_next/static/chunks/node_modules_next_dist_f3530cac._.js:2297
[10099810ms] [LOG] [Fast Refresh] done in 154ms @ http://localhost:3000/_next/static/chunks/node_modules_next_dist_f3530cac._.js:2297
[10099951ms] [LOG] [Fast Refresh] rebuilding @ http://localhost:3000/_next/static/chunks/node_modules_next_dist_f3530cac._.js:2297
[10099955ms] [LOG] [Fast Refresh] done in 108ms @ http://localhost:3000/_next/static/chunks/node_modules_next_dist_f3530cac._.js:2297
[10100484ms] [LOG] [Fast Refresh] rebuilding @ http://localhost:3000/_next/static/chunks/node_modules_next_dist_f3530cac._.js:2297
[10100490ms] [LOG] [Fast Refresh] done in 107ms @ http://localhost:3000/_next/static/chunks/node_modules_next_dist_f3530cac._.js:2297
[10100836ms] [LOG] [Fast Refresh] rebuilding @ http://localhost:3000/_next/static/chunks/node_modules_next_dist_f3530cac._.js:2297
[10101650ms] [LOG] [Fast Refresh] done in 914ms @ http://localhost:3000/_next/static/chunks/node_modules_next_dist_f3530cac._.js:2297
[10101884ms] [LOG] [Fast Refresh] rebuilding @ http://localhost:3000/_next/static/chunks/node_modules_next_dist_f3530cac._.js:2297
[10101902ms] [LOG] [Fast Refresh] done in 119ms @ http://localhost:3000/_next/static/chunks/node_modules_next_dist_f3530cac._.js:2297
[10102181ms] [LOG] [Fast Refresh] rebuilding @ http://localhost:3000/_next/static/chunks/node_modules_next_dist_f3530cac._.js:2297
[10102372ms] [LOG] [Fast Refresh] done in 292ms @ http://localhost:3000/_next/static/chunks/node_modules_next_dist_f3530cac._.js:2297
[10102473ms] [LOG] [Fast Refresh] rebuilding @ http://localhost:3000/_next/static/chunks/node_modules_next_dist_f3530cac._.js:2297
[10102563ms] [LOG] [Fast Refresh] done in 190ms @ http://localhost:3000/_next/static/chunks/node_modules_next_dist_f3530cac._.js:2297
[10102726ms] [LOG] [Fast Refresh] rebuilding @ http://localhost:3000/_next/static/chunks/node_modules_next_dist_f3530cac._.js:2297
[10102734ms] [LOG] [Fast Refresh] done in 109ms @ http://localhost:3000/_next/static/chunks/node_modules_next_dist_f3530cac._.js:2297
[10103284ms] [LOG] [Fast Refresh] rebuilding @ http://localhost:3000/_next/static/chunks/node_modules_next_dist_f3530cac._.js:2297
[10103327ms] [LOG] [Fast Refresh] done in 145ms @ http://localhost:3000/_next/static/chunks/node_modules_next_dist_f3530cac._.js:2297
[10103870ms] [LOG] [Fast Refresh] rebuilding @ http://localhost:3000/_next/static/chunks/node_modules_next_dist_f3530cac._.js:2297
[10103940ms] [LOG] [Fast Refresh] done in 172ms @ http://localhost:3000/_next/static/chunks/node_modules_next_dist_f3530cac._.js:2297
[10106520ms] [LOG] [Fast Refresh] rebuilding @ http://localhost:3000/_next/static/chunks/node_modules_next_dist_f3530cac._.js:2297
[10106527ms] [LOG] [Fast Refresh] done in 112ms @ http://localhost:3000/_next/static/chunks/node_modules_next_dist_f3530cac._.js:2297
[10113071ms] [LOG] [Fast Refresh] rebuilding @ http://localhost:3000/_next/static/chunks/node_modules_next_dist_f3530cac._.js:2297
[10113446ms] [LOG] [Fast Refresh] done in 474ms @ http://localhost:3000/_next/static/chunks/node_modules_next_dist_f3530cac._.js:2297
[10113769ms] [LOG] [Fast Refresh] rebuilding @ http://localhost:3000/_next/static/chunks/node_modules_next_dist_f3530cac._.js:2297
[10113822ms] [LOG] [Fast Refresh] done in 159ms @ http://localhost:3000/_next/static/chunks/node_modules_next_dist_f3530cac._.js:2297
[10114175ms] [LOG] [Fast Refresh] rebuilding @ http://localhost:3000/_next/static/chunks/node_modules_next_dist_f3530cac._.js:2297
[10114197ms] [LOG] [Fast Refresh] done in 128ms @ http://localhost:3000/_next/static/chunks/node_modules_next_dist_f3530cac._.js:2297
[10114599ms] [LOG] [Fast Refresh] rebuilding @ http://localhost:3000/_next/static/chunks/node_modules_next_dist_f3530cac._.js:2297
[10114604ms] [LOG] [Fast Refresh] done in 106ms @ http://localhost:3000/_next/static/chunks/node_modules_next_dist_f3530cac._.js:2297
[10114768ms] [LOG] [Fast Refresh] rebuilding @ http://localhost:3000/_next/static/chunks/node_modules_next_dist_f3530cac._.js:2297
[10114775ms] [LOG] [Fast Refresh] done in 108ms @ http://localhost:3000/_next/static/chunks/node_modules_next_dist_f3530cac._.js:2297
[10115125ms] [LOG] [Fast Refresh] rebuilding @ http://localhost:3000/_next/static/chunks/node_modules_next_dist_f3530cac._.js:2297
[10115136ms] [LOG] [Fast Refresh] done in 114ms @ http://localhost:3000/_next/static/chunks/node_modules_next_dist_f3530cac._.js:2297
[10117180ms] [LOG] [Fast Refresh] rebuilding @ http://localhost:3000/_next/static/chunks/node_modules_next_dist_f3530cac._.js:2297
[10117185ms] [LOG] [Fast Refresh] done in 109ms @ http://localhost:3000/_next/static/chunks/node_modules_next_dist_f3530cac._.js:2297
[10123027ms] [LOG] [Fast Refresh] rebuilding @ http://localhost:3000/_next/static/chunks/node_modules_next_dist_f3530cac._.js:2297
[10123305ms] [LOG] [Fast Refresh] done in 240ms @ http://localhost:3000/_next/static/chunks/node_modules_next_dist_f3530cac._.js:2297
[10123411ms] [LOG] [Fast Refresh] rebuilding @ http://localhost:3000/_next/static/chunks/node_modules_next_dist_f3530cac._.js:2297
[10123421ms] [LOG] [Fast Refresh] done in 115ms @ http://localhost:3000/_next/static/chunks/node_modules_next_dist_f3530cac._.js:2297
[10132131ms] [LOG] [Fast Refresh] rebuilding @ http://localhost:3000/_next/static/chunks/node_modules_next_dist_f3530cac._.js:2297
[10132286ms] [LOG] [Fast Refresh] done in 258ms @ http://localhost:3000/_next/static/chunks/node_modules_next_dist_f3530cac._.js:2297
[10139598ms] [LOG] [Fast Refresh] rebuilding @ http://localhost:3000/_next/static/chunks/node_modules_next_dist_f3530cac._.js:2297
[10139724ms] [LOG] [Fast Refresh] done in 227ms @ http://localhost:3000/_next/static/chunks/node_modules_next_dist_f3530cac._.js:2297
[10145700ms] [LOG] [Fast Refresh] rebuilding @ http://localhost:3000/_next/static/chunks/node_modules_next_dist_f3530cac._.js:2297
[10145824ms] [LOG] [Fast Refresh] done in 228ms @ http://localhost:3000/_next/static/chunks/node_modules_next_dist_f3530cac._.js:2297
[10414193ms] [LOG] [Fast Refresh] rebuilding @ http://localhost:3000/_next/static/chunks/node_modules_next_dist_f3530cac._.js:2297
[10414335ms] [LOG] [Fast Refresh] done in 243ms @ http://localhost:3000/_next/static/chunks/node_modules_next_dist_f3530cac._.js:2297
[10421496ms] [LOG] [Fast Refresh] rebuilding @ http://localhost:3000/_next/static/chunks/node_modules_next_dist_f3530cac._.js:2297
[10421605ms] [LOG] [Fast Refresh] done in 212ms @ http://localhost:3000/_next/static/chunks/node_modules_next_dist_f3530cac._.js:2297
[10436302ms] [LOG] [Fast Refresh] rebuilding @ http://localhost:3000/_next/static/chunks/node_modules_next_dist_f3530cac._.js:2297
[10436491ms] [LOG] [Fast Refresh] done in 289ms @ http://localhost:3000/_next/static/chunks/node_modules_next_dist_f3530cac._.js:2297
[10436611ms] [LOG] [Fast Refresh] rebuilding @ http://localhost:3000/_next/static/chunks/node_modules_next_dist_f3530cac._.js:2297
[10436767ms] [LOG] [Fast Refresh] done in 258ms @ http://localhost:3000/_next/static/chunks/node_modules_next_dist_f3530cac._.js:2297
[10441887ms] [LOG] [Fast Refresh] rebuilding @ http://localhost:3000/_next/static/chunks/node_modules_next_dist_f3530cac._.js:2297
[10442042ms] [LOG] [Fast Refresh] done in 257ms @ http://localhost:3000/_next/static/chunks/node_modules_next_dist_f3530cac._.js:2297
[10448095ms] [LOG] [Fast Refresh] rebuilding @ http://localhost:3000/_next/static/chunks/node_modules_next_dist_f3530cac._.js:2297
[10448189ms] [LOG] [Fast Refresh] done in 197ms @ http://localhost:3000/_next/static/chunks/node_modules_next_dist_f3530cac._.js:2297
[10450629ms] [LOG] [Fast Refresh] rebuilding @ http://localhost:3000/_next/static/chunks/node_modules_next_dist_f3530cac._.js:2297
[10450893ms] [LOG] [Fast Refresh] done in 368ms @ http://localhost:3000/_next/static/chunks/node_modules_next_dist_f3530cac._.js:2297
[10451030ms] [LOG] [Fast Refresh] rebuilding @ http://localhost:3000/_next/static/chunks/node_modules_next_dist_f3530cac._.js:2297
[10451202ms] [LOG] [Fast Refresh] done in 275ms @ http://localhost:3000/_next/static/chunks/node_modules_next_dist_f3530cac._.js:2297
[10542342ms] [LOG] [Fast Refresh] rebuilding @ http://localhost:3000/_next/static/chunks/node_modules_next_dist_f3530cac._.js:2297
[10542365ms] [LOG] [Fast Refresh] done in 128ms @ http://localhost:3000/_next/static/chunks/node_modules_next_dist_f3530cac._.js:2297
[10542488ms] [LOG] [Fast Refresh] rebuilding @ http://localhost:3000/_next/static/chunks/node_modules_next_dist_f3530cac._.js:2297
[10542813ms] [LOG] [Fast Refresh] done in 426ms @ http://localhost:3000/_next/static/chunks/node_modules_next_dist_f3530cac._.js:2297
[10552263ms] [LOG] [Fast Refresh] rebuilding @ http://localhost:3000/_next/static/chunks/node_modules_next_dist_f3530cac._.js:2297
[10552435ms] [LOG] [Fast Refresh] done in 273ms @ http://localhost:3000/_next/static/chunks/node_modules_next_dist_f3530cac._.js:2297
[10552888ms] [LOG] [Fast Refresh] rebuilding @ http://localhost:3000/_next/static/chunks/node_modules_next_dist_f3530cac._.js:2297
[10553064ms] [LOG] [Fast Refresh] done in 279ms @ http://localhost:3000/_next/static/chunks/node_modules_next_dist_f3530cac._.js:2297
[10563918ms] [LOG] [Fast Refresh] rebuilding @ http://localhost:3000/_next/static/chunks/node_modules_next_dist_f3530cac._.js:2297
[10563982ms] [LOG] [Fast Refresh] done in 165ms @ http://localhost:3000/_next/static/chunks/node_modules_next_dist_f3530cac._.js:2297
[10577850ms] [LOG] [Fast Refresh] rebuilding @ http://localhost:3000/_next/static/chunks/node_modules_next_dist_f3530cac._.js:2297
[10577914ms] [LOG] [Fast Refresh] done in 168ms @ http://localhost:3000/_next/static/chunks/node_modules_next_dist_f3530cac._.js:2297
[10789441ms] [LOG] [Fast Refresh] rebuilding @ http://localhost:3000/_next/static/chunks/node_modules_next_dist_f3530cac._.js:2297
[10789736ms] [LOG] [Fast Refresh] done in 395ms @ http://localhost:3000/_next/static/chunks/node_modules_next_dist_f3530cac._.js:2297
[10789902ms] [LOG] [Fast Refresh] rebuilding @ http://localhost:3000/_next/static/chunks/node_modules_next_dist_f3530cac._.js:2297
[10790496ms] [LOG] [Fast Refresh] done in 699ms @ http://localhost:3000/_next/static/chunks/node_modules_next_dist_f3530cac._.js:2297
[10791562ms] [LOG] [Fast Refresh] rebuilding @ http://localhost:3000/_next/static/chunks/node_modules_next_dist_f3530cac._.js:2297
[10792034ms] [LOG] [Fast Refresh] done in 572ms @ http://localhost:3000/_next/static/chunks/node_modules_next_dist_f3530cac._.js:2297
[10792526ms] [LOG] [Fast Refresh] rebuilding @ http://localhost:3000/_next/static/chunks/node_modules_next_dist_f3530cac._.js:2297
[10792979ms] [LOG] [Fast Refresh] done in 553ms @ http://localhost:3000/_next/static/chunks/node_modules_next_dist_f3530cac._.js:2297
[10793866ms] [LOG] [Fast Refresh] rebuilding @ http://localhost:3000/_next/static/chunks/node_modules_next_dist_f3530cac._.js:2297
[10794136ms] [LOG] [Fast Refresh] done in 376ms @ http://localhost:3000/_next/static/chunks/node_modules_next_dist_f3530cac._.js:2297
[10795447ms] [LOG] [Fast Refresh] rebuilding @ http://localhost:3000/_next/static/chunks/node_modules_next_dist_f3530cac._.js:2297
[10795485ms] [LOG] [Fast Refresh] done in 140ms @ http://localhost:3000/_next/static/chunks/node_modules_next_dist_f3530cac._.js:2297
[10798599ms] [LOG] [Fast Refresh] rebuilding @ http://localhost:3000/_next/static/chunks/node_modules_next_dist_f3530cac._.js:2297
[10798826ms] [LOG] [Fast Refresh] done in 334ms @ http://localhost:3000/_next/static/chunks/node_modules_next_dist_f3530cac._.js:2297
[11150863ms] [LOG] [Fast Refresh] rebuilding @ http://localhost:3000/_next/static/chunks/node_modules_next_dist_f3530cac._.js:2297
[11151002ms] [LOG] [Fast Refresh] done in 242ms @ http://localhost:3000/_next/static/chunks/node_modules_next_dist_f3530cac._.js:2297
[11184162ms] [LOG] [Fast Refresh] rebuilding @ http://localhost:3000/_next/static/chunks/node_modules_next_dist_f3530cac._.js:2297
[11184299ms] [LOG] [Fast Refresh] done in 217ms @ http://localhost:3000/_next/static/chunks/node_modules_next_dist_f3530cac._.js:2297
[11184414ms] [LOG] [Fast Refresh] rebuilding @ http://localhost:3000/_next/static/chunks/node_modules_next_dist_f3530cac._.js:2297
[11184463ms] [LOG] [Fast Refresh] done in 150ms @ http://localhost:3000/_next/static/chunks/node_modules_next_dist_f3530cac._.js:2297
[11184659ms] [LOG] [Fast Refresh] rebuilding @ http://localhost:3000/_next/static/chunks/node_modules_next_dist_f3530cac._.js:2297
[11184984ms] [LOG] [Fast Refresh] done in 429ms @ http://localhost:3000/_next/static/chunks/node_modules_next_dist_f3530cac._.js:2297
[11185271ms] [LOG] [Fast Refresh] rebuilding @ http://localhost:3000/_next/static/chunks/node_modules_next_dist_f3530cac._.js:2297
[11185273ms] [LOG] [Fast Refresh] done in 106ms @ http://localhost:3000/_next/static/chunks/node_modules_next_dist_f3530cac._.js:2297
[11185780ms] [LOG] [Fast Refresh] rebuilding @ http://localhost:3000/_next/static/chunks/node_modules_next_dist_f3530cac._.js:2297
[11185814ms] [LOG] [Fast Refresh] done in 137ms @ http://localhost:3000/_next/static/chunks/node_modules_next_dist_f3530cac._.js:2297
[11186425ms] [LOG] [Fast Refresh] rebuilding @ http://localhost:3000/_next/static/chunks/node_modules_next_dist_f3530cac._.js:2297
[11186448ms] [LOG] [Fast Refresh] done in 123ms @ http://localhost:3000/_next/static/chunks/node_modules_next_dist_f3530cac._.js:2297
[11186732ms] [LOG] [Fast Refresh] rebuilding @ http://localhost:3000/_next/static/chunks/node_modules_next_dist_f3530cac._.js:2297
[11186754ms] [LOG] [Fast Refresh] done in 124ms @ http://localhost:3000/_next/static/chunks/node_modules_next_dist_f3530cac._.js:2297
[11187017ms] [LOG] [Fast Refresh] rebuilding @ http://localhost:3000/_next/static/chunks/node_modules_next_dist_f3530cac._.js:2297
[11187093ms] [LOG] [Fast Refresh] done in 176ms @ http://localhost:3000/_next/static/chunks/node_modules_next_dist_f3530cac._.js:2297
[11187453ms] [LOG] [Fast Refresh] rebuilding @ http://localhost:3000/_next/static/chunks/node_modules_next_dist_f3530cac._.js:2297
[11187455ms] [LOG] [Fast Refresh] done in 103ms @ http://localhost:3000/_next/static/chunks/node_modules_next_dist_f3530cac._.js:2297
[11187726ms] [LOG] [Fast Refresh] rebuilding @ http://localhost:3000/_next/static/chunks/node_modules_next_dist_f3530cac._.js:2297
[11187766ms] [LOG] [Fast Refresh] done in 141ms @ http://localhost:3000/_next/static/chunks/node_modules_next_dist_f3530cac._.js:2297
[11190065ms] [LOG] [Fast Refresh] rebuilding @ http://localhost:3000/_next/static/chunks/node_modules_next_dist_f3530cac._.js:2297
[11190112ms] [LOG] [Fast Refresh] done in 151ms @ http://localhost:3000/_next/static/chunks/node_modules_next_dist_f3530cac._.js:2297
[11190216ms] [LOG] [Fast Refresh] rebuilding @ http://localhost:3000/_next/static/chunks/node_modules_next_dist_f3530cac._.js:2297
[11190429ms] [LOG] [Fast Refresh] done in 317ms @ http://localhost:3000/_next/static/chunks/node_modules_next_dist_f3530cac._.js:2297
[11194962ms] [LOG] [Fast Refresh] rebuilding @ http://localhost:3000/_next/static/chunks/node_modules_next_dist_f3530cac._.js:2297
[11195082ms] [LOG] [Fast Refresh] done in 223ms @ http://localhost:3000/_next/static/chunks/node_modules_next_dist_f3530cac._.js:2297
[11201579ms] [LOG] [Fast Refresh] rebuilding @ http://localhost:3000/_next/static/chunks/node_modules_next_dist_f3530cac._.js:2297
[11201704ms] [LOG] [Fast Refresh] done in 227ms @ http://localhost:3000/_next/static/chunks/node_modules_next_dist_f3530cac._.js:2297
[11213109ms] [LOG] [Fast Refresh] rebuilding @ http://localhost:3000/_next/static/chunks/node_modules_next_dist_f3530cac._.js:2297
[11213218ms] [LOG] [Fast Refresh] done in 210ms @ http://localhost:3000/_next/static/chunks/node_modules_next_dist_f3530cac._.js:2297
[11220573ms] [LOG] [Fast Refresh] rebuilding @ http://localhost:3000/_next/static/chunks/node_modules_next_dist_f3530cac._.js:2297
[11220683ms] [LOG] [Fast Refresh] done in 215ms @ http://localhost:3000/_next/static/chunks/node_modules_next_dist_f3530cac._.js:2297
[11227011ms] [LOG] [Fast Refresh] rebuilding @ http://localhost:3000/_next/static/chunks/node_modules_next_dist_f3530cac._.js:2297
[11227150ms] [LOG] [Fast Refresh] done in 241ms @ http://localhost:3000/_next/static/chunks/node_modules_next_dist_f3530cac._.js:2297
[11234418ms] [LOG] [Fast Refresh] rebuilding @ http://localhost:3000/_next/static/chunks/node_modules_next_dist_f3530cac._.js:2297
[11236244ms] [LOG] [Fast Refresh] done in 1877ms @ http://localhost:3000/_next/static/chunks/node_modules_next_dist_f3530cac._.js:2297
[11236367ms] [LOG] [Fast Refresh] rebuilding @ http://localhost:3000/_next/static/chunks/node_modules_next_dist_f3530cac._.js:2297
[11236395ms] [LOG] [Fast Refresh] done in 133ms @ http://localhost:3000/_next/static/chunks/node_modules_next_dist_f3530cac._.js:2297
[11236500ms] [LOG] [Fast Refresh] rebuilding @ http://localhost:3000/_next/static/chunks/node_modules_next_dist_f3530cac._.js:2297
[11236507ms] [LOG] [Fast Refresh] done in 111ms @ http://localhost:3000/_next/static/chunks/node_modules_next_dist_f3530cac._.js:2297
[11236609ms] [LOG] [Fast Refresh] rebuilding @ http://localhost:3000/_next/static/chunks/node_modules_next_dist_f3530cac._.js:2297
[11236962ms] [LOG] [Fast Refresh] done in 454ms @ http://localhost:3000/_next/static/chunks/node_modules_next_dist_f3530cac._.js:2297
[11237223ms] [LOG] [Fast Refresh] rebuilding @ http://localhost:3000/_next/static/chunks/node_modules_next_dist_f3530cac._.js:2297
[11237255ms] [LOG] [Fast Refresh] done in 133ms @ http://localhost:3000/_next/static/chunks/node_modules_next_dist_f3530cac._.js:2297
[11237489ms] [LOG] [Fast Refresh] rebuilding @ http://localhost:3000/_next/static/chunks/node_modules_next_dist_f3530cac._.js:2297
[11237498ms] [LOG] [Fast Refresh] done in 112ms @ http://localhost:3000/_next/static/chunks/node_modules_next_dist_f3530cac._.js:2297
[11237780ms] [LOG] [Fast Refresh] rebuilding @ http://localhost:3000/_next/static/chunks/node_modules_next_dist_f3530cac._.js:2297
[11237867ms] [LOG] [Fast Refresh] done in 192ms @ http://localhost:3000/_next/static/chunks/node_modules_next_dist_f3530cac._.js:2297
[11238569ms] [LOG] [Fast Refresh] rebuilding @ http://localhost:3000/_next/static/chunks/node_modules_next_dist_f3530cac._.js:2297
[11238629ms] [LOG] [Fast Refresh] done in 160ms @ http://localhost:3000/_next/static/chunks/node_modules_next_dist_f3530cac._.js:2297
[11238870ms] [LOG] [Fast Refresh] rebuilding @ http://localhost:3000/_next/static/chunks/node_modules_next_dist_f3530cac._.js:2297
[11238915ms] [LOG] [Fast Refresh] done in 149ms @ http://localhost:3000/_next/static/chunks/node_modules_next_dist_f3530cac._.js:2297
[11239081ms] [LOG] [Fast Refresh] rebuilding @ http://localhost:3000/_next/static/chunks/node_modules_next_dist_f3530cac._.js:2297
[11239111ms] [LOG] [Fast Refresh] done in 131ms @ http://localhost:3000/_next/static/chunks/node_modules_next_dist_f3530cac._.js:2297
[11240677ms] [LOG] [Fast Refresh] rebuilding @ http://localhost:3000/_next/static/chunks/node_modules_next_dist_f3530cac._.js:2297
[11240693ms] [LOG] [Fast Refresh] done in 118ms @ http://localhost:3000/_next/static/chunks/node_modules_next_dist_f3530cac._.js:2297
[11242060ms] [LOG] [Fast Refresh] rebuilding @ http://localhost:3000/_next/static/chunks/node_modules_next_dist_f3530cac._.js:2297
[11242141ms] [LOG] [Fast Refresh] done in 182ms @ http://localhost:3000/_next/static/chunks/node_modules_next_dist_f3530cac._.js:2297
[11242482ms] [LOG] [Fast Refresh] rebuilding @ http://localhost:3000/_next/static/chunks/node_modules_next_dist_f3530cac._.js:2297
[11242497ms] [LOG] [Fast Refresh] done in 120ms @ http://localhost:3000/_next/static/chunks/node_modules_next_dist_f3530cac._.js:2297
[11243664ms] [LOG] [Fast Refresh] rebuilding @ http://localhost:3000/_next/static/chunks/node_modules_next_dist_f3530cac._.js:2297
[11243665ms] [LOG] [Fast Refresh] done in 103ms @ http://localhost:3000/_next/static/chunks/node_modules_next_dist_f3530cac._.js:2297
[11244070ms] [LOG] [Fast Refresh] rebuilding @ http://localhost:3000/_next/static/chunks/node_modules_next_dist_f3530cac._.js:2297
[11244147ms] [LOG] [Fast Refresh] done in 179ms @ http://localhost:3000/_next/static/chunks/node_modules_next_dist_f3530cac._.js:2297
[11244252ms] [LOG] [Fast Refresh] rebuilding @ http://localhost:3000/_next/static/chunks/node_modules_next_dist_f3530cac._.js:2297
[11244672ms] [LOG] [Fast Refresh] done in 521ms @ http://localhost:3000/_next/static/chunks/node_modules_next_dist_f3530cac._.js:2297
[11245240ms] [LOG] [Fast Refresh] rebuilding @ http://localhost:3000/_next/static/chunks/node_modules_next_dist_f3530cac._.js:2297
[11246981ms] [LOG] [Fast Refresh] done in 1646ms @ http://localhost:3000/_next/static/chunks/node_modules_next_dist_f3530cac._.js:2297
[11247155ms] [LOG] [Fast Refresh] rebuilding @ http://localhost:3000/_next/static/chunks/node_modules_next_dist_f3530cac._.js:2297
[11247352ms] [LOG] [Fast Refresh] done in 299ms @ http://localhost:3000/_next/static/chunks/node_modules_next_dist_f3530cac._.js:2297
[11247622ms] [LOG] [Fast Refresh] rebuilding @ http://localhost:3000/_next/static/chunks/node_modules_next_dist_f3530cac._.js:2297
[11247670ms] [LOG] [Fast Refresh] done in 152ms @ http://localhost:3000/_next/static/chunks/node_modules_next_dist_f3530cac._.js:2297
[11247786ms] [LOG] [Fast Refresh] rebuilding @ http://localhost:3000/_next/static/chunks/node_modules_next_dist_f3530cac._.js:2297
[11247789ms] [LOG] [Fast Refresh] done in 105ms @ http://localhost:3000/_next/static/chunks/node_modules_next_dist_f3530cac._.js:2297
[11248113ms] [LOG] [Fast Refresh] rebuilding @ http://localhost:3000/_next/static/chunks/node_modules_next_dist_f3530cac._.js:2297
[11248196ms] [LOG] [Fast Refresh] done in 186ms @ http://localhost:3000/_next/static/chunks/node_modules_next_dist_f3530cac._.js:2297
[11248573ms] [LOG] [Fast Refresh] rebuilding @ http://localhost:3000/_next/static/chunks/node_modules_next_dist_f3530cac._.js:2297
[11248620ms] [LOG] [Fast Refresh] done in 148ms @ http://localhost:3000/_next/static/chunks/node_modules_next_dist_f3530cac._.js:2297
[11250076ms] [LOG] [Fast Refresh] rebuilding @ http://localhost:3000/_next/static/chunks/node_modules_next_dist_f3530cac._.js:2297
[11250132ms] [LOG] [Fast Refresh] done in 158ms @ http://localhost:3000/_next/static/chunks/node_modules_next_dist_f3530cac._.js:2297
[11250276ms] [LOG] [Fast Refresh] rebuilding @ http://localhost:3000/_next/static/chunks/node_modules_next_dist_f3530cac._.js:2297
[11250287ms] [LOG] [Fast Refresh] done in 115ms @ http://localhost:3000/_next/static/chunks/node_modules_next_dist_f3530cac._.js:2297
[11250901ms] [LOG] [Fast Refresh] rebuilding @ http://localhost:3000/_next/static/chunks/node_modules_next_dist_f3530cac._.js:2297
[11250939ms] [LOG] [Fast Refresh] done in 139ms @ http://localhost:3000/_next/static/chunks/node_modules_next_dist_f3530cac._.js:2297
[11252003ms] [LOG] [Fast Refresh] rebuilding @ http://localhost:3000/_next/static/chunks/node_modules_next_dist_f3530cac._.js:2297
[11252019ms] [LOG] [Fast Refresh] done in 118ms @ http://localhost:3000/_next/static/chunks/node_modules_next_dist_f3530cac._.js:2297
[11252452ms] [LOG] [Fast Refresh] rebuilding @ http://localhost:3000/_next/static/chunks/node_modules_next_dist_f3530cac._.js:2297
[11252472ms] [LOG] [Fast Refresh] done in 120ms @ http://localhost:3000/_next/static/chunks/node_modules_next_dist_f3530cac._.js:2297
[11252573ms] [LOG] [Fast Refresh] rebuilding @ http://localhost:3000/_next/static/chunks/node_modules_next_dist_f3530cac._.js:2297
[11252589ms] [LOG] [Fast Refresh] done in 117ms @ http://localhost:3000/_next/static/chunks/node_modules_next_dist_f3530cac._.js:2297
[11253234ms] [LOG] [Fast Refresh] rebuilding @ http://localhost:3000/_next/static/chunks/node_modules_next_dist_f3530cac._.js:2297
[11253301ms] [LOG] [Fast Refresh] done in 170ms @ http://localhost:3000/_next/static/chunks/node_modules_next_dist_f3530cac._.js:2297
[11253477ms] [LOG] [Fast Refresh] rebuilding @ http://localhost:3000/_next/static/chunks/node_modules_next_dist_f3530cac._.js:2297
[11253524ms] [LOG] [Fast Refresh] done in 148ms @ http://localhost:3000/_next/static/chunks/node_modules_next_dist_f3530cac._.js:2297
[11254616ms] [LOG] [Fast Refresh] rebuilding @ http://localhost:3000/_next/static/chunks/node_modules_next_dist_f3530cac._.js:2297
[11254658ms] [LOG] [Fast Refresh] done in 143ms @ http://localhost:3000/_next/static/chunks/node_modules_next_dist_f3530cac._.js:2297
[11254761ms] [LOG] [Fast Refresh] rebuilding @ http://localhost:3000/_next/static/chunks/node_modules_next_dist_f3530cac._.js:2297
[11255630ms] [WARNING] [HMR] Invalid message: {"isTrusted":true}
TypeError: Cannot convert undefined or null to object
    at Object.keys (<anonymous>)
    at extractModulesFromTurbopackMessage (http://localhost:3000/_next/static/chunks/node_modules_next_dist_client_17643121._.js:11210:39)
    at TurbopackHmr.onTurbopackMessage (http://localhost:3000/_next/static/chunks/node_modules_next_dist_client_17643121._.js:11157:32)
    at processMessage (http://localhost:3000/_next/static/chunks/node_modules_next_dist_client_17643121._.js:11589:30)
    at WebSocket.handleMessage (http://localhost:3000/_next/static/chunks/node_modules_next_dist_client_17643121._.js:10914:52) @ http://localhost:3000/_next/static/chunks/node_modules_next_dist_f3530cac._.js:2297
[11255630ms] [LOG] [Fast Refresh] done in 970ms @ http://localhost:3000/_next/static/chunks/node_modules_next_dist_f3530cac._.js:2297
[11255745ms] [ERROR] Failed to load resource: the server responded with a status of 404 (Not Found) @ http://localhost:3000/admin/users/effinity-cSSh0OU_-SEiIVwb?_rsc=xz9ml:0
[11255774ms] [LOG] [Fast Refresh] rebuilding @ http://localhost:3000/_next/static/chunks/node_modules_next_dist_f3530cac._.js:2297
[11255780ms] [LOG] [Fast Refresh] done in 108ms @ http://localhost:3000/_next/static/chunks/node_modules_next_dist_f3530cac._.js:2297
[11255996ms] [LOG] [Fast Refresh] rebuilding @ http://localhost:3000/_next/static/chunks/node_modules_next_dist_f3530cac._.js:2297
[11256226ms] [LOG] [Fast Refresh] done in 334ms @ http://localhost:3000/_next/static/chunks/node_modules_next_dist_f3530cac._.js:2297
[11257327ms] [INFO] %cDownload the React DevTools for a better development experience: https://react.dev/link/react-devtools font-weight:bold @ http://localhost:3000/_next/static/chunks/node_modules_next_dist_f3530cac._.js:2297
[11257407ms] [LOG] [HMR] connected @ http://localhost:3000/_next/static/chunks/node_modules_next_dist_f3530cac._.js:2297
[11257701ms] [LOG] [Fast Refresh] rebuilding @ http://localhost:3000/_next/static/chunks/node_modules_next_dist_f3530cac._.js:2297
[11257760ms] [LOG] [Fast Refresh] done in 161ms @ http://localhost:3000/_next/static/chunks/node_modules_next_dist_f3530cac._.js:2297
[11258676ms] [LOG] [Fast Refresh] rebuilding @ http://localhost:3000/_next/static/chunks/node_modules_next_dist_f3530cac._.js:2297
[11258685ms] [LOG] [Fast Refresh] done in 109ms @ http://localhost:3000/_next/static/chunks/node_modules_next_dist_f3530cac._.js:2297
[11259306ms] [LOG] [Fast Refresh] rebuilding @ http://localhost:3000/_next/static/chunks/node_modules_next_dist_f3530cac._.js:2297
[11259352ms] [LOG] [Fast Refresh] done in 148ms @ http://localhost:3000/_next/static/chunks/node_modules_next_dist_f3530cac._.js:2297
[11260076ms] [LOG] [Fast Refresh] rebuilding @ http://localhost:3000/_next/static/chunks/node_modules_next_dist_f3530cac._.js:2297
[11260112ms] [LOG] [Fast Refresh] done in 137ms @ http://localhost:3000/_next/static/chunks/node_modules_next_dist_f3530cac._.js:2297
[11261124ms] [LOG] [Fast Refresh] rebuilding @ http://localhost:3000/_next/static/chunks/node_modules_next_dist_f3530cac._.js:2297
[11261127ms] [LOG] [Fast Refresh] done in 103ms @ http://localhost:3000/_next/static/chunks/node_modules_next_dist_f3530cac._.js:2297
[11261615ms] [LOG] [Fast Refresh] rebuilding @ http://localhost:3000/_next/static/chunks/node_modules_next_dist_f3530cac._.js:2297
[11261620ms] [LOG] [Fast Refresh] done in 105ms @ http://localhost:3000/_next/static/chunks/node_modules_next_dist_f3530cac._.js:2297
[11262797ms] [LOG] [Fast Refresh] rebuilding @ http://localhost:3000/_next/static/chunks/node_modules_next_dist_f3530cac._.js:2297
[11262819ms] [LOG] [Fast Refresh] done in 124ms @ http://localhost:3000/_next/static/chunks/node_modules_next_dist_f3530cac._.js:2297
[11263160ms] [LOG] [Fast Refresh] rebuilding @ http://localhost:3000/_next/static/chunks/node_modules_next_dist_f3530cac._.js:2297
[11263169ms] [LOG] [Fast Refresh] done in 113ms @ http://localhost:3000/_next/static/chunks/node_modules_next_dist_f3530cac._.js:2297
[11263591ms] [LOG] [Fast Refresh] rebuilding @ http://localhost:3000/_next/static/chunks/node_modules_next_dist_f3530cac._.js:2297
[11263593ms] [LOG] [Fast Refresh] done in 107ms @ http://localhost:3000/_next/static/chunks/node_modules_next_dist_f3530cac._.js:2297
[11264680ms] [LOG] [Fast Refresh] rebuilding @ http://localhost:3000/_next/static/chunks/node_modules_next_dist_f3530cac._.js:2297
[11264719ms] [LOG] [Fast Refresh] done in 139ms @ http://localhost:3000/_next/static/chunks/node_modules_next_dist_f3530cac._.js:2297
[11264821ms] [LOG] [Fast Refresh] rebuilding @ http://localhost:3000/_next/static/chunks/node_modules_next_dist_f3530cac._.js:2297
[11264843ms] [LOG] [Fast Refresh] done in 124ms @ http://localhost:3000/_next/static/chunks/node_modules_next_dist_f3530cac._.js:2297
[11264948ms] [LOG] [Fast Refresh] rebuilding @ http://localhost:3000/_next/static/chunks/node_modules_next_dist_f3530cac._.js:2297
[11264960ms] [LOG] [Fast Refresh] done in 116ms @ http://localhost:3000/_next/static/chunks/node_modules_next_dist_f3530cac._.js:2297
[11265154ms] [LOG] [Fast Refresh] rebuilding @ http://localhost:3000/_next/static/chunks/node_modules_next_dist_f3530cac._.js:2297
[11265181ms] [LOG] [Fast Refresh] done in 127ms @ http://localhost:3000/_next/static/chunks/node_modules_next_dist_f3530cac._.js:2297
[11265282ms] [LOG] [Fast Refresh] rebuilding @ http://localhost:3000/_next/static/chunks/node_modules_next_dist_f3530cac._.js:2297
[11265516ms] [LOG] [Fast Refresh] done in 329ms @ http://localhost:3000/_next/static/chunks/node_modules_next_dist_f3530cac._.js:2297
[11265622ms] [LOG] [Fast Refresh] rebuilding @ http://localhost:3000/_next/static/chunks/node_modules_next_dist_f3530cac._.js:2297
[11265642ms] [LOG] [Fast Refresh] done in 124ms @ http://localhost:3000/_next/static/chunks/node_modules_next_dist_f3530cac._.js:2297
[11265810ms] [LOG] [Fast Refresh] rebuilding @ http://localhost:3000/_next/static/chunks/node_modules_next_dist_f3530cac._.js:2297
[11266030ms] [LOG] [Fast Refresh] done in 325ms @ http://localhost:3000/_next/static/chunks/node_modules_next_dist_f3530cac._.js:2297
[11266135ms] [LOG] [Fast Refresh] rebuilding @ http://localhost:3000/_next/static/chunks/node_modules_next_dist_f3530cac._.js:2297
[11266300ms] [LOG] [Fast Refresh] done in 269ms @ http://localhost:3000/_next/static/chunks/node_modules_next_dist_f3530cac._.js:2297
[11266443ms] [LOG] [Fast Refresh] rebuilding @ http://localhost:3000/_next/static/chunks/node_modules_next_dist_f3530cac._.js:2297
[11266455ms] [LOG] [Fast Refresh] done in 115ms @ http://localhost:3000/_next/static/chunks/node_modules_next_dist_f3530cac._.js:2297
[11266782ms] [LOG] [Fast Refresh] rebuilding @ http://localhost:3000/_next/static/chunks/node_modules_next_dist_f3530cac._.js:2297
[11266837ms] [LOG] [Fast Refresh] done in 158ms @ http://localhost:3000/_next/static/chunks/node_modules_next_dist_f3530cac._.js:2297
[11274112ms] [LOG] [Fast Refresh] rebuilding @ http://localhost:3000/_next/static/chunks/node_modules_next_dist_f3530cac._.js:2297
[11274412ms] [LOG] [Fast Refresh] done in 302ms @ http://localhost:3000/_next/static/chunks/node_modules_next_dist_f3530cac._.js:2297
[11274676ms] [LOG] [Fast Refresh] rebuilding @ http://localhost:3000/_next/static/chunks/node_modules_next_dist_f3530cac._.js:2297
[11275494ms] [LOG] [Fast Refresh] done in 921ms @ http://localhost:3000/_next/static/chunks/node_modules_next_dist_f3530cac._.js:2297
[11275615ms] [LOG] [Fast Refresh] rebuilding @ http://localhost:3000/_next/static/chunks/node_modules_next_dist_f3530cac._.js:2297
[11275705ms] [LOG] [Fast Refresh] done in 193ms @ http://localhost:3000/_next/static/chunks/node_modules_next_dist_f3530cac._.js:2297
[11282415ms] [LOG] [Fast Refresh] rebuilding @ http://localhost:3000/_next/static/chunks/node_modules_next_dist_f3530cac._.js:2297
[11282957ms] [LOG] [Fast Refresh] done in 205ms @ http://localhost:3000/_next/static/chunks/node_modules_next_dist_f3530cac._.js:2297
[11283063ms] [LOG] [Fast Refresh] rebuilding @ http://localhost:3000/_next/static/chunks/node_modules_next_dist_f3530cac._.js:2297
[11283223ms] [LOG] [Fast Refresh] done in 264ms @ http://localhost:3000/_next/static/chunks/node_modules_next_dist_f3530cac._.js:2297
[11292708ms] [LOG] [Fast Refresh] rebuilding @ http://localhost:3000/_next/static/chunks/node_modules_next_dist_f3530cac._.js:2297
[11293045ms] [LOG] [Fast Refresh] done in 270ms @ http://localhost:3000/_next/static/chunks/node_modules_next_dist_f3530cac._.js:2297
[11293179ms] [LOG] [Fast Refresh] rebuilding @ http://localhost:3000/_next/static/chunks/node_modules_next_dist_f3530cac._.js:2297
[11293497ms] [LOG] [Fast Refresh] done in 418ms @ http://localhost:3000/_next/static/chunks/node_modules_next_dist_f3530cac._.js:2297
[11293602ms] [LOG] [Fast Refresh] rebuilding @ http://localhost:3000/_next/static/chunks/node_modules_next_dist_f3530cac._.js:2297
[11293652ms] [LOG] [Fast Refresh] done in 155ms @ http://localhost:3000/_next/static/chunks/node_modules_next_dist_f3530cac._.js:2297
[11293753ms] [LOG] [Fast Refresh] rebuilding @ http://localhost:3000/_next/static/chunks/node_modules_next_dist_f3530cac._.js:2297
[11293789ms] [LOG] [Fast Refresh] done in 137ms @ http://localhost:3000/_next/static/chunks/node_modules_next_dist_f3530cac._.js:2297
[11575406ms] [LOG] [Fast Refresh] rebuilding @ http://localhost:3000/_next/static/chunks/node_modules_next_dist_f3530cac._.js:2297
[11575814ms] [LOG] [Fast Refresh] done in 509ms @ http://localhost:3000/_next/static/chunks/node_modules_next_dist_f3530cac._.js:2297
[11888455ms] [LOG] [Fast Refresh] rebuilding @ http://localhost:3000/_next/static/chunks/node_modules_next_dist_f3530cac._.js:2297
[11888876ms] [LOG] [Fast Refresh] done in 521ms @ http://localhost:3000/_next/static/chunks/node_modules_next_dist_f3530cac._.js:2297
[11889041ms] [LOG] [Fast Refresh] rebuilding @ http://localhost:3000/_next/static/chunks/node_modules_next_dist_f3530cac._.js:2297
[11889058ms] [LOG] [Fast Refresh] done in 117ms @ http://localhost:3000/_next/static/chunks/node_modules_next_dist_f3530cac._.js:2297
[11890519ms] [LOG] [Fast Refresh] rebuilding @ http://localhost:3000/_next/static/chunks/node_modules_next_dist_f3530cac._.js:2297
[11890844ms] [LOG] [Fast Refresh] done in 424ms @ http://localhost:3000/_next/static/chunks/node_modules_next_dist_f3530cac._.js:2297
[12072880ms] [LOG] [Fast Refresh] rebuilding @ http://localhost:3000/_next/static/chunks/node_modules_next_dist_f3530cac._.js:2297
[12072881ms] [LOG] [Fast Refresh] done in 107ms @ http://localhost:3000/_next/static/chunks/node_modules_next_dist_f3530cac._.js:2297
[12076752ms] [VERBOSE] [DOM] Password field is not contained in a form: (More info: https://goo.gl/9p2vKq) %o @ http://localhost:3000/admin/users/effinity-qk5tJupKUuKpMb2z:0
[12156562ms] [LOG] [Fast Refresh] rebuilding @ http://localhost:3000/_next/static/chunks/node_modules_next_dist_f3530cac._.js:2297
[12156749ms] [LOG] [Fast Refresh] done in 301ms @ http://localhost:3000/_next/static/chunks/node_modules_next_dist_f3530cac._.js:2297
[12163245ms] [LOG] [Fast Refresh] rebuilding @ http://localhost:3000/_next/static/chunks/node_modules_next_dist_f3530cac._.js:2297
[12164578ms] [LOG] [Fast Refresh] done in 1440ms @ http://localhost:3000/_next/static/chunks/node_modules_next_dist_f3530cac._.js:2297
[12168337ms] [LOG] [Fast Refresh] rebuilding @ http://localhost:3000/_next/static/chunks/node_modules_next_dist_f3530cac._.js:2297
[12168847ms] [LOG] [Fast Refresh] done in 613ms @ http://localhost:3000/_next/static/chunks/node_modules_next_dist_f3530cac._.js:2297
[12179157ms] [LOG] [Fast Refresh] rebuilding @ http://localhost:3000/_next/static/chunks/node_modules_next_dist_f3530cac._.js:2297
[12179297ms] [LOG] [Fast Refresh] done in 243ms @ http://localhost:3000/_next/static/chunks/node_modules_next_dist_f3530cac._.js:2297
[12190870ms] [LOG] [Fast Refresh] rebuilding @ http://localhost:3000/_next/static/chunks/node_modules_next_dist_f3530cac._.js:2297
[12194590ms] [LOG] [HMR] connected @ http://localhost:3000/_next/static/chunks/node_modules_next_dist_f3530cac._.js:2297
[12197388ms] [INFO] %cDownload the React DevTools for a better development experience: https://react.dev/link/react-devtools font-weight:bold @ http://localhost:3000/_next/static/chunks/node_modules_next_dist_f3530cac._.js:2297
[12197436ms] [LOG] [HMR] connected @ http://localhost:3000/_next/static/chunks/node_modules_next_dist_f3530cac._.js:2297
[12197591ms] [LOG] [Fast Refresh] rebuilding @ http://localhost:3000/_next/static/chunks/node_modules_next_dist_f3530cac._.js:2297
[12197644ms] [LOG] [Fast Refresh] done in 162ms @ http://localhost:3000/_next/static/chunks/node_modules_next_dist_f3530cac._.js:2297
[12198117ms] [LOG] [Fast Refresh] rebuilding @ http://localhost:3000/_next/static/chunks/node_modules_next_dist_f3530cac._.js:2297
[12200572ms] [LOG] [HMR] connected @ http://localhost:3000/_next/static/chunks/node_modules_next_dist_f3530cac._.js:2297
[12203549ms] [INFO] %cDownload the React DevTools for a better development experience: https://react.dev/link/react-devtools font-weight:bold @ http://localhost:3000/_next/static/chunks/node_modules_next_dist_f3530cac._.js:2297
[12203577ms] [LOG] [HMR] connected @ http://localhost:3000/_next/static/chunks/node_modules_next_dist_f3530cac._.js:2297
[12203712ms] [LOG] [Fast Refresh] rebuilding @ http://localhost:3000/_next/static/chunks/node_modules_next_dist_f3530cac._.js:2297
[12203769ms] [LOG] [Fast Refresh] done in 160ms @ http://localhost:3000/_next/static/chunks/node_modules_next_dist_f3530cac._.js:2297
[12209065ms] [LOG] [Fast Refresh] rebuilding @ http://localhost:3000/_next/static/chunks/node_modules_next_dist_f3530cac._.js:2297
[12209345ms] [LOG] [Fast Refresh] done in 380ms @ http://localhost:3000/_next/static/chunks/node_modules_next_dist_f3530cac._.js:2297
[12227012ms] [LOG] [Fast Refresh] rebuilding @ http://localhost:3000/_next/static/chunks/node_modules_next_dist_f3530cac._.js:2297
[12227167ms] [LOG] [Fast Refresh] done in 260ms @ http://localhost:3000/_next/static/chunks/node_modules_next_dist_f3530cac._.js:2297
[12238843ms] [LOG] [Fast Refresh] rebuilding @ http://localhost:3000/_next/static/chunks/node_modules_next_dist_f3530cac._.js:2297
[12238999ms] [LOG] [Fast Refresh] done in 263ms @ http://localhost:3000/_next/static/chunks/node_modules_next_dist_f3530cac._.js:2297
[12263428ms] [LOG] [Fast Refresh] rebuilding @ http://localhost:3000/_next/static/chunks/node_modules_next_dist_f3530cac._.js:2297
[12263536ms] [LOG] [Fast Refresh] done in 219ms @ http://localhost:3000/_next/static/chunks/node_modules_next_dist_f3530cac._.js:2297
[12263735ms] [LOG] [Fast Refresh] rebuilding @ http://localhost:3000/_next/static/chunks/node_modules_next_dist_f3530cac._.js:2297
[12263875ms] [LOG] [Fast Refresh] done in 244ms @ http://localhost:3000/_next/static/chunks/node_modules_next_dist_f3530cac._.js:2297
[12274250ms] [LOG] [Fast Refresh] rebuilding @ http://localhost:3000/_next/static/chunks/node_modules_next_dist_f3530cac._.js:2297
[12274390ms] [LOG] [Fast Refresh] done in 246ms @ http://localhost:3000/_next/static/chunks/node_modules_next_dist_f3530cac._.js:2297
[12299179ms] [LOG] [Fast Refresh] rebuilding @ http://localhost:3000/_next/static/chunks/node_modules_next_dist_f3530cac._.js:2297
[12299276ms] [LOG] [Fast Refresh] done in 193ms @ http://localhost:3000/_next/static/chunks/node_modules_next_dist_f3530cac._.js:2297
[12299411ms] [LOG] [Fast Refresh] rebuilding @ http://localhost:3000/_next/static/chunks/node_modules_next_dist_f3530cac._.js:2297
[12299414ms] [LOG] [Fast Refresh] done in 116ms @ http://localhost:3000/_next/static/chunks/node_modules_next_dist_f3530cac._.js:2297
[12938130ms] [LOG] [Fast Refresh] rebuilding @ http://localhost:3000/_next/static/chunks/node_modules_next_dist_f3530cac._.js:2297
[12938268ms] [LOG] [Fast Refresh] done in 236ms @ http://localhost:3000/_next/static/chunks/node_modules_next_dist_f3530cac._.js:2297
[12941527ms] [LOG] [Fast Refresh] rebuilding @ http://localhost:3000/_next/static/chunks/node_modules_next_dist_f3530cac._.js:2297
[12941646ms] [LOG] [Fast Refresh] done in 219ms @ http://localhost:3000/_next/static/chunks/node_modules_next_dist_f3530cac._.js:2297
[12941774ms] [LOG] [Fast Refresh] rebuilding @ http://localhost:3000/_next/static/chunks/node_modules_next_dist_f3530cac._.js:2297
[12941789ms] [LOG] [Fast Refresh] done in 116ms @ http://localhost:3000/_next/static/chunks/node_modules_next_dist_f3530cac._.js:2297
[12986297ms] [LOG] [Fast Refresh] rebuilding @ http://localhost:3000/_next/static/chunks/node_modules_next_dist_f3530cac._.js:2297
[12986388ms] [LOG] [Fast Refresh] done in 191ms @ http://localhost:3000/_next/static/chunks/node_modules_next_dist_f3530cac._.js:2297
[13021704ms] [LOG] [HMR] connected @ http://localhost:3000/_next/static/chunks/node_modules_next_dist_f3530cac._.js:2297
[13024304ms] [INFO] %cDownload the React DevTools for a better development experience: https://react.dev/link/react-devtools font-weight:bold @ http://localhost:3000/_next/static/chunks/node_modules_next_dist_f3530cac._.js:2297
[13024328ms] [LOG] [HMR] connected @ http://localhost:3000/_next/static/chunks/node_modules_next_dist_f3530cac._.js:2297
[13024462ms] [LOG] [Fast Refresh] rebuilding @ http://localhost:3000/_next/static/chunks/node_modules_next_dist_f3530cac._.js:2297
[13024509ms] [LOG] [Fast Refresh] done in 157ms @ http://localhost:3000/_next/static/chunks/node_modules_next_dist_f3530cac._.js:2297
[13048689ms] [LOG] [Fast Refresh] rebuilding @ http://localhost:3000/_next/static/chunks/node_modules_next_dist_f3530cac._.js:2297
[13049526ms] [LOG] [Fast Refresh] done in 942ms @ http://localhost:3000/_next/static/chunks/node_modules_next_dist_f3530cac._.js:2297
[13053122ms] [LOG] [Fast Refresh] rebuilding @ http://localhost:3000/_next/static/chunks/node_modules_next_dist_f3530cac._.js:2297
[13053262ms] [LOG] [Fast Refresh] done in 246ms @ http://localhost:3000/_next/static/chunks/node_modules_next_dist_f3530cac._.js:2297
[13057177ms] [LOG] [Fast Refresh] rebuilding @ http://localhost:3000/_next/static/chunks/node_modules_next_dist_f3530cac._.js:2297
[13057440ms] [LOG] [Fast Refresh] done in 368ms @ http://localhost:3000/_next/static/chunks/node_modules_next_dist_f3530cac._.js:2297
[13063247ms] [LOG] [Fast Refresh] rebuilding @ http://localhost:3000/_next/static/chunks/node_modules_next_dist_f3530cac._.js:2297
[13063340ms] [LOG] [Fast Refresh] done in 199ms @ http://localhost:3000/_next/static/chunks/node_modules_next_dist_f3530cac._.js:2297
[13074992ms] [LOG] [Fast Refresh] rebuilding @ http://localhost:3000/_next/static/chunks/node_modules_next_dist_f3530cac._.js:2297
[13075100ms] [LOG] [Fast Refresh] done in 215ms @ http://localhost:3000/_next/static/chunks/node_modules_next_dist_f3530cac._.js:2297
[13083132ms] [LOG] [Fast Refresh] rebuilding @ http://localhost:3000/_next/static/chunks/node_modules_next_dist_f3530cac._.js:2297
[13083257ms] [LOG] [Fast Refresh] done in 231ms @ http://localhost:3000/_next/static/chunks/node_modules_next_dist_f3530cac._.js:2297
[13091776ms] [LOG] [Fast Refresh] rebuilding @ http://localhost:3000/_next/static/chunks/node_modules_next_dist_f3530cac._.js:2297
[13091965ms] [LOG] [Fast Refresh] done in 286ms @ http://localhost:3000/_next/static/chunks/node_modules_next_dist_f3530cac._.js:2297
[13100477ms] [LOG] [Fast Refresh] rebuilding @ http://localhost:3000/_next/static/chunks/node_modules_next_dist_f3530cac._.js:2297
[13100601ms] [LOG] [Fast Refresh] done in 230ms @ http://localhost:3000/_next/static/chunks/node_modules_next_dist_f3530cac._.js:2297
[13126752ms] [LOG] [Fast Refresh] rebuilding @ http://localhost:3000/_next/static/chunks/node_modules_next_dist_f3530cac._.js:2297
[13126875ms] [LOG] [Fast Refresh] done in 230ms @ http://localhost:3000/_next/static/chunks/node_modules_next_dist_f3530cac._.js:2297
[13141192ms] [LOG] [Fast Refresh] rebuilding @ http://localhost:3000/_next/static/chunks/node_modules_next_dist_f3530cac._.js:2297
[13141284ms] [LOG] [Fast Refresh] done in 199ms @ http://localhost:3000/_next/static/chunks/node_modules_next_dist_f3530cac._.js:2297
[13144469ms] [LOG] [Fast Refresh] rebuilding @ http://localhost:3000/_next/static/chunks/node_modules_next_dist_f3530cac._.js:2297
[13144623ms] [LOG] [Fast Refresh] done in 259ms @ http://localhost:3000/_next/static/chunks/node_modules_next_dist_f3530cac._.js:2297
[13159189ms] [LOG] [Fast Refresh] rebuilding @ http://localhost:3000/_next/static/chunks/node_modules_next_dist_f3530cac._.js:2297
[13159403ms] [LOG] [Fast Refresh] done in 309ms @ http://localhost:3000/_next/static/chunks/node_modules_next_dist_f3530cac._.js:2297
[13167508ms] [LOG] [Fast Refresh] rebuilding @ http://localhost:3000/_next/static/chunks/node_modules_next_dist_f3530cac._.js:2297
[13167617ms] [LOG] [Fast Refresh] done in 216ms @ http://localhost:3000/_next/static/chunks/node_modules_next_dist_f3530cac._.js:2297
[13175083ms] [LOG] [Fast Refresh] rebuilding @ http://localhost:3000/_next/static/chunks/node_modules_next_dist_f3530cac._.js:2297
[13175207ms] [LOG] [Fast Refresh] done in 230ms @ http://localhost:3000/_next/static/chunks/node_modules_next_dist_f3530cac._.js:2297
[13194776ms] [LOG] [Fast Refresh] rebuilding @ http://localhost:3000/_next/static/chunks/node_modules_next_dist_f3530cac._.js:2297
[13194870ms] [LOG] [Fast Refresh] done in 199ms @ http://localhost:3000/_next/static/chunks/node_modules_next_dist_f3530cac._.js:2297
[13196852ms] [LOG] [Fast Refresh] rebuilding @ http://localhost:3000/_next/static/chunks/node_modules_next_dist_f3530cac._.js:2297
[13196976ms] [LOG] [Fast Refresh] done in 229ms @ http://localhost:3000/_next/static/chunks/node_modules_next_dist_f3530cac._.js:2297
[13201281ms] [LOG] [Fast Refresh] rebuilding @ http://localhost:3000/_next/static/chunks/node_modules_next_dist_f3530cac._.js:2297
[13201405ms] [LOG] [Fast Refresh] done in 232ms @ http://localhost:3000/_next/static/chunks/node_modules_next_dist_f3530cac._.js:2297
[13216544ms] [LOG] [Fast Refresh] rebuilding @ http://localhost:3000/_next/static/chunks/node_modules_next_dist_f3530cac._.js:2297
[13216652ms] [LOG] [Fast Refresh] done in 214ms @ http://localhost:3000/_next/static/chunks/node_modules_next_dist_f3530cac._.js:2297
[13242220ms] [LOG] [Fast Refresh] rebuilding @ http://localhost:3000/_next/static/chunks/node_modules_next_dist_f3530cac._.js:2297
[13242367ms] [LOG] [Fast Refresh] done in 243ms @ http://localhost:3000/_next/static/chunks/node_modules_next_dist_f3530cac._.js:2297
[13380098ms] [LOG] [Fast Refresh] rebuilding @ http://localhost:3000/_next/static/chunks/node_modules_next_dist_f3530cac._.js:2297
[13380158ms] [LOG] [Fast Refresh] done in 167ms @ http://localhost:3000/_next/static/chunks/node_modules_next_dist_f3530cac._.js:2297
[13389248ms] [LOG] [Fast Refresh] rebuilding @ http://localhost:3000/_next/static/chunks/node_modules_next_dist_f3530cac._.js:2297
[13389403ms] [LOG] [Fast Refresh] done in 259ms @ http://localhost:3000/_next/static/chunks/node_modules_next_dist_f3530cac._.js:2297
[13396453ms] [LOG] [Fast Refresh] rebuilding @ http://localhost:3000/_next/static/chunks/node_modules_next_dist_f3530cac._.js:2297
[13396592ms] [LOG] [Fast Refresh] done in 246ms @ http://localhost:3000/_next/static/chunks/node_modules_next_dist_f3530cac._.js:2297
[13402702ms] [LOG] [Fast Refresh] rebuilding @ http://localhost:3000/_next/static/chunks/node_modules_next_dist_f3530cac._.js:2297
[13402842ms] [LOG] [Fast Refresh] done in 246ms @ http://localhost:3000/_next/static/chunks/node_modules_next_dist_f3530cac._.js:2297
[13641938ms] [LOG] [Fast Refresh] rebuilding @ http://localhost:3000/_next/static/chunks/node_modules_next_dist_f3530cac._.js:2297
[13641990ms] [LOG] [Fast Refresh] done in 160ms @ http://localhost:3000/_next/static/chunks/node_modules_next_dist_f3530cac._.js:2297
[13651171ms] [LOG] [HMR] connected @ http://localhost:3000/_next/static/chunks/node_modules_next_dist_f3530cac._.js:2297
[13654175ms] [INFO] %cDownload the React DevTools for a better development experience: https://react.dev/link/react-devtools font-weight:bold @ http://localhost:3000/_next/static/chunks/node_modules_next_dist_f3530cac._.js:2297
[13654206ms] [LOG] [HMR] connected @ http://localhost:3000/_next/static/chunks/node_modules_next_dist_f3530cac._.js:2297
[13654336ms] [LOG] [Fast Refresh] rebuilding @ http://localhost:3000/_next/static/chunks/node_modules_next_dist_f3530cac._.js:2297
[13654399ms] [LOG] [Fast Refresh] done in 176ms @ http://localhost:3000/_next/static/chunks/node_modules_next_dist_f3530cac._.js:2297
[13662127ms] [LOG] [Fast Refresh] rebuilding @ http://localhost:3000/_next/static/chunks/node_modules_next_dist_f3530cac._.js:2297
[13662978ms] [LOG] [Fast Refresh] done in 957ms @ http://localhost:3000/_next/static/chunks/node_modules_next_dist_f3530cac._.js:2297
[13666260ms] [LOG] [Fast Refresh] rebuilding @ http://localhost:3000/_next/static/chunks/node_modules_next_dist_f3530cac._.js:2297
[13666384ms] [LOG] [Fast Refresh] done in 229ms @ http://localhost:3000/_next/static/chunks/node_modules_next_dist_f3530cac._.js:2297
[13675863ms] [LOG] [Fast Refresh] rebuilding @ http://localhost:3000/_next/static/chunks/node_modules_next_dist_f3530cac._.js:2297
[13676087ms] [LOG] [Fast Refresh] done in 319ms @ http://localhost:3000/_next/static/chunks/node_modules_next_dist_f3530cac._.js:2297
[13778732ms] [LOG] [Fast Refresh] rebuilding @ http://localhost:3000/_next/static/chunks/node_modules_next_dist_f3530cac._.js:2297
[13778811ms] [LOG] [Fast Refresh] done in 182ms @ http://localhost:3000/_next/static/chunks/node_modules_next_dist_f3530cac._.js:2297
[13784412ms] [LOG] [Fast Refresh] rebuilding @ http://localhost:3000/_next/static/chunks/node_modules_next_dist_f3530cac._.js:2297
[13784452ms] [LOG] [Fast Refresh] done in 151ms @ http://localhost:3000/_next/static/chunks/node_modules_next_dist_f3530cac._.js:2297
[13784458ms] [ERROR] Failed to load resource: the server responded with a status of 404 (Not Found) @ http://localhost:3000/api/admin/metrics:0
[13786138ms] [LOG] [Fast Refresh] rebuilding @ http://localhost:3000/_next/static/chunks/node_modules_next_dist_f3530cac._.js:2297
[13786752ms] [LOG] [Fast Refresh] done in 717ms @ http://localhost:3000/_next/static/chunks/node_modules_next_dist_f3530cac._.js:2297
[13795807ms] [LOG] [Fast Refresh] rebuilding @ http://localhost:3000/_next/static/chunks/node_modules_next_dist_f3530cac._.js:2297
[13795822ms] [LOG] [Fast Refresh] done in 117ms @ http://localhost:3000/_next/static/chunks/node_modules_next_dist_f3530cac._.js:2297
[13817921ms] [LOG] [Fast Refresh] rebuilding @ http://localhost:3000/_next/static/chunks/node_modules_next_dist_f3530cac._.js:2297
[13818029ms] [LOG] [Fast Refresh] done in 205ms @ http://localhost:3000/_next/static/chunks/node_modules_next_dist_f3530cac._.js:2297
[13884343ms] [LOG] [HMR] connected @ http://localhost:3000/_next/static/chunks/node_modules_next_dist_f3530cac._.js:2297
[13887316ms] [INFO] %cDownload the React DevTools for a better development experience: https://react.dev/link/react-devtools font-weight:bold @ http://localhost:3000/_next/static/chunks/node_modules_next_dist_f3530cac._.js:2297
[13887361ms] [LOG] [HMR] connected @ http://localhost:3000/_next/static/chunks/node_modules_next_dist_f3530cac._.js:2297
[13887508ms] [LOG] [Fast Refresh] rebuilding @ http://localhost:3000/_next/static/chunks/node_modules_next_dist_f3530cac._.js:2297
[13887646ms] [LOG] [Fast Refresh] done in 254ms @ http://localhost:3000/_next/static/chunks/node_modules_next_dist_f3530cac._.js:2297
[13977794ms] [LOG] [Fast Refresh] rebuilding @ http://localhost:3000/_next/static/chunks/node_modules_next_dist_f3530cac._.js:2297
[13977869ms] [LOG] [Fast Refresh] done in 173ms @ http://localhost:3000/_next/static/chunks/node_modules_next_dist_f3530cac._.js:2297
[14094417ms] [LOG] [Fast Refresh] rebuilding @ http://localhost:3000/_next/static/chunks/node_modules_next_dist_f3530cac._.js:2297
[14095345ms] [LOG] [Fast Refresh] done in 1035ms @ http://localhost:3000/_next/static/chunks/node_modules_next_dist_f3530cac._.js:2297
[14102137ms] [LOG] [Fast Refresh] rebuilding @ http://localhost:3000/_next/static/chunks/node_modules_next_dist_f3530cac._.js:2297
[14102276ms] [LOG] [Fast Refresh] done in 246ms @ http://localhost:3000/_next/static/chunks/node_modules_next_dist_f3530cac._.js:2297
[14118395ms] [LOG] [Fast Refresh] rebuilding @ http://localhost:3000/_next/static/chunks/node_modules_next_dist_f3530cac._.js:2297
[14118534ms] [LOG] [Fast Refresh] done in 245ms @ http://localhost:3000/_next/static/chunks/node_modules_next_dist_f3530cac._.js:2297
[14139088ms] [LOG] [Fast Refresh] rebuilding @ http://localhost:3000/_next/static/chunks/node_modules_next_dist_f3530cac._.js:2297
[14139226ms] [LOG] [Fast Refresh] done in 245ms @ http://localhost:3000/_next/static/chunks/node_modules_next_dist_f3530cac._.js:2297
[14147596ms] [LOG] [Fast Refresh] rebuilding @ http://localhost:3000/_next/static/chunks/node_modules_next_dist_f3530cac._.js:2297
[14147680ms] [LOG] [Fast Refresh] done in 198ms @ http://localhost:3000/_next/static/chunks/node_modules_next_dist_f3530cac._.js:2297
[14176292ms] [LOG] [Fast Refresh] rebuilding @ http://localhost:3000/_next/static/chunks/node_modules_next_dist_f3530cac._.js:2297
[14176633ms] [LOG] [Fast Refresh] done in 388ms @ http://localhost:3000/_next/static/chunks/node_modules_next_dist_f3530cac._.js:2297
[14184735ms] [LOG] [Fast Refresh] rebuilding @ http://localhost:3000/_next/static/chunks/node_modules_next_dist_f3530cac._.js:2297
[14185063ms] [LOG] [Fast Refresh] done in 400ms @ http://localhost:3000/_next/static/chunks/node_modules_next_dist_f3530cac._.js:2297
[14192996ms] [LOG] [Fast Refresh] rebuilding @ http://localhost:3000/_next/static/chunks/node_modules_next_dist_f3530cac._.js:2297
[14196313ms] [ERROR] WebSocket connection to 'ws://localhost:3000/_next/webpack-hmr?id=9eG0IBkLFq7r2MRrAS1Yc' failed: Error in connection establishment: net::ERR_CONNECTION_REFUSED @ http://localhost:3000/_next/static/chunks/node_modules_next_dist_client_17643121._.js:10878
[14198931ms] [ERROR] Failed to load resource: net::ERR_CONNECTION_REFUSED @ http://localhost:3000/api/admin/metrics?view=summary:0
[14199652ms] [ERROR] WebSocket connection to 'ws://localhost:3000/_next/webpack-hmr?id=9eG0IBkLFq7r2MRrAS1Yc' failed: Error in connection establishment: net::ERR_CONNECTION_REFUSED @ http://localhost:3000/_next/static/chunks/node_modules_next_dist_client_17643121._.js:10878
[14203000ms] [ERROR] WebSocket connection to 'ws://localhost:3000/_next/webpack-hmr?id=9eG0IBkLFq7r2MRrAS1Yc' failed: Error in connection establishment: net::ERR_CONNECTION_REFUSED @ http://localhost:3000/_next/static/chunks/node_modules_next_dist_client_17643121._.js:10878
[14206344ms] [ERROR] WebSocket connection to 'ws://localhost:3000/_next/webpack-hmr?id=9eG0IBkLFq7r2MRrAS1Yc' failed: Error in connection establishment: net::ERR_CONNECTION_REFUSED @ http://localhost:3000/_next/static/chunks/node_modules_next_dist_client_17643121._.js:10878
[14208931ms] [ERROR] Failed to load resource: net::ERR_CONNECTION_REFUSED @ http://localhost:3000/api/admin/metrics?view=summary:0
[14209702ms] [ERROR] WebSocket connection to 'ws://localhost:3000/_next/webpack-hmr?id=9eG0IBkLFq7r2MRrAS1Yc' failed: Error in connection establishment: net::ERR_CONNECTION_REFUSED @ http://localhost:3000/_next/static/chunks/node_modules_next_dist_client_17643121._.js:10878
[14217054ms] [ERROR] WebSocket connection to 'ws://localhost:3000/_next/webpack-hmr?id=9eG0IBkLFq7r2MRrAS1Yc' failed: Error in connection establishment: net::ERR_CONNECTION_REFUSED @ http://localhost:3000/_next/static/chunks/node_modules_next_dist_client_17643121._.js:10878
[14218935ms] [ERROR] Failed to load resource: net::ERR_CONNECTION_REFUSED @ http://localhost:3000/api/admin/metrics?view=summary:0
[14224424ms] [ERROR] WebSocket connection to 'ws://localhost:3000/_next/webpack-hmr?id=9eG0IBkLFq7r2MRrAS1Yc' failed: Error in connection establishment: net::ERR_CONNECTION_REFUSED @ http://localhost:3000/_next/static/chunks/node_modules_next_dist_client_17643121._.js:10878
[14228920ms] [ERROR] Failed to load resource: net::ERR_CONNECTION_REFUSED @ http://localhost:3000/api/admin/metrics?view=summary:0
[14231789ms] [ERROR] WebSocket connection to 'ws://localhost:3000/_next/webpack-hmr?id=9eG0IBkLFq7r2MRrAS1Yc' failed: Error in connection establishment: net::ERR_CONNECTION_REFUSED @ http://localhost:3000/_next/static/chunks/node_modules_next_dist_client_17643121._.js:10878
[14238928ms] [ERROR] Failed to load resource: net::ERR_CONNECTION_REFUSED @ http://localhost:3000/api/admin/metrics?view=summary:0
[14239160ms] [ERROR] WebSocket connection to 'ws://localhost:3000/_next/webpack-hmr?id=9eG0IBkLFq7r2MRrAS1Yc' failed: Error in connection establishment: net::ERR_CONNECTION_REFUSED @ http://localhost:3000/_next/static/chunks/node_modules_next_dist_client_17643121._.js:10878
[14246533ms] [ERROR] WebSocket connection to 'ws://localhost:3000/_next/webpack-hmr?id=9eG0IBkLFq7r2MRrAS1Yc' failed: Error in connection establishment: net::ERR_CONNECTION_REFUSED @ http://localhost:3000/_next/static/chunks/node_modules_next_dist_client_17643121._.js:10878
[14248922ms] [ERROR] Failed to load resource: net::ERR_CONNECTION_REFUSED @ http://localhost:3000/api/admin/metrics?view=summary:0
[14253944ms] [ERROR] WebSocket connection to 'ws://localhost:3000/_next/webpack-hmr?id=9eG0IBkLFq7r2MRrAS1Yc' failed: Error in connection establishment: net::ERR_CONNECTION_REFUSED @ http://localhost:3000/_next/static/chunks/node_modules_next_dist_client_17643121._.js:10878
[14258926ms] [ERROR] Failed to load resource: net::ERR_CONNECTION_REFUSED @ http://localhost:3000/api/admin/metrics?view=summary:0
[14261392ms] [ERROR] WebSocket connection to 'ws://localhost:3000/_next/webpack-hmr?id=9eG0IBkLFq7r2MRrAS1Yc' failed: Error in connection establishment: net::ERR_CONNECTION_REFUSED @ http://localhost:3000/_next/static/chunks/node_modules_next_dist_client_17643121._.js:10878
[14669367ms] [INFO] %cDownload the React DevTools for a better development experience: https://react.dev/link/react-devtools font-weight:bold @ http://localhost:3000/_next/static/chunks/node_modules_next_dist_f3530cac._.js:2297
[14669454ms] [LOG] [HMR] connected @ http://localhost:3000/_next/static/chunks/node_modules_next_dist_f3530cac._.js:2297
[14768852ms] [LOG] [Fast Refresh] rebuilding @ http://localhost:3000/_next/static/chunks/node_modules_next_dist_f3530cac._.js:2297
[14768855ms] [LOG] [Fast Refresh] done in 107ms @ http://localhost:3000/_next/static/chunks/node_modules_next_dist_f3530cac._.js:2297
[14789984ms] [LOG] [Fast Refresh] rebuilding @ http://localhost:3000/_next/static/chunks/node_modules_next_dist_f3530cac._.js:2297
[14790010ms] [LOG] [Fast Refresh] done in 126ms @ http://localhost:3000/_next/static/chunks/node_modules_next_dist_f3530cac._.js:2297
[14795438ms] [LOG] [Fast Refresh] rebuilding @ http://localhost:3000/_next/static/chunks/node_modules_next_dist_f3530cac._.js:2297
[14796018ms] [LOG] [Fast Refresh] done in 695ms @ http://localhost:3000/_next/static/chunks/node_modules_next_dist_f3530cac._.js:2297
[14805724ms] [LOG] [Fast Refresh] rebuilding @ http://localhost:3000/_next/static/chunks/node_modules_next_dist_f3530cac._.js:2297
[14805740ms] [LOG] [Fast Refresh] done in 131ms @ http://localhost:3000/_next/static/chunks/node_modules_next_dist_f3530cac._.js:2297
[21945884ms] [LOG] [Fast Refresh] rebuilding @ http://localhost:3000/_next/static/chunks/node_modules_next_dist_f3530cac._.js:2297
[21945987ms] [LOG] [Fast Refresh] done in 215ms @ http://localhost:3000/_next/static/chunks/node_modules_next_dist_f3530cac._.js:2297
[21961725ms] [LOG] [Fast Refresh] rebuilding @ http://localhost:3000/_next/static/chunks/node_modules_next_dist_f3530cac._.js:2297
[21961726ms] [LOG] [Fast Refresh] done in 106ms @ http://localhost:3000/_next/static/chunks/node_modules_next_dist_f3530cac._.js:2297
[21991831ms] [LOG] [Fast Refresh] rebuilding @ http://localhost:3000/_next/static/chunks/node_modules_next_dist_f3530cac._.js:2297
[21991970ms] [LOG] [Fast Refresh] done in 240ms @ http://localhost:3000/_next/static/chunks/node_modules_next_dist_f3530cac._.js:2297
[22498532ms] [LOG] [Fast Refresh] rebuilding @ http://localhost:3000/_next/static/chunks/node_modules_next_dist_f3530cac._.js:2297
[22498844ms] [LOG] [Fast Refresh] done in 416ms @ http://localhost:3000/_next/static/chunks/node_modules_next_dist_f3530cac._.js:2297
[22505744ms] [LOG] [Fast Refresh] rebuilding @ http://localhost:3000/_next/static/chunks/node_modules_next_dist_f3530cac._.js:2297
[22505853ms] [LOG] [Fast Refresh] done in 214ms @ http://localhost:3000/_next/static/chunks/node_modules_next_dist_f3530cac._.js:2297
[22515192ms] [LOG] [Fast Refresh] rebuilding @ http://localhost:3000/_next/static/chunks/node_modules_next_dist_f3530cac._.js:2297
[22515300ms] [LOG] [Fast Refresh] done in 214ms @ http://localhost:3000/_next/static/chunks/node_modules_next_dist_f3530cac._.js:2297
[22526672ms] [LOG] [Fast Refresh] rebuilding @ http://localhost:3000/_next/static/chunks/node_modules_next_dist_f3530cac._.js:2297
[22526796ms] [LOG] [Fast Refresh] done in 228ms @ http://localhost:3000/_next/static/chunks/node_modules_next_dist_f3530cac._.js:2297
[22534771ms] [LOG] [Fast Refresh] rebuilding @ http://localhost:3000/_next/static/chunks/node_modules_next_dist_f3530cac._.js:2297
[22534879ms] [LOG] [Fast Refresh] done in 213ms @ http://localhost:3000/_next/static/chunks/node_modules_next_dist_f3530cac._.js:2297
[22543379ms] [LOG] [Fast Refresh] rebuilding @ http://localhost:3000/_next/static/chunks/node_modules_next_dist_f3530cac._.js:2297
[22543504ms] [LOG] [Fast Refresh] done in 232ms @ http://localhost:3000/_next/static/chunks/node_modules_next_dist_f3530cac._.js:2297
[22555386ms] [LOG] [Fast Refresh] rebuilding @ http://localhost:3000/_next/static/chunks/node_modules_next_dist_f3530cac._.js:2297
[22555495ms] [LOG] [Fast Refresh] done in 216ms @ http://localhost:3000/_next/static/chunks/node_modules_next_dist_f3530cac._.js:2297
[22563678ms] [LOG] [Fast Refresh] rebuilding @ http://localhost:3000/_next/static/chunks/node_modules_next_dist_f3530cac._.js:2297
[22563786ms] [LOG] [Fast Refresh] done in 212ms @ http://localhost:3000/_next/static/chunks/node_modules_next_dist_f3530cac._.js:2297
[22571456ms] [LOG] [Fast Refresh] rebuilding @ http://localhost:3000/_next/static/chunks/node_modules_next_dist_f3530cac._.js:2297
[22571565ms] [LOG] [Fast Refresh] done in 214ms @ http://localhost:3000/_next/static/chunks/node_modules_next_dist_f3530cac._.js:2297
[22581805ms] [LOG] [Fast Refresh] rebuilding @ http://localhost:3000/_next/static/chunks/node_modules_next_dist_f3530cac._.js:2297
[22581930ms] [LOG] [Fast Refresh] done in 230ms @ http://localhost:3000/_next/static/chunks/node_modules_next_dist_f3530cac._.js:2297
[22592519ms] [LOG] [Fast Refresh] rebuilding @ http://localhost:3000/_next/static/chunks/node_modules_next_dist_f3530cac._.js:2297
[22592644ms] [LOG] [Fast Refresh] done in 230ms @ http://localhost:3000/_next/static/chunks/node_modules_next_dist_f3530cac._.js:2297
[22609850ms] [LOG] [Fast Refresh] rebuilding @ http://localhost:3000/_next/static/chunks/node_modules_next_dist_f3530cac._.js:2297
[22611028ms] [LOG] [Fast Refresh] done in 1280ms @ http://localhost:3000/_next/static/chunks/node_modules_next_dist_f3530cac._.js:2297
[23729918ms] [ERROR] WebSocket connection to 'ws://localhost:3000/_next/webpack-hmr?id=AgeGOudEZ_AoLzVQqYiup' failed: Error in connection establishment: net::ERR_CONNECTION_REFUSED @ http://localhost:3000/_next/static/chunks/node_modules_next_dist_client_17643121._.js:10878
[23732757ms] [LOG] [HMR] connected @ http://localhost:3000/_next/static/chunks/node_modules_next_dist_f3530cac._.js:2297
[23736992ms] [INFO] %cDownload the React DevTools for a better development experience: https://react.dev/link/react-devtools font-weight:bold @ http://localhost:3000/_next/static/chunks/node_modules_next_dist_f3530cac._.js:2297
[23737038ms] [LOG] [HMR] connected @ http://localhost:3000/_next/static/chunks/node_modules_next_dist_f3530cac._.js:2297
[23737167ms] [LOG] [Fast Refresh] rebuilding @ http://localhost:3000/_next/static/chunks/node_modules_next_dist_f3530cac._.js:2297
[23737307ms] [LOG] [Fast Refresh] done in 248ms @ http://localhost:3000/_next/static/chunks/node_modules_next_dist_f3530cac._.js:2297
[23740152ms] [LOG] [Fast Refresh] rebuilding @ http://localhost:3000/_next/static/chunks/node_modules_next_dist_f3530cac._.js:2297
[23740276ms] [LOG] [Fast Refresh] done in 228ms @ http://localhost:3000/_next/static/chunks/node_modules_next_dist_f3530cac._.js:2297
[23747076ms] [LOG] [Fast Refresh] rebuilding @ http://localhost:3000/_next/static/chunks/node_modules_next_dist_f3530cac._.js:2297
[23747199ms] [LOG] [Fast Refresh] done in 230ms @ http://localhost:3000/_next/static/chunks/node_modules_next_dist_f3530cac._.js:2297
[23773737ms] [LOG] [Fast Refresh] rebuilding @ http://localhost:3000/_next/static/chunks/node_modules_next_dist_f3530cac._.js:2297
[23773737ms] [LOG] [Fast Refresh] done in 106ms @ http://localhost:3000/_next/static/chunks/node_modules_next_dist_f3530cac._.js:2297
[23775047ms] [LOG] [Fast Refresh] rebuilding @ http://localhost:3000/_next/static/chunks/node_modules_next_dist_f3530cac._.js:2297
[23775110ms] [LOG] [Fast Refresh] done in 163ms @ http://localhost:3000/_next/static/chunks/node_modules_next_dist_f3530cac._.js:2297
[23780656ms] [LOG] [Fast Refresh] rebuilding @ http://localhost:3000/_next/static/chunks/node_modules_next_dist_f3530cac._.js:2297
[23780704ms] [LOG] [Fast Refresh] done in 152ms @ http://localhost:3000/_next/static/chunks/node_modules_next_dist_f3530cac._.js:2297
[23796771ms] [LOG] [Fast Refresh] rebuilding @ http://localhost:3000/_next/static/chunks/node_modules_next_dist_f3530cac._.js:2297
[23796882ms] [LOG] [Fast Refresh] done in 225ms @ http://localhost:3000/_next/static/chunks/node_modules_next_dist_f3530cac._.js:2297
